# https://github.com/mikedh/trimesh
v 0.02097027 0.00786819 0.00000000
v 0.02061690 0.00869161 0.00000000
v 0.02061690 -0.00869161 0.00000000
v 0.02097027 -0.00786819 0.00000000
v 0.02128820 -0.00703045 0.00000000
v 0.02157010 -0.00617990 0.00000000
v 0.02181545 -0.00531811 0.00000000
v 0.02202383 -0.00444663 0.00000000
v 0.02219483 -0.00356706 0.00000000
v 0.02232816 -0.00268099 0.00000000
v 0.02242357 -0.00179004 0.00000000
v 0.02248088 -0.00089584 0.00000000
v 0.02250000 0.00000000 0.00000000
v 0.02248088 0.00089584 0.00000000
v 0.02242357 0.00179004 0.00000000
v 0.02232816 0.00268099 0.00000000
v 0.02219483 0.00356706 0.00000000
v 0.02202383 0.00444663 0.00000000
v 0.02181545 0.00531811 0.00000000
v 0.02157010 0.00617990 0.00000000
v 0.02128820 0.00703045 0.00000000
v 0.01886274 0.01181250 0.00000000
v 0.01935085 0.01106107 0.00000000
v 0.01980645 0.01028950 0.00000000
v 0.02022872 0.00949920 0.00000000
v 0.02022872 -0.00949920 0.00000000
v 0.01980645 -0.01028950 0.00000000
v 0.01935085 -0.01106107 0.00000000
v 0.01886274 -0.01181250 0.00000000
v -0.02061690 0.00869161 -0.00000000
v -0.02097027 0.00786819 -0.00000000
v -0.02128820 0.00703045 -0.00000000
v -0.02157010 0.00617990 -0.00000000
v -0.02181545 0.00531811 -0.00000000
v -0.02202383 0.00444663 -0.00000000
v -0.02219483 0.00356706 -0.00000000
v -0.02232816 0.00268099 -0.00000000
v -0.02242357 0.00179004 -0.00000000
v -0.02248088 0.00089584 -0.00000000
v -0.02250000 0.00000000 -0.00000000
v -0.02248088 -0.00089584 -0.00000000
v -0.02242357 -0.00179004 -0.00000000
v -0.02232816 -0.00268099 -0.00000000
v -0.02219483 -0.00356706 -0.00000000
v -0.02202383 -0.00444663 -0.00000000
v -0.02181545 -0.00531811 -0.00000000
v -0.02157010 -0.00617990 -0.00000000
v -0.02128820 -0.00703045 -0.00000000
v -0.02097027 -0.00786819 -0.00000000
v -0.02061690 -0.00869161 -0.00000000
v -0.01886274 -0.01181250 0.00000000
v -0.01935085 -0.01106107 -0.00000000
v -0.01980645 -0.01028950 -0.00000000
v -0.02022872 -0.00949920 -0.00000000
v -0.02022872 0.00949920 -0.00000000
v -0.01980645 0.01028950 -0.00000000
v -0.01935085 0.01106107 -0.00000000
v -0.01886274 0.01181250 0.00000000
v 0.01472876 0.01400000 0.00000000
v -0.01472876 0.01400000 0.00000000
v -0.01472876 -0.01400000 0.00000000
v 0.01472876 -0.01400000 0.00000000
v 0.01874005 0.01198488 0.00000000
v 0.01861017 0.01215192 0.00000000
v 0.01847334 0.01231332 0.00000000
v 0.01832980 0.01246878 0.00000000
v 0.01817982 0.01261803 0.00000000
v 0.01802366 0.01276080 0.00000000
v 0.01786159 0.01289684 0.00000000
v 0.01769392 0.01302589 0.00000000
v 0.01752093 0.01314774 0.00000000
v 0.01734295 0.01326216 0.00000000
v 0.01716028 0.01336895 0.00000000
v 0.01697326 0.01346791 0.00000000
v 0.01678222 0.01355887 0.00000000
v 0.01658750 0.01364167 0.00000000
v 0.01638945 0.01371615 0.00000000
v 0.01618843 0.01378219 0.00000000
v 0.01598480 0.01383967 0.00000000
v 0.01577891 0.01388847 0.00000000
v 0.01557115 0.01392853 0.00000000
v 0.01536187 0.01395975 0.00000000
v 0.01515146 0.01398210 0.00000000
v 0.01494030 0.01399552 0.00000000
v 0.01494030 -0.01399552 0.00000000
v 0.01515146 -0.01398210 0.00000000
v 0.01536187 -0.01395975 0.00000000
v 0.01557115 -0.01392853 0.00000000
v 0.01577891 -0.01388847 0.00000000
v 0.01598480 -0.01383967 0.00000000
v 0.01618843 -0.01378219 0.00000000
v 0.01638945 -0.01371615 0.00000000
v 0.01658750 -0.01364167 0.00000000
v 0.01678222 -0.01355887 0.00000000
v 0.01697326 -0.01346791 0.00000000
v 0.01716028 -0.01336895 0.00000000
v 0.01734295 -0.01326216 0.00000000
v 0.01752093 -0.01314774 0.00000000
v 0.01769392 -0.01302589 0.00000000
v 0.01786159 -0.01289684 0.00000000
v 0.01802366 -0.01276080 0.00000000
v 0.01817982 -0.01261803 0.00000000
v 0.01832980 -0.01246878 0.00000000
v 0.01847334 -0.01231332 0.00000000
v 0.01861017 -0.01215192 0.00000000
v 0.01874005 -0.01198488 0.00000000
v -0.01494030 -0.01399552 -0.00000000
v -0.01515146 -0.01398210 -0.00000000
v -0.01536187 -0.01395975 -0.00000000
v -0.01557115 -0.01392853 -0.00000000
v -0.01577891 -0.01388847 -0.00000000
v -0.01577891 0.01388847 -0.00000000
v -0.01557115 0.01392853 -0.00000000
v -0.01874005 -0.01198488 -0.00000000
v -0.01536187 0.01395975 -0.00000000
v -0.01515146 0.01398210 -0.00000000
v -0.01598480 -0.01383967 -0.00000000
v -0.01618843 -0.01378219 -0.00000000
v -0.01638945 -0.01371615 -0.00000000
v -0.01658750 -0.01364167 -0.00000000
v -0.01678222 -0.01355887 -0.00000000
v -0.01697326 -0.01346791 -0.00000000
v -0.01716028 -0.01336895 -0.00000000
v -0.01734295 -0.01326216 -0.00000000
v -0.01752093 -0.01314774 -0.00000000
v -0.01716028 0.01336895 -0.00000000
v -0.01697326 0.01346791 -0.00000000
v -0.01638945 0.01371615 -0.00000000
v -0.01618843 0.01378219 -0.00000000
v -0.01598480 0.01383967 -0.00000000
v -0.01769392 -0.01302589 -0.00000000
v -0.01786159 -0.01289684 -0.00000000
v -0.01802366 -0.01276080 -0.00000000
v -0.01861017 0.01215192 -0.00000000
v -0.01847334 0.01231332 -0.00000000
v -0.01832980 0.01246878 -0.00000000
v -0.01817982 0.01261803 -0.00000000
v -0.01802366 0.01276080 -0.00000000
v -0.01786159 0.01289684 -0.00000000
v -0.01769392 0.01302589 -0.00000000
v -0.01752093 0.01314774 -0.00000000
v -0.01734295 0.01326216 -0.00000000
v -0.01678222 0.01355887 -0.00000000
v -0.01658750 0.01364167 -0.00000000
v -0.01817982 -0.01261803 -0.00000000
v -0.01832980 -0.01246878 -0.00000000
v -0.01847334 -0.01231332 -0.00000000
v -0.01494030 0.01399552 -0.00000000
v -0.01861017 -0.01215192 -0.00000000
v -0.01874005 0.01198488 -0.00000000
v -0.00339026 0.03875089 0.02278265
v -0.00169675 0.03886189 0.02278265
v -0.00000000 0.03889891 0.02278265
v 0.00169675 0.03886189 0.02278265
v 0.00339026 0.03875089 0.02278265
v 0.00339026 -0.03875089 0.02278265
v 0.00169675 -0.03886189 0.02278265
v 0.00000000 -0.03889891 0.02278265
v -0.00169675 -0.03886189 0.02278265
v -0.00339026 -0.03875089 0.02278265
v -0.00843971 0.03806907 0.02287256
v -0.00677113 0.03840097 0.02287256
v -0.00508966 0.03865977 0.02287256
v -0.00339850 0.03884498 0.02287256
v -0.00170087 0.03895625 0.02287256
v -0.00000000 0.03899336 0.02287256
v 0.00170087 0.03895625 0.02287256
v 0.00339850 0.03884498 0.02287256
v 0.00508966 0.03865977 0.02287256
v 0.00677113 0.03840097 0.02287256
v 0.00843971 0.03806907 0.02287256
v 0.00843971 -0.03806907 0.02287256
v 0.00677113 -0.03840097 0.02287256
v 0.00508966 -0.03865977 0.02287256
v 0.00339850 -0.03884498 0.02287256
v 0.00170087 -0.03895625 0.02287256
v 0.00000000 -0.03899336 0.02287256
v -0.00170087 -0.03895625 0.02287256
v -0.00339850 -0.03884498 0.02287256
v -0.00508966 -0.03865977 0.02287256
v -0.00677113 -0.03840097 0.02287256
v -0.00843971 -0.03806907 0.02287256
v -0.01495673 0.03610874 0.02296650
v -0.01336745 0.03672678 0.02296650
v -0.01175273 0.03727490 0.02296650
v -0.01011564 0.03775207 0.02296650
v -0.00845929 0.03815738 0.02296650
v -0.00678683 0.03849005 0.02296650
v -0.00510146 0.03874945 0.02296650
v -0.00340638 0.03893510 0.02296650
v -0.00170481 0.03904662 0.02296650
v -0.00000000 0.03908382 0.02296650
v 0.00170481 0.03904662 0.02296650
v 0.00340638 0.03893510 0.02296650
v 0.00510146 0.03874945 0.02296650
v 0.00678683 0.03849005 0.02296650
v 0.00845929 0.03815738 0.02296650
v 0.01011564 0.03775207 0.02296650
v 0.01175273 0.03727490 0.02296650
v 0.01336745 0.03672678 0.02296650
v 0.01495673 0.03610874 0.02296650
v 0.01495673 -0.03610874 0.02296650
v 0.01336745 -0.03672678 0.02296650
v 0.01175273 -0.03727490 0.02296650
v 0.01011564 -0.03775207 0.02296650
v 0.00845929 -0.03815738 0.02296650
v 0.00678683 -0.03849005 0.02296650
v 0.00510146 -0.03874945 0.02296650
v 0.00340638 -0.03893510 0.02296650
v 0.00170481 -0.03904662 0.02296650
v 0.00000000 -0.03908382 0.02296650
v -0.00170481 -0.03904662 0.02296650
v -0.00340638 -0.03893510 0.02296650
v -0.00510146 -0.03874945 0.02296650
v -0.00678683 -0.03849005 0.02296650
v -0.00845929 -0.03815738 0.02296650
v -0.01011564 -0.03775207 0.02296650
v -0.01175273 -0.03727490 0.02296650
v -0.01336745 -0.03672678 0.02296650
v -0.01495673 -0.03610874 0.02296650
v -0.02104609 0.03303574 0.02306427
v -0.01958506 0.03392231 0.02306427
v -0.01808674 0.03474431 0.02306427
v -0.01655401 0.03550018 0.02306427
v -0.01498975 0.03618846 0.02306427
v -0.01339697 0.03680786 0.02306427
v -0.01177868 0.03735720 0.02306427
v -0.01013797 0.03783542 0.02306427
v -0.00847796 0.03824162 0.02306427
v -0.00680182 0.03857503 0.02306427
v -0.00511273 0.03883501 0.02306427
v -0.00341390 0.03902106 0.02306427
v -0.00170858 0.03913283 0.02306427
v -0.00000000 0.03917011 0.02306427
v 0.00170858 0.03913283 0.02306427
v 0.00341390 0.03902106 0.02306427
v 0.00511273 0.03883501 0.02306427
v 0.00680182 0.03857503 0.02306427
v 0.00847796 0.03824162 0.02306427
v 0.01013797 0.03783542 0.02306427
v 0.01177868 0.03735720 0.02306427
v 0.01339697 0.03680786 0.02306427
v 0.01498975 0.03618846 0.02306427
v 0.01655401 0.03550018 0.02306427
v 0.01808674 0.03474431 0.02306427
v 0.01958506 0.03392231 0.02306427
v 0.02104609 0.03303574 0.02306427
v 0.02104609 -0.03303574 0.02306427
v 0.01958506 -0.03392231 0.02306427
v 0.01808674 -0.03474431 0.02306427
v 0.01655401 -0.03550018 0.02306427
v 0.01498975 -0.03618846 0.02306427
v 0.01339697 -0.03680786 0.02306427
v 0.01177868 -0.03735720 0.02306427
v 0.01013797 -0.03783542 0.02306427
v 0.00847796 -0.03824162 0.02306427
v 0.00680182 -0.03857503 0.02306427
v 0.00511273 -0.03883501 0.02306427
v 0.00341390 -0.03902106 0.02306427
v 0.00170858 -0.03913283 0.02306427
v 0.00000000 -0.03917011 0.02306427
v -0.00170858 -0.03913283 0.02306427
v -0.00341390 -0.03902106 0.02306427
v -0.00511273 -0.03883501 0.02306427
v -0.00680182 -0.03857503 0.02306427
v -0.00847796 -0.03824162 0.02306427
v -0.01013797 -0.03783542 0.02306427
v -0.01177868 -0.03735720 0.02306427
v -0.01339697 -0.03680786 0.02306427
v -0.01498975 -0.03618846 0.02306427
v -0.01655401 -0.03550018 0.02306427
v -0.01808674 -0.03474431 0.02306427
v -0.01958506 -0.03392231 0.02306427
v -0.02104609 -0.03303574 0.02306427
v -0.03114076 0.02389515 0.02316571
v -0.03006883 0.02523074 0.02316571
v -0.02893966 0.02651832 0.02316571
v -0.02775541 0.02775541 0.02316571
v -0.02651832 0.02893966 0.02316571
v -0.02523074 0.03006883 0.02316571
v -0.02389515 0.03114076 0.02316571
v -0.02251406 0.03215342 0.02316571
v -0.02109012 0.03310486 0.02316571
v -0.01962604 0.03399329 0.02316571
v -0.01812459 0.03481701 0.02316571
v -0.01658864 0.03557446 0.02316571
v -0.01502112 0.03626418 0.02316571
v -0.01342500 0.03688488 0.02316571
v -0.01180333 0.03743537 0.02316571
v -0.01015918 0.03791459 0.02316571
v -0.00849570 0.03832164 0.02316571
v -0.00681605 0.03865574 0.02316571
v -0.00512342 0.03891626 0.02316571
v -0.00342104 0.03910271 0.02316571
v -0.00171215 0.03921471 0.02316571
v -0.00000000 0.03925207 0.02316571
v 0.00171215 0.03921471 0.02316571
v 0.00342104 0.03910271 0.02316571
v 0.00512342 0.03891626 0.02316571
v 0.00681605 0.03865574 0.02316571
v 0.00849570 0.03832164 0.02316571
v 0.01015918 0.03791459 0.02316571
v 0.01180333 0.03743537 0.02316571
v 0.01342500 0.03688488 0.02316571
v 0.01502112 0.03626418 0.02316571
v 0.01658864 0.03557446 0.02316571
v 0.01812459 0.03481701 0.02316571
v 0.01962604 0.03399329 0.02316571
v 0.02109012 0.03310486 0.02316571
v 0.02251406 0.03215342 0.02316571
v 0.02389515 0.03114076 0.02316571
v 0.02523074 0.03006883 0.02316571
v 0.02651832 0.02893966 0.02316571
v 0.02775541 0.02775541 0.02316571
v 0.02893966 0.02651832 0.02316571
v 0.03006883 0.02523074 0.02316571
v 0.03114076 0.02389515 0.02316571
v 0.03114076 -0.02389515 0.02316571
v 0.03006883 -0.02523074 0.02316571
v 0.02893966 -0.02651832 0.02316571
v 0.02775541 -0.02775541 0.02316571
v 0.02651832 -0.02893966 0.02316571
v 0.02523074 -0.03006883 0.02316571
v 0.02389515 -0.03114076 0.02316571
v 0.02251406 -0.03215342 0.02316571
v 0.02109012 -0.03310486 0.02316571
v 0.01962604 -0.03399329 0.02316571
v 0.01812459 -0.03481701 0.02316571
v 0.01658864 -0.03557446 0.02316571
v 0.01502112 -0.03626418 0.02316571
v 0.01342500 -0.03688488 0.02316571
v 0.01180333 -0.03743537 0.02316571
v 0.01015918 -0.03791459 0.02316571
v 0.00849570 -0.03832164 0.02316571
v 0.00681605 -0.03865574 0.02316571
v 0.00512342 -0.03891626 0.02316571
v 0.00342104 -0.03910271 0.02316571
v 0.00171215 -0.03921471 0.02316571
v 0.00000000 -0.03925207 0.02316571
v -0.00171215 -0.03921471 0.02316571
v -0.00342104 -0.03910271 0.02316571
v -0.00512342 -0.03891626 0.02316571
v -0.00681605 -0.03865574 0.02316571
v -0.00849570 -0.03832164 0.02316571
v -0.01015918 -0.03791459 0.02316571
v -0.01180333 -0.03743537 0.02316571
v -0.01342500 -0.03688488 0.02316571
v -0.01502112 -0.03626418 0.02316571
v -0.01658864 -0.03557446 0.02316571
v -0.01812459 -0.03481701 0.02316571
v -0.01962604 -0.03399329 0.02316571
v -0.02109012 -0.03310486 0.02316571
v -0.02251406 -0.03215342 0.02316571
v -0.02389515 -0.03114076 0.02316571
v -0.02523074 -0.03006883 0.02316571
v -0.02651832 -0.02893966 0.02316571
v -0.02775541 -0.02775541 0.02316571
v -0.02893966 -0.02651832 0.02316571
v -0.03006883 -0.02523074 0.02316571
v -0.03114076 -0.02389515 0.02316571
v -0.03929211 0.00171553 0.02327061
v -0.03917988 0.00342780 0.02327061
v -0.03899308 0.00513354 0.02327061
v -0.03873204 0.00682950 0.02327061
v -0.03839728 0.00851247 0.02327061
v -0.03798942 0.01017924 0.02327061
v -0.03750926 0.01182662 0.02327061
v -0.03695768 0.01345150 0.02327061
v -0.03633576 0.01505077 0.02327061
v -0.03564467 0.01662138 0.02327061
v -0.03488573 0.01816036 0.02327061
v -0.03406039 0.01966477 0.02327061
v -0.03317020 0.02113175 0.02327061
v -0.03221688 0.02255850 0.02327061
v -0.03120223 0.02394231 0.02327061
v -0.03012818 0.02528054 0.02327061
v -0.02899678 0.02657066 0.02327061
v -0.02781019 0.02781019 0.02327061
v -0.02657066 0.02899678 0.02327061
v -0.02528054 0.03012818 0.02327061
v -0.02394231 0.03120223 0.02327061
v -0.02255850 0.03221688 0.02327061
v -0.02113175 0.03317020 0.02327061
v -0.01966477 0.03406039 0.02327061
v -0.01816036 0.03488573 0.02327061
v -0.01662138 0.03564467 0.02327061
v -0.01505077 0.03633576 0.02327061
v -0.01345150 0.03695768 0.02327061
v -0.01182662 0.03750926 0.02327061
v -0.01017924 0.03798942 0.02327061
v -0.00851247 0.03839728 0.02327061
v -0.00682950 0.03873204 0.02327061
v -0.00513354 0.03899308 0.02327061
v -0.00342780 0.03917988 0.02327061
v -0.00171553 0.03929211 0.02327061
v -0.00000000 0.03932954 0.02327061
v 0.00171553 0.03929211 0.02327061
v 0.00342780 0.03917988 0.02327061
v 0.00513354 0.03899308 0.02327061
v 0.00682950 0.03873204 0.02327061
v 0.00851247 0.03839728 0.02327061
v 0.01017924 0.03798942 0.02327061
v 0.01182662 0.03750926 0.02327061
v 0.01345150 0.03695768 0.02327061
v 0.01505077 0.03633576 0.02327061
v 0.01662138 0.03564467 0.02327061
v 0.01816036 0.03488573 0.02327061
v 0.01966477 0.03406039 0.02327061
v 0.02113175 0.03317020 0.02327061
v 0.02255850 0.03221688 0.02327061
v 0.02394231 0.03120223 0.02327061
v 0.02528054 0.03012818 0.02327061
v 0.02657066 0.02899678 0.02327061
v 0.02781019 0.02781019 0.02327061
v 0.02899678 0.02657066 0.02327061
v 0.03012818 0.02528054 0.02327061
v 0.03120223 0.02394231 0.02327061
v 0.03221688 0.02255850 0.02327061
v 0.03317020 0.02113175 0.02327061
v 0.03406039 0.01966477 0.02327061
v 0.03488573 0.01816036 0.02327061
v 0.03564467 0.01662138 0.02327061
v 0.03633576 0.01505077 0.02327061
v 0.03695768 0.01345150 0.02327061
v 0.03750926 0.01182662 0.02327061
v 0.03798942 0.01017924 0.02327061
v 0.03839728 0.00851247 0.02327061
v 0.03873204 0.00682950 0.02327061
v 0.03899308 0.00513354 0.02327061
v 0.03917988 0.00342780 0.02327061
v 0.03929211 0.00171553 0.02327061
v 0.03932954 0.00000000 0.02327061
v 0.03929211 -0.00171553 0.02327061
v 0.03917988 -0.00342780 0.02327061
v 0.03899308 -0.00513354 0.02327061
v 0.03873204 -0.00682950 0.02327061
v 0.03839728 -0.00851247 0.02327061
v 0.03798942 -0.01017924 0.02327061
v 0.03750926 -0.01182662 0.02327061
v 0.03695768 -0.01345150 0.02327061
v 0.03633576 -0.01505077 0.02327061
v 0.03564467 -0.01662138 0.02327061
v 0.03488573 -0.01816036 0.02327061
v 0.03406039 -0.01966477 0.02327061
v 0.03317020 -0.02113175 0.02327061
v 0.03221688 -0.02255850 0.02327061
v 0.03120223 -0.02394231 0.02327061
v 0.03012818 -0.02528054 0.02327061
v 0.02899678 -0.02657066 0.02327061
v 0.02781019 -0.02781019 0.02327061
v 0.02657066 -0.02899678 0.02327061
v 0.02528054 -0.03012818 0.02327061
v 0.02394231 -0.03120223 0.02327061
v 0.02255850 -0.03221688 0.02327061
v 0.02113175 -0.03317020 0.02327061
v 0.01966477 -0.03406039 0.02327061
v 0.01816036 -0.03488573 0.02327061
v 0.01662138 -0.03564467 0.02327061
v 0.01505077 -0.03633576 0.02327061
v 0.01345150 -0.03695768 0.02327061
v 0.01182662 -0.03750926 0.02327061
v 0.01017924 -0.03798942 0.02327061
v 0.00851247 -0.03839728 0.02327061
v 0.00682950 -0.03873204 0.02327061
v 0.00513354 -0.03899308 0.02327061
v 0.00342780 -0.03917988 0.02327061
v 0.00171553 -0.03929211 0.02327061
v 0.00000000 -0.03932954 0.02327061
v -0.00171553 -0.03929211 0.02327061
v -0.00342780 -0.03917988 0.02327061
v -0.00513354 -0.03899308 0.02327061
v -0.00682950 -0.03873204 0.02327061
v -0.00851247 -0.03839728 0.02327061
v -0.01017924 -0.03798942 0.02327061
v -0.01182662 -0.03750926 0.02327061
v -0.01345150 -0.03695768 0.02327061
v -0.01505077 -0.03633576 0.02327061
v -0.01662138 -0.03564467 0.02327061
v -0.01816036 -0.03488573 0.02327061
v -0.01966477 -0.03406039 0.02327061
v -0.02113175 -0.03317020 0.02327061
v -0.02255850 -0.03221688 0.02327061
v -0.02394231 -0.03120223 0.02327061
v -0.02528054 -0.03012818 0.02327061
v -0.02657066 -0.02899678 0.02327061
v -0.02781019 -0.02781019 0.02327061
v -0.02899678 -0.02657066 0.02327061
v -0.03012818 -0.02528054 0.02327061
v -0.03120223 -0.02394231 0.02327061
v -0.03221688 -0.02255850 0.02327061
v -0.03317020 -0.02113175 0.02327061
v -0.03406039 -0.01966477 0.02327061
v -0.03488573 -0.01816036 0.02327061
v -0.03564467 -0.01662138 0.02327061
v -0.03633576 -0.01505077 0.02327061
v -0.03695768 -0.01345150 0.02327061
v -0.03750926 -0.01182662 0.02327061
v -0.03798942 -0.01017924 0.02327061
v -0.03839728 -0.00851247 0.02327061
v -0.03873204 -0.00682950 0.02327061
v -0.03899308 -0.00513354 0.02327061
v -0.03917988 -0.00342780 0.02327061
v -0.03929211 -0.00171553 0.02327061
v -0.03932954 0.00000000 0.02327061
v -0.03936489 0.00171871 0.02337878
v -0.03925245 0.00343414 0.02337878
v -0.03906529 0.00514304 0.02337878
v -0.03880377 0.00684215 0.02337878
v -0.03846839 0.00852824 0.02337878
v -0.03805978 0.01019809 0.02337878
v -0.03757872 0.01184853 0.02337878
v -0.03702613 0.01347641 0.02337878
v -0.03640306 0.01507864 0.02337878
v -0.03571069 0.01665217 0.02337878
v -0.03495035 0.01819400 0.02337878
v -0.03412347 0.01970119 0.02337878
v -0.03323163 0.02117089 0.02337878
v -0.03227654 0.02260028 0.02337878
v -0.03126002 0.02398665 0.02337878
v -0.03018398 0.02532737 0.02337878
v -0.02905049 0.02661987 0.02337878
v -0.02786170 0.02786170 0.02337878
v -0.02661987 0.02905049 0.02337878
v -0.02532737 0.03018398 0.02337878
v -0.02398665 0.03126002 0.02337878
v -0.02260028 0.03227654 0.02337878
v -0.02117089 0.03323163 0.02337878
v -0.01970119 0.03412347 0.02337878
v -0.01819400 0.03495035 0.02337878
v -0.01665217 0.03571069 0.02337878
v -0.01507864 0.03640306 0.02337878
v -0.01347641 0.03702613 0.02337878
v -0.01184853 0.03757872 0.02337878
v -0.01019809 0.03805978 0.02337878
v -0.00852824 0.03846839 0.02337878
v -0.00684215 0.03880377 0.02337878
v -0.00514304 0.03906529 0.02337878
v -0.00343414 0.03925245 0.02337878
v -0.00171871 0.03936489 0.02337878
v -0.00000000 0.03940239 0.02337878
v 0.00171871 0.03936489 0.02337878
v 0.00343414 0.03925245 0.02337878
v 0.00514304 0.03906529 0.02337878
v 0.00684215 0.03880377 0.02337878
v 0.00852824 0.03846839 0.02337878
v 0.01019809 0.03805978 0.02337878
v 0.01184853 0.03757872 0.02337878
v 0.01347641 0.03702613 0.02337878
v 0.01507864 0.03640306 0.02337878
v 0.01665217 0.03571069 0.02337878
v 0.01819400 0.03495035 0.02337878
v 0.01970119 0.03412347 0.02337878
v 0.02117089 0.03323163 0.02337878
v 0.02260028 0.03227654 0.02337878
v 0.02398665 0.03126002 0.02337878
v 0.02532737 0.03018398 0.02337878
v 0.02661987 0.02905049 0.02337878
v 0.02786170 0.02786170 0.02337878
v 0.02905049 0.02661987 0.02337878
v 0.03018398 0.02532737 0.02337878
v 0.03126002 0.02398665 0.02337878
v 0.03227654 0.02260028 0.02337878
v 0.03323163 0.02117089 0.02337878
v 0.03412347 0.01970119 0.02337878
v 0.03495035 0.01819400 0.02337878
v 0.03571069 0.01665217 0.02337878
v 0.03640306 0.01507864 0.02337878
v 0.03702613 0.01347641 0.02337878
v 0.03757872 0.01184853 0.02337878
v 0.03805978 0.01019809 0.02337878
v 0.03846839 0.00852824 0.02337878
v 0.03880377 0.00684215 0.02337878
v 0.03906529 0.00514304 0.02337878
v 0.03925245 0.00343414 0.02337878
v 0.03936489 0.00171871 0.02337878
v 0.03940239 0.00000000 0.02337878
v 0.03936489 -0.00171871 0.02337878
v 0.03925245 -0.00343414 0.02337878
v 0.03906529 -0.00514304 0.02337878
v 0.03880377 -0.00684215 0.02337878
v 0.03846839 -0.00852824 0.02337878
v 0.03805978 -0.01019809 0.02337878
v 0.03757872 -0.01184853 0.02337878
v 0.03702613 -0.01347641 0.02337878
v 0.03640306 -0.01507864 0.02337878
v 0.03571069 -0.01665217 0.02337878
v 0.03495035 -0.01819400 0.02337878
v 0.03412347 -0.01970119 0.02337878
v 0.03323163 -0.02117089 0.02337878
v 0.03227654 -0.02260028 0.02337878
v 0.03126002 -0.02398665 0.02337878
v 0.03018398 -0.02532737 0.02337878
v 0.02905049 -0.02661987 0.02337878
v 0.02786170 -0.02786170 0.02337878
v 0.02661987 -0.02905049 0.02337878
v 0.02532737 -0.03018398 0.02337878
v 0.02398665 -0.03126002 0.02337878
v 0.02260028 -0.03227654 0.02337878
v 0.02117089 -0.03323163 0.02337878
v 0.01970119 -0.03412347 0.02337878
v 0.01819400 -0.03495035 0.02337878
v 0.01665217 -0.03571069 0.02337878
v 0.01507864 -0.03640306 0.02337878
v 0.01347641 -0.03702613 0.02337878
v 0.01184853 -0.03757872 0.02337878
v 0.01019809 -0.03805978 0.02337878
v 0.00852824 -0.03846839 0.02337878
v 0.00684215 -0.03880377 0.02337878
v 0.00514304 -0.03906529 0.02337878
v 0.00343414 -0.03925245 0.02337878
v 0.00171871 -0.03936489 0.02337878
v 0.00000000 -0.03940239 0.02337878
v -0.00171871 -0.03936489 0.02337878
v -0.00343414 -0.03925245 0.02337878
v -0.00514304 -0.03906529 0.02337878
v -0.00684215 -0.03880377 0.02337878
v -0.00852824 -0.03846839 0.02337878
v -0.01019809 -0.03805978 0.02337878
v -0.01184853 -0.03757872 0.02337878
v -0.01347641 -0.03702613 0.02337878
v -0.01507864 -0.03640306 0.02337878
v -0.01665217 -0.03571069 0.02337878
v -0.01819400 -0.03495035 0.02337878
v -0.01970119 -0.03412347 0.02337878
v -0.02117089 -0.03323163 0.02337878
v -0.02260028 -0.03227654 0.02337878
v -0.02398665 -0.03126002 0.02337878
v -0.02532737 -0.03018398 0.02337878
v -0.02661987 -0.02905049 0.02337878
v -0.02786170 -0.02786170 0.02337878
v -0.02905049 -0.02661987 0.02337878
v -0.03018398 -0.02532737 0.02337878
v -0.03126002 -0.02398665 0.02337878
v -0.03227654 -0.02260028 0.02337878
v -0.03323163 -0.02117089 0.02337878
v -0.03412347 -0.01970119 0.02337878
v -0.03495035 -0.01819400 0.02337878
v -0.03571069 -0.01665217 0.02337878
v -0.03640306 -0.01507864 0.02337878
v -0.03702613 -0.01347641 0.02337878
v -0.03757872 -0.01184853 0.02337878
v -0.03805978 -0.01019809 0.02337878
v -0.03846839 -0.00852824 0.02337878
v -0.03880377 -0.00684215 0.02337878
v -0.03906529 -0.00514304 0.02337878
v -0.03925245 -0.00343414 0.02337878
v -0.03936489 -0.00171871 0.02337878
v -0.03940239 0.00000000 0.02337878
v -0.03943289 0.00172168 0.02349001
v -0.03932026 0.00344008 0.02349001
v -0.03913279 0.00515193 0.02349001
v -0.03887082 0.00685397 0.02349001
v -0.03853485 0.00854297 0.02349001
v -0.03812554 0.01021571 0.02349001
v -0.03764364 0.01186900 0.02349001
v -0.03709010 0.01349969 0.02349001
v -0.03646595 0.01510469 0.02349001
v -0.03577238 0.01668094 0.02349001
v -0.03501073 0.01822543 0.02349001
v -0.03418242 0.01973523 0.02349001
v -0.03328905 0.02120746 0.02349001
v -0.03233231 0.02263932 0.02349001
v -0.03131402 0.02402809 0.02349001
v -0.03023613 0.02537112 0.02349001
v -0.02910068 0.02666586 0.02349001
v -0.02790983 0.02790983 0.02349001
v -0.02666586 0.02910068 0.02349001
v -0.02537112 0.03023613 0.02349001
v -0.02402809 0.03131402 0.02349001
v -0.02263932 0.03233231 0.02349001
v -0.02120746 0.03328905 0.02349001
v -0.01973523 0.03418242 0.02349001
v -0.01822543 0.03501073 0.02349001
v -0.01668094 0.03577238 0.02349001
v -0.01510469 0.03646595 0.02349001
v -0.01349969 0.03709010 0.02349001
v -0.01186900 0.03764364 0.02349001
v -0.01021571 0.03812554 0.02349001
v -0.00854297 0.03853485 0.02349001
v -0.00685397 0.03887082 0.02349001
v -0.00515193 0.03913279 0.02349001
v -0.00344008 0.03932026 0.02349001
v -0.00172168 0.03943289 0.02349001
v -0.00000000 0.03947046 0.02349001
v 0.00172168 0.03943289 0.02349001
v 0.00344008 0.03932026 0.02349001
v 0.00515193 0.03913279 0.02349001
v 0.00685397 0.03887082 0.02349001
v 0.00854297 0.03853485 0.02349001
v 0.01021571 0.03812554 0.02349001
v 0.01186900 0.03764364 0.02349001
v 0.01349969 0.03709010 0.02349001
v 0.01510469 0.03646595 0.02349001
v 0.01668094 0.03577238 0.02349001
v 0.01822543 0.03501073 0.02349001
v 0.01973523 0.03418242 0.02349001
v 0.02120746 0.03328905 0.02349001
v 0.02263932 0.03233231 0.02349001
v 0.02402809 0.03131402 0.02349001
v 0.02537112 0.03023613 0.02349001
v 0.02666586 0.02910068 0.02349001
v 0.02790983 0.02790983 0.02349001
v 0.02910068 0.02666586 0.02349001
v 0.03023613 0.02537112 0.02349001
v 0.03131402 0.02402809 0.02349001
v 0.03233231 0.02263932 0.02349001
v 0.03328905 0.02120746 0.02349001
v 0.03418242 0.01973523 0.02349001
v 0.03501073 0.01822543 0.02349001
v 0.03577238 0.01668094 0.02349001
v 0.03646595 0.01510469 0.02349001
v 0.03709010 0.01349969 0.02349001
v 0.03764364 0.01186900 0.02349001
v 0.03812554 0.01021571 0.02349001
v 0.03853485 0.00854297 0.02349001
v 0.03887082 0.00685397 0.02349001
v 0.03913279 0.00515193 0.02349001
v 0.03932026 0.00344008 0.02349001
v 0.03943289 0.00172168 0.02349001
v 0.03947046 0.00000000 0.02349001
v 0.03943289 -0.00172168 0.02349001
v 0.03932026 -0.00344008 0.02349001
v 0.03913279 -0.00515193 0.02349001
v 0.03887082 -0.00685397 0.02349001
v 0.03853485 -0.00854297 0.02349001
v 0.03812554 -0.01021571 0.02349001
v 0.03764364 -0.01186900 0.02349001
v 0.03709010 -0.01349969 0.02349001
v 0.03646595 -0.01510469 0.02349001
v 0.03577238 -0.01668094 0.02349001
v 0.03501073 -0.01822543 0.02349001
v 0.03418242 -0.01973523 0.02349001
v 0.03328905 -0.02120746 0.02349001
v 0.03233231 -0.02263932 0.02349001
v 0.03131402 -0.02402809 0.02349001
v 0.03023613 -0.02537112 0.02349001
v 0.02910068 -0.02666586 0.02349001
v 0.02790983 -0.02790983 0.02349001
v 0.02666586 -0.02910068 0.02349001
v 0.02537112 -0.03023613 0.02349001
v 0.02402809 -0.03131402 0.02349001
v 0.02263932 -0.03233231 0.02349001
v 0.02120746 -0.03328905 0.02349001
v 0.01973523 -0.03418242 0.02349001
v 0.01822543 -0.03501073 0.02349001
v 0.01668094 -0.03577238 0.02349001
v 0.01510469 -0.03646595 0.02349001
v 0.01349969 -0.03709010 0.02349001
v 0.01186900 -0.03764364 0.02349001
v 0.01021571 -0.03812554 0.02349001
v 0.00854297 -0.03853485 0.02349001
v 0.00685397 -0.03887082 0.02349001
v 0.00515193 -0.03913279 0.02349001
v 0.00344008 -0.03932026 0.02349001
v 0.00172168 -0.03943289 0.02349001
v 0.00000000 -0.03947046 0.02349001
v -0.00172168 -0.03943289 0.02349001
v -0.00344008 -0.03932026 0.02349001
v -0.00515193 -0.03913279 0.02349001
v -0.00685397 -0.03887082 0.02349001
v -0.00854297 -0.03853485 0.02349001
v -0.01021571 -0.03812554 0.02349001
v -0.01186900 -0.03764364 0.02349001
v -0.01349969 -0.03709010 0.02349001
v -0.01510469 -0.03646595 0.02349001
v -0.01668094 -0.03577238 0.02349001
v -0.01822543 -0.03501073 0.02349001
v -0.01973523 -0.03418242 0.02349001
v -0.02120746 -0.03328905 0.02349001
v -0.02263932 -0.03233231 0.02349001
v -0.02402809 -0.03131402 0.02349001
v -0.02537112 -0.03023613 0.02349001
v -0.02666586 -0.02910068 0.02349001
v -0.02790983 -0.02790983 0.02349001
v -0.02910068 -0.02666586 0.02349001
v -0.03023613 -0.02537112 0.02349001
v -0.03131402 -0.02402809 0.02349001
v -0.03233231 -0.02263932 0.02349001
v -0.03328905 -0.02120746 0.02349001
v -0.03418242 -0.01973523 0.02349001
v -0.03501073 -0.01822543 0.02349001
v -0.03577238 -0.01668094 0.02349001
v -0.03646595 -0.01510469 0.02349001
v -0.03709010 -0.01349969 0.02349001
v -0.03764364 -0.01186900 0.02349001
v -0.03812554 -0.01021571 0.02349001
v -0.03853485 -0.00854297 0.02349001
v -0.03887082 -0.00685397 0.02349001
v -0.03913279 -0.00515193 0.02349001
v -0.03932026 -0.00344008 0.02349001
v -0.03943289 -0.00172168 0.02349001
v -0.03947046 0.00000000 0.02349001
v -0.03949600 0.00172443 0.02360409
v -0.03938320 0.00344558 0.02360409
v -0.03919542 0.00516017 0.02360409
v -0.03893303 0.00686494 0.02360409
v -0.03859653 0.00855664 0.02360409
v -0.03818656 0.01023206 0.02360409
v -0.03770390 0.01188799 0.02360409
v -0.03714946 0.01352130 0.02360409
v -0.03652431 0.01512887 0.02360409
v -0.03582964 0.01670763 0.02360409
v -0.03506676 0.01825460 0.02360409
v -0.03423713 0.01976682 0.02360409
v -0.03334233 0.02124141 0.02360409
v -0.03238406 0.02267556 0.02360409
v -0.03136414 0.02406655 0.02360409
v -0.03028452 0.02541173 0.02360409
v -0.02914725 0.02670854 0.02360409
v -0.02795450 0.02795450 0.02360409
v -0.02670854 0.02914725 0.02360409
v -0.02541173 0.03028452 0.02360409
v -0.02406655 0.03136414 0.02360409
v -0.02267556 0.03238406 0.02360409
v -0.02124141 0.03334233 0.02360409
v -0.01976682 0.03423713 0.02360409
v -0.01825460 0.03506676 0.02360409
v -0.01670763 0.03582964 0.02360409
v -0.01512887 0.03652431 0.02360409
v -0.01352130 0.03714946 0.02360409
v -0.01188799 0.03770390 0.02360409
v -0.01023206 0.03818656 0.02360409
v -0.00855664 0.03859653 0.02360409
v -0.00686494 0.03893303 0.02360409
v -0.00516017 0.03919542 0.02360409
v -0.00344558 0.03938320 0.02360409
v -0.00172443 0.03949600 0.02360409
v -0.00000000 0.03953363 0.02360409
v 0.00172443 0.03949600 0.02360409
v 0.00344558 0.03938320 0.02360409
v 0.00516017 0.03919542 0.02360409
v 0.00686494 0.03893303 0.02360409
v 0.00855664 0.03859653 0.02360409
v 0.01023206 0.03818656 0.02360409
v 0.01188799 0.03770390 0.02360409
v 0.01352130 0.03714946 0.02360409
v 0.01512887 0.03652431 0.02360409
v 0.01670763 0.03582964 0.02360409
v 0.01825460 0.03506676 0.02360409
v 0.01976682 0.03423713 0.02360409
v 0.02124141 0.03334233 0.02360409
v 0.02267556 0.03238406 0.02360409
v 0.02406655 0.03136414 0.02360409
v 0.02541173 0.03028452 0.02360409
v 0.02670854 0.02914725 0.02360409
v 0.02795450 0.02795450 0.02360409
v 0.02914725 0.02670854 0.02360409
v 0.03028452 0.02541173 0.02360409
v 0.03136414 0.02406655 0.02360409
v 0.03238406 0.02267556 0.02360409
v 0.03334233 0.02124141 0.02360409
v 0.03423713 0.01976682 0.02360409
v 0.03506676 0.01825460 0.02360409
v 0.03582964 0.01670763 0.02360409
v 0.03652431 0.01512887 0.02360409
v 0.03714946 0.01352130 0.02360409
v 0.03770390 0.01188799 0.02360409
v 0.03818656 0.01023206 0.02360409
v 0.03859653 0.00855664 0.02360409
v 0.03893303 0.00686494 0.02360409
v 0.03919542 0.00516017 0.02360409
v 0.03938320 0.00344558 0.02360409
v 0.03949600 0.00172443 0.02360409
v 0.03953363 0.00000000 0.02360409
v 0.03949600 -0.00172443 0.02360409
v 0.03938320 -0.00344558 0.02360409
v 0.03919542 -0.00516017 0.02360409
v 0.03893303 -0.00686494 0.02360409
v 0.03859653 -0.00855664 0.02360409
v 0.03818656 -0.01023206 0.02360409
v 0.03770390 -0.01188799 0.02360409
v 0.03714946 -0.01352130 0.02360409
v 0.03652431 -0.01512887 0.02360409
v 0.03582964 -0.01670763 0.02360409
v 0.03506676 -0.01825460 0.02360409
v 0.03423713 -0.01976682 0.02360409
v 0.03334233 -0.02124141 0.02360409
v 0.03238406 -0.02267556 0.02360409
v 0.03136414 -0.02406655 0.02360409
v 0.03028452 -0.02541173 0.02360409
v 0.02914725 -0.02670854 0.02360409
v 0.02795450 -0.02795450 0.02360409
v 0.02670854 -0.02914725 0.02360409
v 0.02541173 -0.03028452 0.02360409
v 0.02406655 -0.03136414 0.02360409
v 0.02267556 -0.03238406 0.02360409
v 0.02124141 -0.03334233 0.02360409
v 0.01976682 -0.03423713 0.02360409
v 0.01825460 -0.03506676 0.02360409
v 0.01670763 -0.03582964 0.02360409
v 0.01512887 -0.03652431 0.02360409
v 0.01352130 -0.03714946 0.02360409
v 0.01188799 -0.03770390 0.02360409
v 0.01023206 -0.03818656 0.02360409
v 0.00855664 -0.03859653 0.02360409
v 0.00686494 -0.03893303 0.02360409
v 0.00516017 -0.03919542 0.02360409
v 0.00344558 -0.03938320 0.02360409
v 0.00172443 -0.03949600 0.02360409
v 0.00000000 -0.03953363 0.02360409
v -0.00172443 -0.03949600 0.02360409
v -0.00344558 -0.03938320 0.02360409
v -0.00516017 -0.03919542 0.02360409
v -0.00686494 -0.03893303 0.02360409
v -0.00855664 -0.03859653 0.02360409
v -0.01023206 -0.03818656 0.02360409
v -0.01188799 -0.03770390 0.02360409
v -0.01352130 -0.03714946 0.02360409
v -0.01512887 -0.03652431 0.02360409
v -0.01670763 -0.03582964 0.02360409
v -0.01825460 -0.03506676 0.02360409
v -0.01976682 -0.03423713 0.02360409
v -0.02124141 -0.03334233 0.02360409
v -0.02267556 -0.03238406 0.02360409
v -0.02406655 -0.03136414 0.02360409
v -0.02541173 -0.03028452 0.02360409
v -0.02670854 -0.02914725 0.02360409
v -0.02795450 -0.02795450 0.02360409
v -0.02914725 -0.02670854 0.02360409
v -0.03028452 -0.02541173 0.02360409
v -0.03136414 -0.02406655 0.02360409
v -0.03238406 -0.02267556 0.02360409
v -0.03334233 -0.02124141 0.02360409
v -0.03423713 -0.01976682 0.02360409
v -0.03506676 -0.01825460 0.02360409
v -0.03582964 -0.01670763 0.02360409
v -0.03652431 -0.01512887 0.02360409
v -0.03714946 -0.01352130 0.02360409
v -0.03770390 -0.01188799 0.02360409
v -0.03818656 -0.01023206 0.02360409
v -0.03859653 -0.00855664 0.02360409
v -0.03893303 -0.00686494 0.02360409
v -0.03919542 -0.00516017 0.02360409
v -0.03938320 -0.00344558 0.02360409
v -0.03949600 -0.00172443 0.02360409
v -0.03953363 0.00000000 0.02360409
v -0.03955411 0.00172697 0.02372082
v -0.03944113 0.00345065 0.02372082
v -0.03925307 0.00516777 0.02372082
v -0.03899030 0.00687504 0.02372082
v -0.03865331 0.00856923 0.02372082
v -0.03824273 0.01024711 0.02372082
v -0.03775936 0.01190548 0.02372082
v -0.03720411 0.01354119 0.02372082
v -0.03657804 0.01515112 0.02372082
v -0.03588235 0.01673221 0.02372082
v -0.03511835 0.01828145 0.02372082
v -0.03428749 0.01979589 0.02372082
v -0.03339138 0.02127265 0.02372082
v -0.03243170 0.02270892 0.02372082
v -0.03141028 0.02410195 0.02372082
v -0.03032907 0.02544911 0.02372082
v -0.02919013 0.02674782 0.02372082
v -0.02799562 0.02799562 0.02372082
v -0.02674782 0.02919013 0.02372082
v -0.02544911 0.03032907 0.02372082
v -0.02410195 0.03141028 0.02372082
v -0.02270892 0.03243170 0.02372082
v -0.02127265 0.03339138 0.02372082
v -0.01979589 0.03428749 0.02372082
v -0.01828145 0.03511835 0.02372082
v -0.01673221 0.03588235 0.02372082
v -0.01515112 0.03657804 0.02372082
v -0.01354119 0.03720411 0.02372082
v -0.01190548 0.03775936 0.02372082
v -0.01024711 0.03824273 0.02372082
v -0.00856923 0.03865331 0.02372082
v -0.00687504 0.03899030 0.02372082
v -0.00516777 0.03925307 0.02372082
v -0.00345065 0.03944113 0.02372082
v -0.00172697 0.03955411 0.02372082
v -0.00000000 0.03959179 0.02372082
v 0.00172697 0.03955411 0.02372082
v 0.00345065 0.03944113 0.02372082
v 0.00516777 0.03925307 0.02372082
v 0.00687504 0.03899030 0.02372082
v 0.00856923 0.03865331 0.02372082
v 0.01024711 0.03824273 0.02372082
v 0.01190548 0.03775936 0.02372082
v 0.01354119 0.03720411 0.02372082
v 0.01515112 0.03657804 0.02372082
v 0.01673221 0.03588235 0.02372082
v 0.01828145 0.03511835 0.02372082
v 0.01979589 0.03428749 0.02372082
v 0.02127265 0.03339138 0.02372082
v 0.02270892 0.03243170 0.02372082
v 0.02410195 0.03141028 0.02372082
v 0.02544911 0.03032907 0.02372082
v 0.02674782 0.02919013 0.02372082
v 0.02799562 0.02799562 0.02372082
v 0.02919013 0.02674782 0.02372082
v 0.03032907 0.02544911 0.02372082
v 0.03141028 0.02410195 0.02372082
v 0.03243170 0.02270892 0.02372082
v 0.03339138 0.02127265 0.02372082
v 0.03428749 0.01979589 0.02372082
v 0.03511835 0.01828145 0.02372082
v 0.03588235 0.01673221 0.02372082
v 0.03657804 0.01515112 0.02372082
v 0.03720411 0.01354119 0.02372082
v 0.03775936 0.01190548 0.02372082
v 0.03824273 0.01024711 0.02372082
v 0.03865331 0.00856923 0.02372082
v 0.03899030 0.00687504 0.02372082
v 0.03925307 0.00516777 0.02372082
v 0.03944113 0.00345065 0.02372082
v 0.03955411 0.00172697 0.02372082
v 0.03959179 0.00000000 0.02372082
v 0.03955411 -0.00172697 0.02372082
v 0.03944113 -0.00345065 0.02372082
v 0.03925307 -0.00516777 0.02372082
v 0.03899030 -0.00687504 0.02372082
v 0.03865331 -0.00856923 0.02372082
v 0.03824273 -0.01024711 0.02372082
v 0.03775936 -0.01190548 0.02372082
v 0.03720411 -0.01354119 0.02372082
v 0.03657804 -0.01515112 0.02372082
v 0.03588235 -0.01673221 0.02372082
v 0.03511835 -0.01828145 0.02372082
v 0.03428749 -0.01979589 0.02372082
v 0.03339138 -0.02127265 0.02372082
v 0.03243170 -0.02270892 0.02372082
v 0.03141028 -0.02410195 0.02372082
v 0.03032907 -0.02544911 0.02372082
v 0.02919013 -0.02674782 0.02372082
v 0.02799562 -0.02799562 0.02372082
v 0.02674782 -0.02919013 0.02372082
v 0.02544911 -0.03032907 0.02372082
v 0.02410195 -0.03141028 0.02372082
v 0.02270892 -0.03243170 0.02372082
v 0.02127265 -0.03339138 0.02372082
v 0.01979589 -0.03428749 0.02372082
v 0.01828145 -0.03511835 0.02372082
v 0.01673221 -0.03588235 0.02372082
v 0.01515112 -0.03657804 0.02372082
v 0.01354119 -0.03720411 0.02372082
v 0.01190548 -0.03775936 0.02372082
v 0.01024711 -0.03824273 0.02372082
v 0.00856923 -0.03865331 0.02372082
v 0.00687504 -0.03899030 0.02372082
v 0.00516777 -0.03925307 0.02372082
v 0.00345065 -0.03944113 0.02372082
v 0.00172697 -0.03955411 0.02372082
v 0.00000000 -0.03959179 0.02372082
v -0.00172697 -0.03955411 0.02372082
v -0.00345065 -0.03944113 0.02372082
v -0.00516777 -0.03925307 0.02372082
v -0.00687504 -0.03899030 0.02372082
v -0.00856923 -0.03865331 0.02372082
v -0.01024711 -0.03824273 0.02372082
v -0.01190548 -0.03775936 0.02372082
v -0.01354119 -0.03720411 0.02372082
v -0.01515112 -0.03657804 0.02372082
v -0.01673221 -0.03588235 0.02372082
v -0.01828145 -0.03511835 0.02372082
v -0.01979589 -0.03428749 0.02372082
v -0.02127265 -0.03339138 0.02372082
v -0.02270892 -0.03243170 0.02372082
v -0.02410195 -0.03141028 0.02372082
v -0.02544911 -0.03032907 0.02372082
v -0.02674782 -0.02919013 0.02372082
v -0.02799562 -0.02799562 0.02372082
v -0.02919013 -0.02674782 0.02372082
v -0.03032907 -0.02544911 0.02372082
v -0.03141028 -0.02410195 0.02372082
v -0.03243170 -0.02270892 0.02372082
v -0.03339138 -0.02127265 0.02372082
v -0.03428749 -0.01979589 0.02372082
v -0.03511835 -0.01828145 0.02372082
v -0.03588235 -0.01673221 0.02372082
v -0.03657804 -0.01515112 0.02372082
v -0.03720411 -0.01354119 0.02372082
v -0.03775936 -0.01190548 0.02372082
v -0.03824273 -0.01024711 0.02372082
v -0.03865331 -0.00856923 0.02372082
v -0.03899030 -0.00687504 0.02372082
v -0.03925307 -0.00516777 0.02372082
v -0.03944113 -0.00345065 0.02372082
v -0.03955411 -0.00172697 0.02372082
v -0.03959179 0.00000000 0.02372082
v -0.03960709 0.00172928 0.02383995
v -0.03949396 0.00345527 0.02383995
v -0.03930565 0.00517469 0.02383995
v -0.03904252 0.00688425 0.02383995
v -0.03870508 0.00858071 0.02383995
v -0.03829395 0.01026083 0.02383995
v -0.03780993 0.01192143 0.02383995
v -0.03725394 0.01355933 0.02383995
v -0.03662704 0.01517142 0.02383995
v -0.03593041 0.01675462 0.02383995
v -0.03516538 0.01830594 0.02383995
v -0.03433342 0.01982241 0.02383995
v -0.03343610 0.02130114 0.02383995
v -0.03247513 0.02273933 0.02383995
v -0.03145235 0.02413424 0.02383995
v -0.03036969 0.02548320 0.02383995
v -0.02922923 0.02678365 0.02383995
v -0.02803312 0.02803312 0.02383995
v -0.02678365 0.02922923 0.02383995
v -0.02548320 0.03036969 0.02383995
v -0.02413424 0.03145235 0.02383995
v -0.02273933 0.03247513 0.02383995
v -0.02130114 0.03343610 0.02383995
v -0.01982241 0.03433342 0.02383995
v -0.01830594 0.03516538 0.02383995
v -0.01675462 0.03593041 0.02383995
v -0.01517142 0.03662704 0.02383995
v -0.01355933 0.03725394 0.02383995
v -0.01192143 0.03780993 0.02383995
v -0.01026083 0.03829395 0.02383995
v -0.00858071 0.03870508 0.02383995
v -0.00688425 0.03904252 0.02383995
v -0.00517469 0.03930565 0.02383995
v -0.00345527 0.03949396 0.02383995
v -0.00172928 0.03960709 0.02383995
v -0.00000000 0.03964482 0.02383995
v 0.00172928 0.03960709 0.02383995
v 0.00345527 0.03949396 0.02383995
v 0.00517469 0.03930565 0.02383995
v 0.00688425 0.03904252 0.02383995
v 0.00858071 0.03870508 0.02383995
v 0.01026083 0.03829395 0.02383995
v 0.01192143 0.03780993 0.02383995
v 0.01355933 0.03725394 0.02383995
v 0.01517142 0.03662704 0.02383995
v 0.01675462 0.03593041 0.02383995
v 0.01830594 0.03516538 0.02383995
v 0.01982241 0.03433342 0.02383995
v 0.02130114 0.03343610 0.02383995
v 0.02273933 0.03247513 0.02383995
v 0.02413424 0.03145235 0.02383995
v 0.02548320 0.03036969 0.02383995
v 0.02678365 0.02922923 0.02383995
v 0.02803312 0.02803312 0.02383995
v 0.02922923 0.02678365 0.02383995
v 0.03036969 0.02548320 0.02383995
v 0.03145235 0.02413424 0.02383995
v 0.03247513 0.02273933 0.02383995
v 0.03343610 0.02130114 0.02383995
v 0.03433342 0.01982241 0.02383995
v 0.03516538 0.01830594 0.02383995
v 0.03593041 0.01675462 0.02383995
v 0.03662704 0.01517142 0.02383995
v 0.03725394 0.01355933 0.02383995
v 0.03780993 0.01192143 0.02383995
v 0.03829395 0.01026083 0.02383995
v 0.03870508 0.00858071 0.02383995
v 0.03904252 0.00688425 0.02383995
v 0.03930565 0.00517469 0.02383995
v 0.03949396 0.00345527 0.02383995
v 0.03960709 0.00172928 0.02383995
v 0.03964482 0.00000000 0.02383995
v 0.03960709 -0.00172928 0.02383995
v 0.03949396 -0.00345527 0.02383995
v 0.03930565 -0.00517469 0.02383995
v 0.03904252 -0.00688425 0.02383995
v 0.03870508 -0.00858071 0.02383995
v 0.03829395 -0.01026083 0.02383995
v 0.03780993 -0.01192143 0.02383995
v 0.03725394 -0.01355933 0.02383995
v 0.03662704 -0.01517142 0.02383995
v 0.03593041 -0.01675462 0.02383995
v 0.03516538 -0.01830594 0.02383995
v 0.03433342 -0.01982241 0.02383995
v 0.03343610 -0.02130114 0.02383995
v 0.03247513 -0.02273933 0.02383995
v 0.03145235 -0.02413424 0.02383995
v 0.03036969 -0.02548320 0.02383995
v 0.02922923 -0.02678365 0.02383995
v 0.02803312 -0.02803312 0.02383995
v 0.02678365 -0.02922923 0.02383995
v 0.02548320 -0.03036969 0.02383995
v 0.02413424 -0.03145235 0.02383995
v 0.02273933 -0.03247513 0.02383995
v 0.02130114 -0.03343610 0.02383995
v 0.01982241 -0.03433342 0.02383995
v 0.01830594 -0.03516538 0.02383995
v 0.01675462 -0.03593041 0.02383995
v 0.01517142 -0.03662704 0.02383995
v 0.01355933 -0.03725394 0.02383995
v 0.01192143 -0.03780993 0.02383995
v 0.01026083 -0.03829395 0.02383995
v 0.00858071 -0.03870508 0.02383995
v 0.00688425 -0.03904252 0.02383995
v 0.00517469 -0.03930565 0.02383995
v 0.00345527 -0.03949396 0.02383995
v 0.00172928 -0.03960709 0.02383995
v 0.00000000 -0.03964482 0.02383995
v -0.00172928 -0.03960709 0.02383995
v -0.00345527 -0.03949396 0.02383995
v -0.00517469 -0.03930565 0.02383995
v -0.00688425 -0.03904252 0.02383995
v -0.00858071 -0.03870508 0.02383995
v -0.01026083 -0.03829395 0.02383995
v -0.01192143 -0.03780993 0.02383995
v -0.01355933 -0.03725394 0.02383995
v -0.01517142 -0.03662704 0.02383995
v -0.01675462 -0.03593041 0.02383995
v -0.01830594 -0.03516538 0.02383995
v -0.01982241 -0.03433342 0.02383995
v -0.02130114 -0.03343610 0.02383995
v -0.02273933 -0.03247513 0.02383995
v -0.02413424 -0.03145235 0.02383995
v -0.02548320 -0.03036969 0.02383995
v -0.02678365 -0.02922923 0.02383995
v -0.02803312 -0.02803312 0.02383995
v -0.02922923 -0.02678365 0.02383995
v -0.03036969 -0.02548320 0.02383995
v -0.03145235 -0.02413424 0.02383995
v -0.03247513 -0.02273933 0.02383995
v -0.03343610 -0.02130114 0.02383995
v -0.03433342 -0.01982241 0.02383995
v -0.03516538 -0.01830594 0.02383995
v -0.03593041 -0.01675462 0.02383995
v -0.03662704 -0.01517142 0.02383995
v -0.03725394 -0.01355933 0.02383995
v -0.03780993 -0.01192143 0.02383995
v -0.03829395 -0.01026083 0.02383995
v -0.03870508 -0.00858071 0.02383995
v -0.03904252 -0.00688425 0.02383995
v -0.03930565 -0.00517469 0.02383995
v -0.03949396 -0.00345527 0.02383995
v -0.03960709 -0.00172928 0.02383995
v -0.03964482 0.00000000 0.02383995
v -0.03965484 0.00173137 0.02396129
v -0.03954158 0.00345944 0.02396129
v -0.03935304 0.00518093 0.02396129
v -0.03908960 0.00689255 0.02396129
v -0.03875174 0.00859105 0.02396129
v -0.03834013 0.01027321 0.02396129
v -0.03785552 0.01193580 0.02396129
v -0.03729886 0.01357567 0.02396129
v -0.03667120 0.01518971 0.02396129
v -0.03597373 0.01677483 0.02396129
v -0.03520778 0.01832801 0.02396129
v -0.03437481 0.01984631 0.02396129
v -0.03347642 0.02132683 0.02396129
v -0.03251429 0.02276675 0.02396129
v -0.03149027 0.02416334 0.02396129
v -0.03040631 0.02551392 0.02396129
v -0.02926447 0.02681594 0.02396129
v -0.02806692 0.02806692 0.02396129
v -0.02681594 0.02926447 0.02396129
v -0.02551392 0.03040631 0.02396129
v -0.02416334 0.03149027 0.02396129
v -0.02276675 0.03251429 0.02396129
v -0.02132683 0.03347642 0.02396129
v -0.01984631 0.03437481 0.02396129
v -0.01832801 0.03520778 0.02396129
v -0.01677483 0.03597373 0.02396129
v -0.01518971 0.03667120 0.02396129
v -0.01357567 0.03729886 0.02396129
v -0.01193580 0.03785552 0.02396129
v -0.01027321 0.03834013 0.02396129
v -0.00859105 0.03875174 0.02396129
v -0.00689255 0.03908960 0.02396129
v -0.00518093 0.03935304 0.02396129
v -0.00345944 0.03954158 0.02396129
v -0.00173137 0.03965484 0.02396129
v -0.00000000 0.03969262 0.02396129
v 0.00173137 0.03965484 0.02396129
v 0.00345944 0.03954158 0.02396129
v 0.00518093 0.03935304 0.02396129
v 0.00689255 0.03908960 0.02396129
v 0.00859105 0.03875174 0.02396129
v 0.01027321 0.03834013 0.02396129
v 0.01193580 0.03785552 0.02396129
v 0.01357567 0.03729886 0.02396129
v 0.01518971 0.03667120 0.02396129
v 0.01677483 0.03597373 0.02396129
v 0.01832801 0.03520778 0.02396129
v 0.01984631 0.03437481 0.02396129
v 0.02132683 0.03347642 0.02396129
v 0.02276675 0.03251429 0.02396129
v 0.02416334 0.03149027 0.02396129
v 0.02551392 0.03040631 0.02396129
v 0.02681594 0.02926447 0.02396129
v 0.02806692 0.02806692 0.02396129
v 0.02926447 0.02681594 0.02396129
v 0.03040631 0.02551392 0.02396129
v 0.03149027 0.02416334 0.02396129
v 0.03251429 0.02276675 0.02396129
v 0.03347642 0.02132683 0.02396129
v 0.03437481 0.01984631 0.02396129
v 0.03520778 0.01832801 0.02396129
v 0.03597373 0.01677483 0.02396129
v 0.03667120 0.01518971 0.02396129
v 0.03729886 0.01357567 0.02396129
v 0.03785552 0.01193580 0.02396129
v 0.03834013 0.01027321 0.02396129
v 0.03875174 0.00859105 0.02396129
v 0.03908960 0.00689255 0.02396129
v 0.03935304 0.00518093 0.02396129
v 0.03954158 0.00345944 0.02396129
v 0.03965484 0.00173137 0.02396129
v 0.03969262 0.00000000 0.02396129
v 0.03965484 -0.00173137 0.02396129
v 0.03954158 -0.00345944 0.02396129
v 0.03935304 -0.00518093 0.02396129
v 0.03908960 -0.00689255 0.02396129
v 0.03875174 -0.00859105 0.02396129
v 0.03834013 -0.01027321 0.02396129
v 0.03785552 -0.01193580 0.02396129
v 0.03729886 -0.01357567 0.02396129
v 0.03667120 -0.01518971 0.02396129
v 0.03597373 -0.01677483 0.02396129
v 0.03520778 -0.01832801 0.02396129
v 0.03437481 -0.01984631 0.02396129
v 0.03347642 -0.02132683 0.02396129
v 0.03251429 -0.02276675 0.02396129
v 0.03149027 -0.02416334 0.02396129
v 0.03040631 -0.02551392 0.02396129
v 0.02926447 -0.02681594 0.02396129
v 0.02806692 -0.02806692 0.02396129
v 0.02681594 -0.02926447 0.02396129
v 0.02551392 -0.03040631 0.02396129
v 0.02416334 -0.03149027 0.02396129
v 0.02276675 -0.03251429 0.02396129
v 0.02132683 -0.03347642 0.02396129
v 0.01984631 -0.03437481 0.02396129
v 0.01832801 -0.03520778 0.02396129
v 0.01677483 -0.03597373 0.02396129
v 0.01518971 -0.03667120 0.02396129
v 0.01357567 -0.03729886 0.02396129
v 0.01193580 -0.03785552 0.02396129
v 0.01027321 -0.03834013 0.02396129
v 0.00859105 -0.03875174 0.02396129
v 0.00689255 -0.03908960 0.02396129
v 0.00518093 -0.03935304 0.02396129
v 0.00345944 -0.03954158 0.02396129
v 0.00173137 -0.03965484 0.02396129
v 0.00000000 -0.03969262 0.02396129
v -0.00173137 -0.03965484 0.02396129
v -0.00345944 -0.03954158 0.02396129
v -0.00518093 -0.03935304 0.02396129
v -0.00689255 -0.03908960 0.02396129
v -0.00859105 -0.03875174 0.02396129
v -0.01027321 -0.03834013 0.02396129
v -0.01193580 -0.03785552 0.02396129
v -0.01357567 -0.03729886 0.02396129
v -0.01518971 -0.03667120 0.02396129
v -0.01677483 -0.03597373 0.02396129
v -0.01832801 -0.03520778 0.02396129
v -0.01984631 -0.03437481 0.02396129
v -0.02132683 -0.03347642 0.02396129
v -0.02276675 -0.03251429 0.02396129
v -0.02416334 -0.03149027 0.02396129
v -0.02551392 -0.03040631 0.02396129
v -0.02681594 -0.02926447 0.02396129
v -0.02806692 -0.02806692 0.02396129
v -0.02926447 -0.02681594 0.02396129
v -0.03040631 -0.02551392 0.02396129
v -0.03149027 -0.02416334 0.02396129
v -0.03251429 -0.02276675 0.02396129
v -0.03347642 -0.02132683 0.02396129
v -0.03437481 -0.01984631 0.02396129
v -0.03520778 -0.01832801 0.02396129
v -0.03597373 -0.01677483 0.02396129
v -0.03667120 -0.01518971 0.02396129
v -0.03729886 -0.01357567 0.02396129
v -0.03785552 -0.01193580 0.02396129
v -0.03834013 -0.01027321 0.02396129
v -0.03875174 -0.00859105 0.02396129
v -0.03908960 -0.00689255 0.02396129
v -0.03935304 -0.00518093 0.02396129
v -0.03954158 -0.00345944 0.02396129
v -0.03965484 -0.00173137 0.02396129
v -0.03969262 0.00000000 0.02396129
v -0.03969728 0.00173322 0.02408458
v -0.03958390 0.00346314 0.02408458
v -0.03939516 0.00518647 0.02408458
v -0.03913144 0.00689993 0.02408458
v -0.03879322 0.00860025 0.02408458
v -0.03838116 0.01028420 0.02408458
v -0.03789604 0.01194858 0.02408458
v -0.03733878 0.01359020 0.02408458
v -0.03671044 0.01520596 0.02408458
v -0.03601223 0.01679278 0.02408458
v -0.03524546 0.01834763 0.02408458
v -0.03441161 0.01986755 0.02408458
v -0.03351225 0.02134965 0.02408458
v -0.03254909 0.02279112 0.02408458
v -0.03152398 0.02418920 0.02408458
v -0.03043885 0.02554123 0.02408458
v -0.02929579 0.02684464 0.02408458
v -0.02809696 0.02809696 0.02408458
v -0.02684464 0.02929579 0.02408458
v -0.02554123 0.03043885 0.02408458
v -0.02418920 0.03152398 0.02408458
v -0.02279112 0.03254909 0.02408458
v -0.02134965 0.03351225 0.02408458
v -0.01986755 0.03441161 0.02408458
v -0.01834763 0.03524546 0.02408458
v -0.01679278 0.03601223 0.02408458
v -0.01520596 0.03671044 0.02408458
v -0.01359020 0.03733878 0.02408458
v -0.01194858 0.03789604 0.02408458
v -0.01028420 0.03838116 0.02408458
v -0.00860025 0.03879322 0.02408458
v -0.00689993 0.03913144 0.02408458
v -0.00518647 0.03939516 0.02408458
v -0.00346314 0.03958390 0.02408458
v -0.00173322 0.03969728 0.02408458
v -0.00000000 0.03973510 0.02408458
v 0.00173322 0.03969728 0.02408458
v 0.00346314 0.03958390 0.02408458
v 0.00518647 0.03939516 0.02408458
v 0.00689993 0.03913144 0.02408458
v 0.00860025 0.03879322 0.02408458
v 0.01028420 0.03838116 0.02408458
v 0.01194858 0.03789604 0.02408458
v 0.01359020 0.03733878 0.02408458
v 0.01520596 0.03671044 0.02408458
v 0.01679278 0.03601223 0.02408458
v 0.01834763 0.03524546 0.02408458
v 0.01986755 0.03441161 0.02408458
v 0.02134965 0.03351225 0.02408458
v 0.02279112 0.03254909 0.02408458
v 0.02418920 0.03152398 0.02408458
v 0.02554123 0.03043885 0.02408458
v 0.02684464 0.02929579 0.02408458
v 0.02809696 0.02809696 0.02408458
v 0.02929579 0.02684464 0.02408458
v 0.03043885 0.02554123 0.02408458
v 0.03152398 0.02418920 0.02408458
v 0.03254909 0.02279112 0.02408458
v 0.03351225 0.02134965 0.02408458
v 0.03441161 0.01986755 0.02408458
v 0.03524546 0.01834763 0.02408458
v 0.03601223 0.01679278 0.02408458
v 0.03671044 0.01520596 0.02408458
v 0.03733878 0.01359020 0.02408458
v 0.03789604 0.01194858 0.02408458
v 0.03838116 0.01028420 0.02408458
v 0.03879322 0.00860025 0.02408458
v 0.03913144 0.00689993 0.02408458
v 0.03939516 0.00518647 0.02408458
v 0.03958390 0.00346314 0.02408458
v 0.03969728 0.00173322 0.02408458
v 0.03973510 0.00000000 0.02408458
v 0.03969728 -0.00173322 0.02408458
v 0.03958390 -0.00346314 0.02408458
v 0.03939516 -0.00518647 0.02408458
v 0.03913144 -0.00689993 0.02408458
v 0.03879322 -0.00860025 0.02408458
v 0.03838116 -0.01028420 0.02408458
v 0.03789604 -0.01194858 0.02408458
v 0.03733878 -0.01359020 0.02408458
v 0.03671044 -0.01520596 0.02408458
v 0.03601223 -0.01679278 0.02408458
v 0.03524546 -0.01834763 0.02408458
v 0.03441161 -0.01986755 0.02408458
v 0.03351225 -0.02134965 0.02408458
v 0.03254909 -0.02279112 0.02408458
v 0.03152398 -0.02418920 0.02408458
v 0.03043885 -0.02554123 0.02408458
v 0.02929579 -0.02684464 0.02408458
v 0.02809696 -0.02809696 0.02408458
v 0.02684464 -0.02929579 0.02408458
v 0.02554123 -0.03043885 0.02408458
v 0.02418920 -0.03152398 0.02408458
v 0.02279112 -0.03254909 0.02408458
v 0.02134965 -0.03351225 0.02408458
v 0.01986755 -0.03441161 0.02408458
v 0.01834763 -0.03524546 0.02408458
v 0.01679278 -0.03601223 0.02408458
v 0.01520596 -0.03671044 0.02408458
v 0.01359020 -0.03733878 0.02408458
v 0.01194858 -0.03789604 0.02408458
v 0.01028420 -0.03838116 0.02408458
v 0.00860025 -0.03879322 0.02408458
v 0.00689993 -0.03913144 0.02408458
v 0.00518647 -0.03939516 0.02408458
v 0.00346314 -0.03958390 0.02408458
v 0.00173322 -0.03969728 0.02408458
v 0.00000000 -0.03973510 0.02408458
v -0.00173322 -0.03969728 0.02408458
v -0.00346314 -0.03958390 0.02408458
v -0.00518647 -0.03939516 0.02408458
v -0.00689993 -0.03913144 0.02408458
v -0.00860025 -0.03879322 0.02408458
v -0.01028420 -0.03838116 0.02408458
v -0.01194858 -0.03789604 0.02408458
v -0.01359020 -0.03733878 0.02408458
v -0.01520596 -0.03671044 0.02408458
v -0.01679278 -0.03601223 0.02408458
v -0.01834763 -0.03524546 0.02408458
v -0.01986755 -0.03441161 0.02408458
v -0.02134965 -0.03351225 0.02408458
v -0.02279112 -0.03254909 0.02408458
v -0.02418920 -0.03152398 0.02408458
v -0.02554123 -0.03043885 0.02408458
v -0.02684464 -0.02929579 0.02408458
v -0.02809696 -0.02809696 0.02408458
v -0.02929579 -0.02684464 0.02408458
v -0.03043885 -0.02554123 0.02408458
v -0.03152398 -0.02418920 0.02408458
v -0.03254909 -0.02279112 0.02408458
v -0.03351225 -0.02134965 0.02408458
v -0.03441161 -0.01986755 0.02408458
v -0.03524546 -0.01834763 0.02408458
v -0.03601223 -0.01679278 0.02408458
v -0.03671044 -0.01520596 0.02408458
v -0.03733878 -0.01359020 0.02408458
v -0.03789604 -0.01194858 0.02408458
v -0.03838116 -0.01028420 0.02408458
v -0.03879322 -0.00860025 0.02408458
v -0.03913144 -0.00689993 0.02408458
v -0.03939516 -0.00518647 0.02408458
v -0.03958390 -0.00346314 0.02408458
v -0.03969728 -0.00173322 0.02408458
v -0.03973510 0.00000000 0.02408458
v -0.03973433 0.00173484 0.02420961
v -0.03962084 0.00346637 0.02420961
v -0.03943193 0.00519131 0.02420961
v -0.03916796 0.00690637 0.02420961
v -0.03882942 0.00860828 0.02420961
v -0.03841698 0.01029380 0.02420961
v -0.03793141 0.01195973 0.02420961
v -0.03737363 0.01360289 0.02420961
v -0.03674471 0.01522016 0.02420961
v -0.03604584 0.01680845 0.02420961
v -0.03527836 0.01836475 0.02420961
v -0.03444372 0.01988609 0.02420961
v -0.03354352 0.02136958 0.02420961
v -0.03257947 0.02281239 0.02420961
v -0.03155340 0.02421177 0.02420961
v -0.03046726 0.02556507 0.02420961
v -0.02932313 0.02686970 0.02420961
v -0.02812318 0.02812318 0.02420961
v -0.02686970 0.02932313 0.02420961
v -0.02556507 0.03046726 0.02420961
v -0.02421177 0.03155340 0.02420961
v -0.02281239 0.03257947 0.02420961
v -0.02136958 0.03354352 0.02420961
v -0.01988609 0.03444372 0.02420961
v -0.01836475 0.03527836 0.02420961
v -0.01680845 0.03604584 0.02420961
v -0.01522016 0.03674471 0.02420961
v -0.01360289 0.03737363 0.02420961
v -0.01195973 0.03793141 0.02420961
v -0.01029380 0.03841698 0.02420961
v -0.00860828 0.03882942 0.02420961
v -0.00690637 0.03916796 0.02420961
v -0.00519131 0.03943193 0.02420961
v -0.00346637 0.03962084 0.02420961
v -0.00173484 0.03973433 0.02420961
v -0.00000000 0.03977219 0.02420961
v 0.00173484 0.03973433 0.02420961
v 0.00346637 0.03962084 0.02420961
v 0.00519131 0.03943193 0.02420961
v 0.00690637 0.03916796 0.02420961
v 0.00860828 0.03882942 0.02420961
v 0.01029380 0.03841698 0.02420961
v 0.01195973 0.03793141 0.02420961
v 0.01360289 0.03737363 0.02420961
v 0.01522016 0.03674471 0.02420961
v 0.01680845 0.03604584 0.02420961
v 0.01836475 0.03527836 0.02420961
v 0.01988609 0.03444372 0.02420961
v 0.02136958 0.03354352 0.02420961
v 0.02281239 0.03257947 0.02420961
v 0.02421177 0.03155340 0.02420961
v 0.02556507 0.03046726 0.02420961
v 0.02686970 0.02932313 0.02420961
v 0.02812318 0.02812318 0.02420961
v 0.02932313 0.02686970 0.02420961
v 0.03046726 0.02556507 0.02420961
v 0.03155340 0.02421177 0.02420961
v 0.03257947 0.02281239 0.02420961
v 0.03354352 0.02136958 0.02420961
v 0.03444372 0.01988609 0.02420961
v 0.03527836 0.01836475 0.02420961
v 0.03604584 0.01680845 0.02420961
v 0.03674471 0.01522016 0.02420961
v 0.03737363 0.01360289 0.02420961
v 0.03793141 0.01195973 0.02420961
v 0.03841698 0.01029380 0.02420961
v 0.03882942 0.00860828 0.02420961
v 0.03916796 0.00690637 0.02420961
v 0.03943193 0.00519131 0.02420961
v 0.03962084 0.00346637 0.02420961
v 0.03973433 0.00173484 0.02420961
v 0.03977219 0.00000000 0.02420961
v 0.03973433 -0.00173484 0.02420961
v 0.03962084 -0.00346637 0.02420961
v 0.03943193 -0.00519131 0.02420961
v 0.03916796 -0.00690637 0.02420961
v 0.03882942 -0.00860828 0.02420961
v 0.03841698 -0.01029380 0.02420961
v 0.03793141 -0.01195973 0.02420961
v 0.03737363 -0.01360289 0.02420961
v 0.03674471 -0.01522016 0.02420961
v 0.03604584 -0.01680845 0.02420961
v 0.03527836 -0.01836475 0.02420961
v 0.03444372 -0.01988609 0.02420961
v 0.03354352 -0.02136958 0.02420961
v 0.03257947 -0.02281239 0.02420961
v 0.03155340 -0.02421177 0.02420961
v 0.03046726 -0.02556507 0.02420961
v 0.02932313 -0.02686970 0.02420961
v 0.02812318 -0.02812318 0.02420961
v 0.02686970 -0.02932313 0.02420961
v 0.02556507 -0.03046726 0.02420961
v 0.02421177 -0.03155340 0.02420961
v 0.02281239 -0.03257947 0.02420961
v 0.02136958 -0.03354352 0.02420961
v 0.01988609 -0.03444372 0.02420961
v 0.01836475 -0.03527836 0.02420961
v 0.01680845 -0.03604584 0.02420961
v 0.01522016 -0.03674471 0.02420961
v 0.01360289 -0.03737363 0.02420961
v 0.01195973 -0.03793141 0.02420961
v 0.01029380 -0.03841698 0.02420961
v 0.00860828 -0.03882942 0.02420961
v 0.00690637 -0.03916796 0.02420961
v 0.00519131 -0.03943193 0.02420961
v 0.00346637 -0.03962084 0.02420961
v 0.00173484 -0.03973433 0.02420961
v 0.00000000 -0.03977219 0.02420961
v -0.00173484 -0.03973433 0.02420961
v -0.00346637 -0.03962084 0.02420961
v -0.00519131 -0.03943193 0.02420961
v -0.00690637 -0.03916796 0.02420961
v -0.00860828 -0.03882942 0.02420961
v -0.01029380 -0.03841698 0.02420961
v -0.01195973 -0.03793141 0.02420961
v -0.01360289 -0.03737363 0.02420961
v -0.01522016 -0.03674471 0.02420961
v -0.01680845 -0.03604584 0.02420961
v -0.01836475 -0.03527836 0.02420961
v -0.01988609 -0.03444372 0.02420961
v -0.02136958 -0.03354352 0.02420961
v -0.02281239 -0.03257947 0.02420961
v -0.02421177 -0.03155340 0.02420961
v -0.02556507 -0.03046726 0.02420961
v -0.02686970 -0.02932313 0.02420961
v -0.02812318 -0.02812318 0.02420961
v -0.02932313 -0.02686970 0.02420961
v -0.03046726 -0.02556507 0.02420961
v -0.03155340 -0.02421177 0.02420961
v -0.03257947 -0.02281239 0.02420961
v -0.03354352 -0.02136958 0.02420961
v -0.03444372 -0.01988609 0.02420961
v -0.03527836 -0.01836475 0.02420961
v -0.03604584 -0.01680845 0.02420961
v -0.03674471 -0.01522016 0.02420961
v -0.03737363 -0.01360289 0.02420961
v -0.03793141 -0.01195973 0.02420961
v -0.03841698 -0.01029380 0.02420961
v -0.03882942 -0.00860828 0.02420961
v -0.03916796 -0.00690637 0.02420961
v -0.03943193 -0.00519131 0.02420961
v -0.03962084 -0.00346637 0.02420961
v -0.03973433 -0.00173484 0.02420961
v -0.03977219 0.00000000 0.02420961
v -0.03976592 0.00173622 0.02433612
v -0.03965234 0.00346913 0.02433612
v -0.03946327 0.00519544 0.02433612
v -0.03919909 0.00691186 0.02433612
v -0.03886029 0.00861512 0.02433612
v -0.03844752 0.01030198 0.02433612
v -0.03796156 0.01196923 0.02433612
v -0.03740334 0.01361370 0.02433612
v -0.03677392 0.01523225 0.02433612
v -0.03607449 0.01682181 0.02433612
v -0.03530640 0.01837935 0.02433612
v -0.03447110 0.01990190 0.02433612
v -0.03357019 0.02138657 0.02433612
v -0.03260536 0.02283052 0.02433612
v -0.03157848 0.02423102 0.02433612
v -0.03049148 0.02558539 0.02433612
v -0.02934644 0.02689106 0.02433612
v -0.02814554 0.02814554 0.02433612
v -0.02689106 0.02934644 0.02433612
v -0.02558539 0.03049148 0.02433612
v -0.02423102 0.03157848 0.02433612
v -0.02283052 0.03260536 0.02433612
v -0.02138657 0.03357019 0.02433612
v -0.01990190 0.03447110 0.02433612
v -0.01837935 0.03530640 0.02433612
v -0.01682181 0.03607449 0.02433612
v -0.01523225 0.03677392 0.02433612
v -0.01361370 0.03740334 0.02433612
v -0.01196923 0.03796156 0.02433612
v -0.01030198 0.03844752 0.02433612
v -0.00861512 0.03886029 0.02433612
v -0.00691186 0.03919909 0.02433612
v -0.00519544 0.03946327 0.02433612
v -0.00346913 0.03965234 0.02433612
v -0.00173622 0.03976592 0.02433612
v -0.00000000 0.03980380 0.02433612
v 0.00173622 0.03976592 0.02433612
v 0.00346913 0.03965234 0.02433612
v 0.00519544 0.03946327 0.02433612
v 0.00691186 0.03919909 0.02433612
v 0.00861512 0.03886029 0.02433612
v 0.01030198 0.03844752 0.02433612
v 0.01196923 0.03796156 0.02433612
v 0.01361370 0.03740334 0.02433612
v 0.01523225 0.03677392 0.02433612
v 0.01682181 0.03607449 0.02433612
v 0.01837935 0.03530640 0.02433612
v 0.01990190 0.03447110 0.02433612
v 0.02138657 0.03357019 0.02433612
v 0.02283052 0.03260536 0.02433612
v 0.02423102 0.03157848 0.02433612
v 0.02558539 0.03049148 0.02433612
v 0.02689106 0.02934644 0.02433612
v 0.02814554 0.02814554 0.02433612
v 0.02934644 0.02689106 0.02433612
v 0.03049148 0.02558539 0.02433612
v 0.03157848 0.02423102 0.02433612
v 0.03260536 0.02283052 0.02433612
v 0.03357019 0.02138657 0.02433612
v 0.03447110 0.01990190 0.02433612
v 0.03530640 0.01837935 0.02433612
v 0.03607449 0.01682181 0.02433612
v 0.03677392 0.01523225 0.02433612
v 0.03740334 0.01361370 0.02433612
v 0.03796156 0.01196923 0.02433612
v 0.03844752 0.01030198 0.02433612
v 0.03886029 0.00861512 0.02433612
v 0.03919909 0.00691186 0.02433612
v 0.03946327 0.00519544 0.02433612
v 0.03965234 0.00346913 0.02433612
v 0.03976592 0.00173622 0.02433612
v 0.03980380 0.00000000 0.02433612
v 0.03976592 -0.00173622 0.02433612
v 0.03965234 -0.00346913 0.02433612
v 0.03946327 -0.00519544 0.02433612
v 0.03919909 -0.00691186 0.02433612
v 0.03886029 -0.00861512 0.02433612
v 0.03844752 -0.01030198 0.02433612
v 0.03796156 -0.01196923 0.02433612
v 0.03740334 -0.01361370 0.02433612
v 0.03677392 -0.01523225 0.02433612
v 0.03607449 -0.01682181 0.02433612
v 0.03530640 -0.01837935 0.02433612
v 0.03447110 -0.01990190 0.02433612
v 0.03357019 -0.02138657 0.02433612
v 0.03260536 -0.02283052 0.02433612
v 0.03157848 -0.02423102 0.02433612
v 0.03049148 -0.02558539 0.02433612
v 0.02934644 -0.02689106 0.02433612
v 0.02814554 -0.02814554 0.02433612
v 0.02689106 -0.02934644 0.02433612
v 0.02558539 -0.03049148 0.02433612
v 0.02423102 -0.03157848 0.02433612
v 0.02283052 -0.03260536 0.02433612
v 0.02138657 -0.03357019 0.02433612
v 0.01990190 -0.03447110 0.02433612
v 0.01837935 -0.03530640 0.02433612
v 0.01682181 -0.03607449 0.02433612
v 0.01523225 -0.03677392 0.02433612
v 0.01361370 -0.03740334 0.02433612
v 0.01196923 -0.03796156 0.02433612
v 0.01030198 -0.03844752 0.02433612
v 0.00861512 -0.03886029 0.02433612
v 0.00691186 -0.03919909 0.02433612
v 0.00519544 -0.03946327 0.02433612
v 0.00346913 -0.03965234 0.02433612
v 0.00173622 -0.03976592 0.02433612
v 0.00000000 -0.03980380 0.02433612
v -0.00173622 -0.03976592 0.02433612
v -0.00346913 -0.03965234 0.02433612
v -0.00519544 -0.03946327 0.02433612
v -0.00691186 -0.03919909 0.02433612
v -0.00861512 -0.03886029 0.02433612
v -0.01030198 -0.03844752 0.02433612
v -0.01196923 -0.03796156 0.02433612
v -0.01361370 -0.03740334 0.02433612
v -0.01523225 -0.03677392 0.02433612
v -0.01682181 -0.03607449 0.02433612
v -0.01837935 -0.03530640 0.02433612
v -0.01990190 -0.03447110 0.02433612
v -0.02138657 -0.03357019 0.02433612
v -0.02283052 -0.03260536 0.02433612
v -0.02423102 -0.03157848 0.02433612
v -0.02558539 -0.03049148 0.02433612
v -0.02689106 -0.02934644 0.02433612
v -0.02814554 -0.02814554 0.02433612
v -0.02934644 -0.02689106 0.02433612
v -0.03049148 -0.02558539 0.02433612
v -0.03157848 -0.02423102 0.02433612
v -0.03260536 -0.02283052 0.02433612
v -0.03357019 -0.02138657 0.02433612
v -0.03447110 -0.01990190 0.02433612
v -0.03530640 -0.01837935 0.02433612
v -0.03607449 -0.01682181 0.02433612
v -0.03677392 -0.01523225 0.02433612
v -0.03740334 -0.01361370 0.02433612
v -0.03796156 -0.01196923 0.02433612
v -0.03844752 -0.01030198 0.02433612
v -0.03886029 -0.00861512 0.02433612
v -0.03919909 -0.00691186 0.02433612
v -0.03946327 -0.00519544 0.02433612
v -0.03965234 -0.00346913 0.02433612
v -0.03976592 -0.00173622 0.02433612
v -0.03980380 0.00000000 0.02433612
v -0.03979198 0.00173736 0.02446390
v -0.03967832 0.00347140 0.02446390
v -0.03948914 0.00519884 0.02446390
v -0.03922478 0.00691639 0.02446390
v -0.03888576 0.00862077 0.02446390
v -0.03847272 0.01030873 0.02446390
v -0.03798644 0.01197708 0.02446390
v -0.03742785 0.01362262 0.02446390
v -0.03679802 0.01524224 0.02446390
v -0.03609814 0.01683284 0.02446390
v -0.03532954 0.01839139 0.02446390
v -0.03449370 0.01991494 0.02446390
v -0.03359219 0.02140058 0.02446390
v -0.03262673 0.02284548 0.02446390
v -0.03159918 0.02424690 0.02446390
v -0.03051146 0.02560216 0.02446390
v -0.02936567 0.02690868 0.02446390
v -0.02816398 0.02816398 0.02446390
v -0.02690868 0.02936567 0.02446390
v -0.02560216 0.03051146 0.02446390
v -0.02424690 0.03159918 0.02446390
v -0.02284548 0.03262673 0.02446390
v -0.02140058 0.03359219 0.02446390
v -0.01991494 0.03449370 0.02446390
v -0.01839139 0.03532954 0.02446390
v -0.01683284 0.03609814 0.02446390
v -0.01524224 0.03679802 0.02446390
v -0.01362262 0.03742785 0.02446390
v -0.01197708 0.03798644 0.02446390
v -0.01030873 0.03847272 0.02446390
v -0.00862077 0.03888576 0.02446390
v -0.00691639 0.03922478 0.02446390
v -0.00519884 0.03948914 0.02446390
v -0.00347140 0.03967832 0.02446390
v -0.00173736 0.03979198 0.02446390
v -0.00000000 0.03982989 0.02446390
v 0.00173736 0.03979198 0.02446390
v 0.00347140 0.03967832 0.02446390
v 0.00519884 0.03948914 0.02446390
v 0.00691639 0.03922478 0.02446390
v 0.00862077 0.03888576 0.02446390
v 0.01030873 0.03847272 0.02446390
v 0.01197708 0.03798644 0.02446390
v 0.01362262 0.03742785 0.02446390
v 0.01524224 0.03679802 0.02446390
v 0.01683284 0.03609814 0.02446390
v 0.01839139 0.03532954 0.02446390
v 0.01991494 0.03449370 0.02446390
v 0.02140058 0.03359219 0.02446390
v 0.02284548 0.03262673 0.02446390
v 0.02424690 0.03159918 0.02446390
v 0.02560216 0.03051146 0.02446390
v 0.02690868 0.02936567 0.02446390
v 0.02816398 0.02816398 0.02446390
v 0.02936567 0.02690868 0.02446390
v 0.03051146 0.02560216 0.02446390
v 0.03159918 0.02424690 0.02446390
v 0.03262673 0.02284548 0.02446390
v 0.03359219 0.02140058 0.02446390
v 0.03449370 0.01991494 0.02446390
v 0.03532954 0.01839139 0.02446390
v 0.03609814 0.01683284 0.02446390
v 0.03679802 0.01524224 0.02446390
v 0.03742785 0.01362262 0.02446390
v 0.03798644 0.01197708 0.02446390
v 0.03847272 0.01030873 0.02446390
v 0.03888576 0.00862077 0.02446390
v 0.03922478 0.00691639 0.02446390
v 0.03948914 0.00519884 0.02446390
v 0.03967832 0.00347140 0.02446390
v 0.03979198 0.00173736 0.02446390
v 0.03982989 0.00000000 0.02446390
v 0.03979198 -0.00173736 0.02446390
v 0.03967832 -0.00347140 0.02446390
v 0.03948914 -0.00519884 0.02446390
v 0.03922478 -0.00691639 0.02446390
v 0.03888576 -0.00862077 0.02446390
v 0.03847272 -0.01030873 0.02446390
v 0.03798644 -0.01197708 0.02446390
v 0.03742785 -0.01362262 0.02446390
v 0.03679802 -0.01524224 0.02446390
v 0.03609814 -0.01683284 0.02446390
v 0.03532954 -0.01839139 0.02446390
v 0.03449370 -0.01991494 0.02446390
v 0.03359219 -0.02140058 0.02446390
v 0.03262673 -0.02284548 0.02446390
v 0.03159918 -0.02424690 0.02446390
v 0.03051146 -0.02560216 0.02446390
v 0.02936567 -0.02690868 0.02446390
v 0.02816398 -0.02816398 0.02446390
v 0.02690868 -0.02936567 0.02446390
v 0.02560216 -0.03051146 0.02446390
v 0.02424690 -0.03159918 0.02446390
v 0.02284548 -0.03262673 0.02446390
v 0.02140058 -0.03359219 0.02446390
v 0.01991494 -0.03449370 0.02446390
v 0.01839139 -0.03532954 0.02446390
v 0.01683284 -0.03609814 0.02446390
v 0.01524224 -0.03679802 0.02446390
v 0.01362262 -0.03742785 0.02446390
v 0.01197708 -0.03798644 0.02446390
v 0.01030873 -0.03847272 0.02446390
v 0.00862077 -0.03888576 0.02446390
v 0.00691639 -0.03922478 0.02446390
v 0.00519884 -0.03948914 0.02446390
v 0.00347140 -0.03967832 0.02446390
v 0.00173736 -0.03979198 0.02446390
v 0.00000000 -0.03982989 0.02446390
v -0.00173736 -0.03979198 0.02446390
v -0.00347140 -0.03967832 0.02446390
v -0.00519884 -0.03948914 0.02446390
v -0.00691639 -0.03922478 0.02446390
v -0.00862077 -0.03888576 0.02446390
v -0.01030873 -0.03847272 0.02446390
v -0.01197708 -0.03798644 0.02446390
v -0.01362262 -0.03742785 0.02446390
v -0.01524224 -0.03679802 0.02446390
v -0.01683284 -0.03609814 0.02446390
v -0.01839139 -0.03532954 0.02446390
v -0.01991494 -0.03449370 0.02446390
v -0.02140058 -0.03359219 0.02446390
v -0.02284548 -0.03262673 0.02446390
v -0.02424690 -0.03159918 0.02446390
v -0.02560216 -0.03051146 0.02446390
v -0.02690868 -0.02936567 0.02446390
v -0.02816398 -0.02816398 0.02446390
v -0.02936567 -0.02690868 0.02446390
v -0.03051146 -0.02560216 0.02446390
v -0.03159918 -0.02424690 0.02446390
v -0.03262673 -0.02284548 0.02446390
v -0.03359219 -0.02140058 0.02446390
v -0.03449370 -0.01991494 0.02446390
v -0.03532954 -0.01839139 0.02446390
v -0.03609814 -0.01683284 0.02446390
v -0.03679802 -0.01524224 0.02446390
v -0.03742785 -0.01362262 0.02446390
v -0.03798644 -0.01197708 0.02446390
v -0.03847272 -0.01030873 0.02446390
v -0.03888576 -0.00862077 0.02446390
v -0.03922478 -0.00691639 0.02446390
v -0.03948914 -0.00519884 0.02446390
v -0.03967832 -0.00347140 0.02446390
v -0.03979198 -0.00173736 0.02446390
v -0.03982989 0.00000000 0.02446390
v -0.03981247 0.00173825 0.02459268
v -0.03969875 0.00347319 0.02459268
v -0.03950947 0.00520152 0.02459268
v -0.03924498 0.00691995 0.02459268
v -0.03890578 0.00862520 0.02459268
v -0.03849253 0.01031404 0.02459268
v -0.03800600 0.01198325 0.02459268
v -0.03744712 0.01362964 0.02459268
v -0.03681697 0.01525009 0.02459268
v -0.03611673 0.01684151 0.02459268
v -0.03534773 0.01840087 0.02459268
v -0.03451146 0.01992520 0.02459268
v -0.03360948 0.02141160 0.02459268
v -0.03264353 0.02285725 0.02459268
v -0.03161545 0.02425938 0.02459268
v -0.03052718 0.02561534 0.02459268
v -0.02938079 0.02692254 0.02459268
v -0.02817849 0.02817849 0.02459268
v -0.02692254 0.02938079 0.02459268
v -0.02561534 0.03052718 0.02459268
v -0.02425938 0.03161545 0.02459268
v -0.02285725 0.03264353 0.02459268
v -0.02141160 0.03360948 0.02459268
v -0.01992520 0.03451146 0.02459268
v -0.01840087 0.03534773 0.02459268
v -0.01684151 0.03611673 0.02459268
v -0.01525009 0.03681697 0.02459268
v -0.01362964 0.03744712 0.02459268
v -0.01198325 0.03800600 0.02459268
v -0.01031404 0.03849253 0.02459268
v -0.00862520 0.03890578 0.02459268
v -0.00691995 0.03924498 0.02459268
v -0.00520152 0.03950947 0.02459268
v -0.00347319 0.03969875 0.02459268
v -0.00173825 0.03981247 0.02459268
v -0.00000000 0.03985040 0.02459268
v 0.00173825 0.03981247 0.02459268
v 0.00347319 0.03969875 0.02459268
v 0.00520152 0.03950947 0.02459268
v 0.00691995 0.03924498 0.02459268
v 0.00862520 0.03890578 0.02459268
v 0.01031404 0.03849253 0.02459268
v 0.01198325 0.03800600 0.02459268
v 0.01362964 0.03744712 0.02459268
v 0.01525009 0.03681697 0.02459268
v 0.01684151 0.03611673 0.02459268
v 0.01840087 0.03534773 0.02459268
v 0.01992520 0.03451146 0.02459268
v 0.02141160 0.03360948 0.02459268
v 0.02285725 0.03264353 0.02459268
v 0.02425938 0.03161545 0.02459268
v 0.02561534 0.03052718 0.02459268
v 0.02692254 0.02938079 0.02459268
v 0.02817849 0.02817849 0.02459268
v 0.02938079 0.02692254 0.02459268
v 0.03052718 0.02561534 0.02459268
v 0.03161545 0.02425938 0.02459268
v 0.03264353 0.02285725 0.02459268
v 0.03360948 0.02141160 0.02459268
v 0.03451146 0.01992520 0.02459268
v 0.03534773 0.01840087 0.02459268
v 0.03611673 0.01684151 0.02459268
v 0.03681697 0.01525009 0.02459268
v 0.03744712 0.01362964 0.02459268
v 0.03800600 0.01198325 0.02459268
v 0.03849253 0.01031404 0.02459268
v 0.03890578 0.00862520 0.02459268
v 0.03924498 0.00691995 0.02459268
v 0.03950947 0.00520152 0.02459268
v 0.03969875 0.00347319 0.02459268
v 0.03981247 0.00173825 0.02459268
v 0.03985040 0.00000000 0.02459268
v 0.03981247 -0.00173825 0.02459268
v 0.03969875 -0.00347319 0.02459268
v 0.03950947 -0.00520152 0.02459268
v 0.03924498 -0.00691995 0.02459268
v 0.03890578 -0.00862520 0.02459268
v 0.03849253 -0.01031404 0.02459268
v 0.03800600 -0.01198325 0.02459268
v 0.03744712 -0.01362964 0.02459268
v 0.03681697 -0.01525009 0.02459268
v 0.03611673 -0.01684151 0.02459268
v 0.03534773 -0.01840087 0.02459268
v 0.03451146 -0.01992520 0.02459268
v 0.03360948 -0.02141160 0.02459268
v 0.03264353 -0.02285725 0.02459268
v 0.03161545 -0.02425938 0.02459268
v 0.03052718 -0.02561534 0.02459268
v 0.02938079 -0.02692254 0.02459268
v 0.02817849 -0.02817849 0.02459268
v 0.02692254 -0.02938079 0.02459268
v 0.02561534 -0.03052718 0.02459268
v 0.02425938 -0.03161545 0.02459268
v 0.02285725 -0.03264353 0.02459268
v 0.02141160 -0.03360948 0.02459268
v 0.01992520 -0.03451146 0.02459268
v 0.01840087 -0.03534773 0.02459268
v 0.01684151 -0.03611673 0.02459268
v 0.01525009 -0.03681697 0.02459268
v 0.01362964 -0.03744712 0.02459268
v 0.01198325 -0.03800600 0.02459268
v 0.01031404 -0.03849253 0.02459268
v 0.00862520 -0.03890578 0.02459268
v 0.00691995 -0.03924498 0.02459268
v 0.00520152 -0.03950947 0.02459268
v 0.00347319 -0.03969875 0.02459268
v 0.00173825 -0.03981247 0.02459268
v 0.00000000 -0.03985040 0.02459268
v -0.00173825 -0.03981247 0.02459268
v -0.00347319 -0.03969875 0.02459268
v -0.00520152 -0.03950947 0.02459268
v -0.00691995 -0.03924498 0.02459268
v -0.00862520 -0.03890578 0.02459268
v -0.01031404 -0.03849253 0.02459268
v -0.01198325 -0.03800600 0.02459268
v -0.01362964 -0.03744712 0.02459268
v -0.01525009 -0.03681697 0.02459268
v -0.01684151 -0.03611673 0.02459268
v -0.01840087 -0.03534773 0.02459268
v -0.01992520 -0.03451146 0.02459268
v -0.02141160 -0.03360948 0.02459268
v -0.02285725 -0.03264353 0.02459268
v -0.02425938 -0.03161545 0.02459268
v -0.02561534 -0.03052718 0.02459268
v -0.02692254 -0.02938079 0.02459268
v -0.02817849 -0.02817849 0.02459268
v -0.02938079 -0.02692254 0.02459268
v -0.03052718 -0.02561534 0.02459268
v -0.03161545 -0.02425938 0.02459268
v -0.03264353 -0.02285725 0.02459268
v -0.03360948 -0.02141160 0.02459268
v -0.03451146 -0.01992520 0.02459268
v -0.03534773 -0.01840087 0.02459268
v -0.03611673 -0.01684151 0.02459268
v -0.03681697 -0.01525009 0.02459268
v -0.03744712 -0.01362964 0.02459268
v -0.03800600 -0.01198325 0.02459268
v -0.03849253 -0.01031404 0.02459268
v -0.03890578 -0.00862520 0.02459268
v -0.03924498 -0.00691995 0.02459268
v -0.03950947 -0.00520152 0.02459268
v -0.03969875 -0.00347319 0.02459268
v -0.03981247 -0.00173825 0.02459268
v -0.03985040 0.00000000 0.02459268
v -0.03982735 0.00173890 0.02472224
v -0.03971359 0.00347449 0.02472224
v -0.03952424 0.00520346 0.02472224
v -0.03925965 0.00692254 0.02472224
v -0.03892032 0.00862843 0.02472224
v -0.03850691 0.01031790 0.02472224
v -0.03802020 0.01198772 0.02472224
v -0.03746112 0.01363473 0.02472224
v -0.03683073 0.01525579 0.02472224
v -0.03613022 0.01684780 0.02472224
v -0.03536094 0.01840774 0.02472224
v -0.03452436 0.01993265 0.02472224
v -0.03362205 0.02141961 0.02472224
v -0.03265573 0.02286579 0.02472224
v -0.03162726 0.02426845 0.02472224
v -0.03053859 0.02562492 0.02472224
v -0.02939177 0.02693260 0.02472224
v -0.02818902 0.02818902 0.02472224
v -0.02693260 0.02939177 0.02472224
v -0.02562492 0.03053859 0.02472224
v -0.02426845 0.03162726 0.02472224
v -0.02286579 0.03265573 0.02472224
v -0.02141961 0.03362205 0.02472224
v -0.01993265 0.03452436 0.02472224
v -0.01840774 0.03536094 0.02472224
v -0.01684780 0.03613022 0.02472224
v -0.01525579 0.03683073 0.02472224
v -0.01363473 0.03746112 0.02472224
v -0.01198772 0.03802020 0.02472224
v -0.01031790 0.03850691 0.02472224
v -0.00862843 0.03892032 0.02472224
v -0.00692254 0.03925965 0.02472224
v -0.00520346 0.03952424 0.02472224
v -0.00347449 0.03971359 0.02472224
v -0.00173890 0.03982735 0.02472224
v -0.00000000 0.03986529 0.02472224
v 0.00173890 0.03982735 0.02472224
v 0.00347449 0.03971359 0.02472224
v 0.00520346 0.03952424 0.02472224
v 0.00692254 0.03925965 0.02472224
v 0.00862843 0.03892032 0.02472224
v 0.01031790 0.03850691 0.02472224
v 0.01198772 0.03802020 0.02472224
v 0.01363473 0.03746112 0.02472224
v 0.01525579 0.03683073 0.02472224
v 0.01684780 0.03613022 0.02472224
v 0.01840774 0.03536094 0.02472224
v 0.01993265 0.03452436 0.02472224
v 0.02141961 0.03362205 0.02472224
v 0.02286579 0.03265573 0.02472224
v 0.02426845 0.03162726 0.02472224
v 0.02562492 0.03053859 0.02472224
v 0.02693260 0.02939177 0.02472224
v 0.02818902 0.02818902 0.02472224
v 0.02939177 0.02693260 0.02472224
v 0.03053859 0.02562492 0.02472224
v 0.03162726 0.02426845 0.02472224
v 0.03265573 0.02286579 0.02472224
v 0.03362205 0.02141961 0.02472224
v 0.03452436 0.01993265 0.02472224
v 0.03536094 0.01840774 0.02472224
v 0.03613022 0.01684780 0.02472224
v 0.03683073 0.01525579 0.02472224
v 0.03746112 0.01363473 0.02472224
v 0.03802020 0.01198772 0.02472224
v 0.03850691 0.01031790 0.02472224
v 0.03892032 0.00862843 0.02472224
v 0.03925965 0.00692254 0.02472224
v 0.03952424 0.00520346 0.02472224
v 0.03971359 0.00347449 0.02472224
v 0.03982735 0.00173890 0.02472224
v 0.03986529 0.00000000 0.02472224
v 0.03982735 -0.00173890 0.02472224
v 0.03971359 -0.00347449 0.02472224
v 0.03952424 -0.00520346 0.02472224
v 0.03925965 -0.00692254 0.02472224
v 0.03892032 -0.00862843 0.02472224
v 0.03850691 -0.01031790 0.02472224
v 0.03802020 -0.01198772 0.02472224
v 0.03746112 -0.01363473 0.02472224
v 0.03683073 -0.01525579 0.02472224
v 0.03613022 -0.01684780 0.02472224
v 0.03536094 -0.01840774 0.02472224
v 0.03452436 -0.01993265 0.02472224
v 0.03362205 -0.02141961 0.02472224
v 0.03265573 -0.02286579 0.02472224
v 0.03162726 -0.02426845 0.02472224
v 0.03053859 -0.02562492 0.02472224
v 0.02939177 -0.02693260 0.02472224
v 0.02818902 -0.02818902 0.02472224
v 0.02693260 -0.02939177 0.02472224
v 0.02562492 -0.03053859 0.02472224
v 0.02426845 -0.03162726 0.02472224
v 0.02286579 -0.03265573 0.02472224
v 0.02141961 -0.03362205 0.02472224
v 0.01993265 -0.03452436 0.02472224
v 0.01840774 -0.03536094 0.02472224
v 0.01684780 -0.03613022 0.02472224
v 0.01525579 -0.03683073 0.02472224
v 0.01363473 -0.03746112 0.02472224
v 0.01198772 -0.03802020 0.02472224
v 0.01031790 -0.03850691 0.02472224
v 0.00862843 -0.03892032 0.02472224
v 0.00692254 -0.03925965 0.02472224
v 0.00520346 -0.03952424 0.02472224
v 0.00347449 -0.03971359 0.02472224
v 0.00173890 -0.03982735 0.02472224
v 0.00000000 -0.03986529 0.02472224
v -0.00173890 -0.03982735 0.02472224
v -0.00347449 -0.03971359 0.02472224
v -0.00520346 -0.03952424 0.02472224
v -0.00692254 -0.03925965 0.02472224
v -0.00862843 -0.03892032 0.02472224
v -0.01031790 -0.03850691 0.02472224
v -0.01198772 -0.03802020 0.02472224
v -0.01363473 -0.03746112 0.02472224
v -0.01525579 -0.03683073 0.02472224
v -0.01684780 -0.03613022 0.02472224
v -0.01840774 -0.03536094 0.02472224
v -0.01993265 -0.03452436 0.02472224
v -0.02141961 -0.03362205 0.02472224
v -0.02286579 -0.03265573 0.02472224
v -0.02426845 -0.03162726 0.02472224
v -0.02562492 -0.03053859 0.02472224
v -0.02693260 -0.02939177 0.02472224
v -0.02818902 -0.02818902 0.02472224
v -0.02939177 -0.02693260 0.02472224
v -0.03053859 -0.02562492 0.02472224
v -0.03162726 -0.02426845 0.02472224
v -0.03265573 -0.02286579 0.02472224
v -0.03362205 -0.02141961 0.02472224
v -0.03452436 -0.01993265 0.02472224
v -0.03536094 -0.01840774 0.02472224
v -0.03613022 -0.01684780 0.02472224
v -0.03683073 -0.01525579 0.02472224
v -0.03746112 -0.01363473 0.02472224
v -0.03802020 -0.01198772 0.02472224
v -0.03850691 -0.01031790 0.02472224
v -0.03892032 -0.00862843 0.02472224
v -0.03925965 -0.00692254 0.02472224
v -0.03952424 -0.00520346 0.02472224
v -0.03971359 -0.00347449 0.02472224
v -0.03982735 -0.00173890 0.02472224
v -0.03986529 0.00000000 0.02472224
v -0.03983659 0.00173930 0.02485231
v -0.03972280 0.00347530 0.02485231
v -0.03953341 0.00520467 0.02485231
v -0.03926876 0.00692414 0.02485231
v -0.03892935 0.00863043 0.02485231
v -0.03851585 0.01032029 0.02485231
v -0.03802903 0.01199051 0.02485231
v -0.03746981 0.01363790 0.02485231
v -0.03683927 0.01525933 0.02485231
v -0.03613861 0.01685171 0.02485231
v -0.03536915 0.01841201 0.02485231
v -0.03453236 0.01993727 0.02485231
v -0.03362985 0.02142457 0.02485231
v -0.03266331 0.02287110 0.02485231
v -0.03163460 0.02427408 0.02485231
v -0.03054567 0.02563086 0.02485231
v -0.02939860 0.02693885 0.02485231
v -0.02819556 0.02819556 0.02485231
v -0.02693885 0.02939860 0.02485231
v -0.02563086 0.03054567 0.02485231
v -0.02427408 0.03163460 0.02485231
v -0.02287110 0.03266331 0.02485231
v -0.02142457 0.03362985 0.02485231
v -0.01993727 0.03453236 0.02485231
v -0.01841201 0.03536915 0.02485231
v -0.01685171 0.03613861 0.02485231
v -0.01525933 0.03683927 0.02485231
v -0.01363790 0.03746981 0.02485231
v -0.01199051 0.03802903 0.02485231
v -0.01032029 0.03851585 0.02485231
v -0.00863043 0.03892935 0.02485231
v -0.00692414 0.03926876 0.02485231
v -0.00520467 0.03953341 0.02485231
v -0.00347530 0.03972280 0.02485231
v -0.00173930 0.03983659 0.02485231
v -0.00000000 0.03987454 0.02485231
v 0.00173930 0.03983659 0.02485231
v 0.00347530 0.03972280 0.02485231
v 0.00520467 0.03953341 0.02485231
v 0.00692414 0.03926876 0.02485231
v 0.00863043 0.03892935 0.02485231
v 0.01032029 0.03851585 0.02485231
v 0.01199051 0.03802903 0.02485231
v 0.01363790 0.03746981 0.02485231
v 0.01525933 0.03683927 0.02485231
v 0.01685171 0.03613861 0.02485231
v 0.01841201 0.03536915 0.02485231
v 0.01993727 0.03453236 0.02485231
v 0.02142457 0.03362985 0.02485231
v 0.02287110 0.03266331 0.02485231
v 0.02427408 0.03163460 0.02485231
v 0.02563086 0.03054567 0.02485231
v 0.02693885 0.02939860 0.02485231
v 0.02819556 0.02819556 0.02485231
v 0.02939860 0.02693885 0.02485231
v 0.03054567 0.02563086 0.02485231
v 0.03163460 0.02427408 0.02485231
v 0.03266331 0.02287110 0.02485231
v 0.03362985 0.02142457 0.02485231
v 0.03453236 0.01993727 0.02485231
v 0.03536915 0.01841201 0.02485231
v 0.03613861 0.01685171 0.02485231
v 0.03683927 0.01525933 0.02485231
v 0.03746981 0.01363790 0.02485231
v 0.03802903 0.01199051 0.02485231
v 0.03851585 0.01032029 0.02485231
v 0.03892935 0.00863043 0.02485231
v 0.03926876 0.00692414 0.02485231
v 0.03953341 0.00520467 0.02485231
v 0.03972280 0.00347530 0.02485231
v 0.03983659 0.00173930 0.02485231
v 0.03987454 0.00000000 0.02485231
v 0.03983659 -0.00173930 0.02485231
v 0.03972280 -0.00347530 0.02485231
v 0.03953341 -0.00520467 0.02485231
v 0.03926876 -0.00692414 0.02485231
v 0.03892935 -0.00863043 0.02485231
v 0.03851585 -0.01032029 0.02485231
v 0.03802903 -0.01199051 0.02485231
v 0.03746981 -0.01363790 0.02485231
v 0.03683927 -0.01525933 0.02485231
v 0.03613861 -0.01685171 0.02485231
v 0.03536915 -0.01841201 0.02485231
v 0.03453236 -0.01993727 0.02485231
v 0.03362985 -0.02142457 0.02485231
v 0.03266331 -0.02287110 0.02485231
v 0.03163460 -0.02427408 0.02485231
v 0.03054567 -0.02563086 0.02485231
v 0.02939860 -0.02693885 0.02485231
v 0.02819556 -0.02819556 0.02485231
v 0.02693885 -0.02939860 0.02485231
v 0.02563086 -0.03054567 0.02485231
v 0.02427408 -0.03163460 0.02485231
v 0.02287110 -0.03266331 0.02485231
v 0.02142457 -0.03362985 0.02485231
v 0.01993727 -0.03453236 0.02485231
v 0.01841201 -0.03536915 0.02485231
v 0.01685171 -0.03613861 0.02485231
v 0.01525933 -0.03683927 0.02485231
v 0.01363790 -0.03746981 0.02485231
v 0.01199051 -0.03802903 0.02485231
v 0.01032029 -0.03851585 0.02485231
v 0.00863043 -0.03892935 0.02485231
v 0.00692414 -0.03926876 0.02485231
v 0.00520467 -0.03953341 0.02485231
v 0.00347530 -0.03972280 0.02485231
v 0.00173930 -0.03983659 0.02485231
v 0.00000000 -0.03987454 0.02485231
v -0.00173930 -0.03983659 0.02485231
v -0.00347530 -0.03972280 0.02485231
v -0.00520467 -0.03953341 0.02485231
v -0.00692414 -0.03926876 0.02485231
v -0.00863043 -0.03892935 0.02485231
v -0.01032029 -0.03851585 0.02485231
v -0.01199051 -0.03802903 0.02485231
v -0.01363790 -0.03746981 0.02485231
v -0.01525933 -0.03683927 0.02485231
v -0.01685171 -0.03613861 0.02485231
v -0.01841201 -0.03536915 0.02485231
v -0.01993727 -0.03453236 0.02485231
v -0.02142457 -0.03362985 0.02485231
v -0.02287110 -0.03266331 0.02485231
v -0.02427408 -0.03163460 0.02485231
v -0.02563086 -0.03054567 0.02485231
v -0.02693885 -0.02939860 0.02485231
v -0.02819556 -0.02819556 0.02485231
v -0.02939860 -0.02693885 0.02485231
v -0.03054567 -0.02563086 0.02485231
v -0.03163460 -0.02427408 0.02485231
v -0.03266331 -0.02287110 0.02485231
v -0.03362985 -0.02142457 0.02485231
v -0.03453236 -0.01993727 0.02485231
v -0.03536915 -0.01841201 0.02485231
v -0.03613861 -0.01685171 0.02485231
v -0.03683927 -0.01525933 0.02485231
v -0.03746981 -0.01363790 0.02485231
v -0.03802903 -0.01199051 0.02485231
v -0.03851585 -0.01032029 0.02485231
v -0.03892935 -0.00863043 0.02485231
v -0.03926876 -0.00692414 0.02485231
v -0.03953341 -0.00520467 0.02485231
v -0.03972280 -0.00347530 0.02485231
v -0.03983659 -0.00173930 0.02485231
v -0.03987454 0.00000000 0.02485231
v -0.03984017 0.00173946 0.02498267
v -0.03972638 0.00347561 0.02498267
v -0.03953696 0.00520514 0.02498267
v -0.03927229 0.00692476 0.02498267
v -0.03893286 0.00863121 0.02498267
v -0.03851931 0.01032122 0.02498267
v -0.03803245 0.01199158 0.02498267
v -0.03747318 0.01363912 0.02498267
v -0.03684258 0.01526070 0.02498267
v -0.03614186 0.01685322 0.02498267
v -0.03537233 0.01841367 0.02498267
v -0.03453547 0.01993906 0.02498267
v -0.03363287 0.02142650 0.02498267
v -0.03266625 0.02287315 0.02498267
v -0.03163745 0.02427627 0.02498267
v -0.03054842 0.02563317 0.02498267
v -0.02940124 0.02694127 0.02498267
v -0.02819810 0.02819810 0.02498267
v -0.02694127 0.02940124 0.02498267
v -0.02563317 0.03054842 0.02498267
v -0.02427627 0.03163745 0.02498267
v -0.02287315 0.03266625 0.02498267
v -0.02142650 0.03363287 0.02498267
v -0.01993906 0.03453547 0.02498267
v -0.01841367 0.03537233 0.02498267
v -0.01685322 0.03614186 0.02498267
v -0.01526070 0.03684258 0.02498267
v -0.01363912 0.03747318 0.02498267
v -0.01199158 0.03803245 0.02498267
v -0.01032122 0.03851931 0.02498267
v -0.00863121 0.03893286 0.02498267
v -0.00692476 0.03927229 0.02498267
v -0.00520514 0.03953696 0.02498267
v -0.00347561 0.03972638 0.02498267
v -0.00173946 0.03984017 0.02498267
v -0.00000000 0.03987813 0.02498267
v 0.00173946 0.03984017 0.02498267
v 0.00347561 0.03972638 0.02498267
v 0.00520514 0.03953696 0.02498267
v 0.00692476 0.03927229 0.02498267
v 0.00863121 0.03893286 0.02498267
v 0.01032122 0.03851931 0.02498267
v 0.01199158 0.03803245 0.02498267
v 0.01363912 0.03747318 0.02498267
v 0.01526070 0.03684258 0.02498267
v 0.01685322 0.03614186 0.02498267
v 0.01841367 0.03537233 0.02498267
v 0.01993906 0.03453547 0.02498267
v 0.02142650 0.03363287 0.02498267
v 0.02287315 0.03266625 0.02498267
v 0.02427627 0.03163745 0.02498267
v 0.02563317 0.03054842 0.02498267
v 0.02694127 0.02940124 0.02498267
v 0.02819810 0.02819810 0.02498267
v 0.02940124 0.02694127 0.02498267
v 0.03054842 0.02563317 0.02498267
v 0.03163745 0.02427627 0.02498267
v 0.03266625 0.02287315 0.02498267
v 0.03363287 0.02142650 0.02498267
v 0.03453547 0.01993906 0.02498267
v 0.03537233 0.01841367 0.02498267
v 0.03614186 0.01685322 0.02498267
v 0.03684258 0.01526070 0.02498267
v 0.03747318 0.01363912 0.02498267
v 0.03803245 0.01199158 0.02498267
v 0.03851931 0.01032122 0.02498267
v 0.03893286 0.00863121 0.02498267
v 0.03927229 0.00692476 0.02498267
v 0.03953696 0.00520514 0.02498267
v 0.03972638 0.00347561 0.02498267
v 0.03984017 0.00173946 0.02498267
v 0.03987813 0.00000000 0.02498267
v 0.03984017 -0.00173946 0.02498267
v 0.03972638 -0.00347561 0.02498267
v 0.03953696 -0.00520514 0.02498267
v 0.03927229 -0.00692476 0.02498267
v 0.03893286 -0.00863121 0.02498267
v 0.03851931 -0.01032122 0.02498267
v 0.03803245 -0.01199158 0.02498267
v 0.03747318 -0.01363912 0.02498267
v 0.03684258 -0.01526070 0.02498267
v 0.03614186 -0.01685322 0.02498267
v 0.03537233 -0.01841367 0.02498267
v 0.03453547 -0.01993906 0.02498267
v 0.03363287 -0.02142650 0.02498267
v 0.03266625 -0.02287315 0.02498267
v 0.03163745 -0.02427627 0.02498267
v 0.03054842 -0.02563317 0.02498267
v 0.02940124 -0.02694127 0.02498267
v 0.02819810 -0.02819810 0.02498267
v 0.02694127 -0.02940124 0.02498267
v 0.02563317 -0.03054842 0.02498267
v 0.02427627 -0.03163745 0.02498267
v 0.02287315 -0.03266625 0.02498267
v 0.02142650 -0.03363287 0.02498267
v 0.01993906 -0.03453547 0.02498267
v 0.01841367 -0.03537233 0.02498267
v 0.01685322 -0.03614186 0.02498267
v 0.01526070 -0.03684258 0.02498267
v 0.01363912 -0.03747318 0.02498267
v 0.01199158 -0.03803245 0.02498267
v 0.01032122 -0.03851931 0.02498267
v 0.00863121 -0.03893286 0.02498267
v 0.00692476 -0.03927229 0.02498267
v 0.00520514 -0.03953696 0.02498267
v 0.00347561 -0.03972638 0.02498267
v 0.00173946 -0.03984017 0.02498267
v 0.00000000 -0.03987813 0.02498267
v -0.00173946 -0.03984017 0.02498267
v -0.00347561 -0.03972638 0.02498267
v -0.00520514 -0.03953696 0.02498267
v -0.00692476 -0.03927229 0.02498267
v -0.00863121 -0.03893286 0.02498267
v -0.01032122 -0.03851931 0.02498267
v -0.01199158 -0.03803245 0.02498267
v -0.01363912 -0.03747318 0.02498267
v -0.01526070 -0.03684258 0.02498267
v -0.01685322 -0.03614186 0.02498267
v -0.01841367 -0.03537233 0.02498267
v -0.01993906 -0.03453547 0.02498267
v -0.02142650 -0.03363287 0.02498267
v -0.02287315 -0.03266625 0.02498267
v -0.02427627 -0.03163745 0.02498267
v -0.02563317 -0.03054842 0.02498267
v -0.02694127 -0.02940124 0.02498267
v -0.02819810 -0.02819810 0.02498267
v -0.02940124 -0.02694127 0.02498267
v -0.03054842 -0.02563317 0.02498267
v -0.03163745 -0.02427627 0.02498267
v -0.03266625 -0.02287315 0.02498267
v -0.03363287 -0.02142650 0.02498267
v -0.03453547 -0.01993906 0.02498267
v -0.03537233 -0.01841367 0.02498267
v -0.03614186 -0.01685322 0.02498267
v -0.03684258 -0.01526070 0.02498267
v -0.03747318 -0.01363912 0.02498267
v -0.03803245 -0.01199158 0.02498267
v -0.03851931 -0.01032122 0.02498267
v -0.03893286 -0.00863121 0.02498267
v -0.03927229 -0.00692476 0.02498267
v -0.03953696 -0.00520514 0.02498267
v -0.03972638 -0.00347561 0.02498267
v -0.03984017 -0.00173946 0.02498267
v -0.03987813 0.00000000 0.02498267
v -0.03983809 0.00173937 0.02511306
v -0.03972431 0.00347543 0.02511306
v -0.03953490 0.00520487 0.02511306
v -0.03927024 0.00692440 0.02511306
v -0.03893083 0.00863076 0.02511306
v -0.03851730 0.01032068 0.02511306
v -0.03803046 0.01199096 0.02511306
v -0.03747123 0.01363841 0.02511306
v -0.03684066 0.01525990 0.02511306
v -0.03613997 0.01685235 0.02511306
v -0.03537048 0.01841271 0.02511306
v -0.03453367 0.01993802 0.02511306
v -0.03363112 0.02142539 0.02511306
v -0.03266454 0.02287196 0.02511306
v -0.03163579 0.02427500 0.02511306
v -0.03054682 0.02563183 0.02511306
v -0.02939971 0.02693987 0.02511306
v -0.02819662 0.02819662 0.02511306
v -0.02693987 0.02939971 0.02511306
v -0.02563183 0.03054682 0.02511306
v -0.02427500 0.03163579 0.02511306
v -0.02287196 0.03266454 0.02511306
v -0.02142539 0.03363112 0.02511306
v -0.01993802 0.03453367 0.02511306
v -0.01841271 0.03537048 0.02511306
v -0.01685235 0.03613997 0.02511306
v -0.01525990 0.03684066 0.02511306
v -0.01363841 0.03747123 0.02511306
v -0.01199096 0.03803046 0.02511306
v -0.01032068 0.03851730 0.02511306
v -0.00863076 0.03893083 0.02511306
v -0.00692440 0.03927024 0.02511306
v -0.00520487 0.03953490 0.02511306
v -0.00347543 0.03972431 0.02511306
v -0.00173937 0.03983809 0.02511306
v -0.00000000 0.03987605 0.02511306
v 0.00173937 0.03983809 0.02511306
v 0.00347543 0.03972431 0.02511306
v 0.00520487 0.03953490 0.02511306
v 0.00692440 0.03927024 0.02511306
v 0.00863076 0.03893083 0.02511306
v 0.01032068 0.03851730 0.02511306
v 0.01199096 0.03803046 0.02511306
v 0.01363841 0.03747123 0.02511306
v 0.01525990 0.03684066 0.02511306
v 0.01685235 0.03613997 0.02511306
v 0.01841271 0.03537048 0.02511306
v 0.01993802 0.03453367 0.02511306
v 0.02142539 0.03363112 0.02511306
v 0.02287196 0.03266454 0.02511306
v 0.02427500 0.03163579 0.02511306
v 0.02563183 0.03054682 0.02511306
v 0.02693987 0.02939971 0.02511306
v 0.02819662 0.02819662 0.02511306
v 0.02939971 0.02693987 0.02511306
v 0.03054682 0.02563183 0.02511306
v 0.03163579 0.02427500 0.02511306
v 0.03266454 0.02287196 0.02511306
v 0.03363112 0.02142539 0.02511306
v 0.03453367 0.01993802 0.02511306
v 0.03537048 0.01841271 0.02511306
v 0.03613997 0.01685235 0.02511306
v 0.03684066 0.01525990 0.02511306
v 0.03747123 0.01363841 0.02511306
v 0.03803046 0.01199096 0.02511306
v 0.03851730 0.01032068 0.02511306
v 0.03893083 0.00863076 0.02511306
v 0.03927024 0.00692440 0.02511306
v 0.03953490 0.00520487 0.02511306
v 0.03972431 0.00347543 0.02511306
v 0.03983809 0.00173937 0.02511306
v 0.03987605 0.00000000 0.02511306
v 0.03983809 -0.00173937 0.02511306
v 0.03972431 -0.00347543 0.02511306
v 0.03953490 -0.00520487 0.02511306
v 0.03927024 -0.00692440 0.02511306
v 0.03893083 -0.00863076 0.02511306
v 0.03851730 -0.01032068 0.02511306
v 0.03803046 -0.01199096 0.02511306
v 0.03747123 -0.01363841 0.02511306
v 0.03684066 -0.01525990 0.02511306
v 0.03613997 -0.01685235 0.02511306
v 0.03537048 -0.01841271 0.02511306
v 0.03453367 -0.01993802 0.02511306
v 0.03363112 -0.02142539 0.02511306
v 0.03266454 -0.02287196 0.02511306
v 0.03163579 -0.02427500 0.02511306
v 0.03054682 -0.02563183 0.02511306
v 0.02939971 -0.02693987 0.02511306
v 0.02819662 -0.02819662 0.02511306
v 0.02693987 -0.02939971 0.02511306
v 0.02563183 -0.03054682 0.02511306
v 0.02427500 -0.03163579 0.02511306
v 0.02287196 -0.03266454 0.02511306
v 0.02142539 -0.03363112 0.02511306
v 0.01993802 -0.03453367 0.02511306
v 0.01841271 -0.03537048 0.02511306
v 0.01685235 -0.03613997 0.02511306
v 0.01525990 -0.03684066 0.02511306
v 0.01363841 -0.03747123 0.02511306
v 0.01199096 -0.03803046 0.02511306
v 0.01032068 -0.03851730 0.02511306
v 0.00863076 -0.03893083 0.02511306
v 0.00692440 -0.03927024 0.02511306
v 0.00520487 -0.03953490 0.02511306
v 0.00347543 -0.03972431 0.02511306
v 0.00173937 -0.03983809 0.02511306
v 0.00000000 -0.03987605 0.02511306
v -0.00173937 -0.03983809 0.02511306
v -0.00347543 -0.03972431 0.02511306
v -0.00520487 -0.03953490 0.02511306
v -0.00692440 -0.03927024 0.02511306
v -0.00863076 -0.03893083 0.02511306
v -0.01032068 -0.03851730 0.02511306
v -0.01199096 -0.03803046 0.02511306
v -0.01363841 -0.03747123 0.02511306
v -0.01525990 -0.03684066 0.02511306
v -0.01685235 -0.03613997 0.02511306
v -0.01841271 -0.03537048 0.02511306
v -0.01993802 -0.03453367 0.02511306
v -0.02142539 -0.03363112 0.02511306
v -0.02287196 -0.03266454 0.02511306
v -0.02427500 -0.03163579 0.02511306
v -0.02563183 -0.03054682 0.02511306
v -0.02693987 -0.02939971 0.02511306
v -0.02819662 -0.02819662 0.02511306
v -0.02939971 -0.02693987 0.02511306
v -0.03054682 -0.02563183 0.02511306
v -0.03163579 -0.02427500 0.02511306
v -0.03266454 -0.02287196 0.02511306
v -0.03363112 -0.02142539 0.02511306
v -0.03453367 -0.01993802 0.02511306
v -0.03537048 -0.01841271 0.02511306
v -0.03613997 -0.01685235 0.02511306
v -0.03684066 -0.01525990 0.02511306
v -0.03747123 -0.01363841 0.02511306
v -0.03803046 -0.01199096 0.02511306
v -0.03851730 -0.01032068 0.02511306
v -0.03893083 -0.00863076 0.02511306
v -0.03927024 -0.00692440 0.02511306
v -0.03953490 -0.00520487 0.02511306
v -0.03972431 -0.00347543 0.02511306
v -0.03983809 -0.00173937 0.02511306
v -0.03987605 0.00000000 0.02511306
v -0.03983035 0.00173903 0.02524324
v -0.03971659 0.00347475 0.02524324
v -0.03952722 0.00520386 0.02524324
v -0.03926261 0.00692306 0.02524324
v -0.03892326 0.00862908 0.02524324
v -0.03850982 0.01031868 0.02524324
v -0.03802307 0.01198863 0.02524324
v -0.03746395 0.01363576 0.02524324
v -0.03683351 0.01525694 0.02524324
v -0.03613295 0.01684907 0.02524324
v -0.03536361 0.01840913 0.02524324
v -0.03452696 0.01993415 0.02524324
v -0.03362458 0.02142122 0.02524324
v -0.03265820 0.02286752 0.02524324
v -0.03162965 0.02427028 0.02524324
v -0.03054089 0.02562685 0.02524324
v -0.02939400 0.02693463 0.02524324
v -0.02819115 0.02819115 0.02524324
v -0.02693463 0.02939400 0.02524324
v -0.02562685 0.03054089 0.02524324
v -0.02427028 0.03162965 0.02524324
v -0.02286752 0.03265820 0.02524324
v -0.02142122 0.03362458 0.02524324
v -0.01993415 0.03452696 0.02524324
v -0.01840913 0.03536361 0.02524324
v -0.01684907 0.03613295 0.02524324
v -0.01525694 0.03683351 0.02524324
v -0.01363576 0.03746395 0.02524324
v -0.01198863 0.03802307 0.02524324
v -0.01031868 0.03850982 0.02524324
v -0.00862908 0.03892326 0.02524324
v -0.00692306 0.03926261 0.02524324
v -0.00520386 0.03952722 0.02524324
v -0.00347475 0.03971659 0.02524324
v -0.00173903 0.03983035 0.02524324
v -0.00000000 0.03986830 0.02524324
v 0.00173903 0.03983035 0.02524324
v 0.00347475 0.03971659 0.02524324
v 0.00520386 0.03952722 0.02524324
v 0.00692306 0.03926261 0.02524324
v 0.00862908 0.03892326 0.02524324
v 0.01031868 0.03850982 0.02524324
v 0.01198863 0.03802307 0.02524324
v 0.01363576 0.03746395 0.02524324
v 0.01525694 0.03683351 0.02524324
v 0.01684907 0.03613295 0.02524324
v 0.01840913 0.03536361 0.02524324
v 0.01993415 0.03452696 0.02524324
v 0.02142122 0.03362458 0.02524324
v 0.02286752 0.03265820 0.02524324
v 0.02427028 0.03162965 0.02524324
v 0.02562685 0.03054089 0.02524324
v 0.02693463 0.02939400 0.02524324
v 0.02819115 0.02819115 0.02524324
v 0.02939400 0.02693463 0.02524324
v 0.03054089 0.02562685 0.02524324
v 0.03162965 0.02427028 0.02524324
v 0.03265820 0.02286752 0.02524324
v 0.03362458 0.02142122 0.02524324
v 0.03452696 0.01993415 0.02524324
v 0.03536361 0.01840913 0.02524324
v 0.03613295 0.01684907 0.02524324
v 0.03683351 0.01525694 0.02524324
v 0.03746395 0.01363576 0.02524324
v 0.03802307 0.01198863 0.02524324
v 0.03850982 0.01031868 0.02524324
v 0.03892326 0.00862908 0.02524324
v 0.03926261 0.00692306 0.02524324
v 0.03952722 0.00520386 0.02524324
v 0.03971659 0.00347475 0.02524324
v 0.03983035 0.00173903 0.02524324
v 0.03986830 0.00000000 0.02524324
v 0.03983035 -0.00173903 0.02524324
v 0.03971659 -0.00347475 0.02524324
v 0.03952722 -0.00520386 0.02524324
v 0.03926261 -0.00692306 0.02524324
v 0.03892326 -0.00862908 0.02524324
v 0.03850982 -0.01031868 0.02524324
v 0.03802307 -0.01198863 0.02524324
v 0.03746395 -0.01363576 0.02524324
v 0.03683351 -0.01525694 0.02524324
v 0.03613295 -0.01684907 0.02524324
v 0.03536361 -0.01840913 0.02524324
v 0.03452696 -0.01993415 0.02524324
v 0.03362458 -0.02142122 0.02524324
v 0.03265820 -0.02286752 0.02524324
v 0.03162965 -0.02427028 0.02524324
v 0.03054089 -0.02562685 0.02524324
v 0.02939400 -0.02693463 0.02524324
v 0.02819115 -0.02819115 0.02524324
v 0.02693463 -0.02939400 0.02524324
v 0.02562685 -0.03054089 0.02524324
v 0.02427028 -0.03162965 0.02524324
v 0.02286752 -0.03265820 0.02524324
v 0.02142122 -0.03362458 0.02524324
v 0.01993415 -0.03452696 0.02524324
v 0.01840913 -0.03536361 0.02524324
v 0.01684907 -0.03613295 0.02524324
v 0.01525694 -0.03683351 0.02524324
v 0.01363576 -0.03746395 0.02524324
v 0.01198863 -0.03802307 0.02524324
v 0.01031868 -0.03850982 0.02524324
v 0.00862908 -0.03892326 0.02524324
v 0.00692306 -0.03926261 0.02524324
v 0.00520386 -0.03952722 0.02524324
v 0.00347475 -0.03971659 0.02524324
v 0.00173903 -0.03983035 0.02524324
v 0.00000000 -0.03986830 0.02524324
v -0.00173903 -0.03983035 0.02524324
v -0.00347475 -0.03971659 0.02524324
v -0.00520386 -0.03952722 0.02524324
v -0.00692306 -0.03926261 0.02524324
v -0.00862908 -0.03892326 0.02524324
v -0.01031868 -0.03850982 0.02524324
v -0.01198863 -0.03802307 0.02524324
v -0.01363576 -0.03746395 0.02524324
v -0.01525694 -0.03683351 0.02524324
v -0.01684907 -0.03613295 0.02524324
v -0.01840913 -0.03536361 0.02524324
v -0.01993415 -0.03452696 0.02524324
v -0.02142122 -0.03362458 0.02524324
v -0.02286752 -0.03265820 0.02524324
v -0.02427028 -0.03162965 0.02524324
v -0.02562685 -0.03054089 0.02524324
v -0.02693463 -0.02939400 0.02524324
v -0.02819115 -0.02819115 0.02524324
v -0.02939400 -0.02693463 0.02524324
v -0.03054089 -0.02562685 0.02524324
v -0.03162965 -0.02427028 0.02524324
v -0.03265820 -0.02286752 0.02524324
v -0.03362458 -0.02142122 0.02524324
v -0.03452696 -0.01993415 0.02524324
v -0.03536361 -0.01840913 0.02524324
v -0.03613295 -0.01684907 0.02524324
v -0.03683351 -0.01525694 0.02524324
v -0.03746395 -0.01363576 0.02524324
v -0.03802307 -0.01198863 0.02524324
v -0.03850982 -0.01031868 0.02524324
v -0.03892326 -0.00862908 0.02524324
v -0.03926261 -0.00692306 0.02524324
v -0.03952722 -0.00520386 0.02524324
v -0.03971659 -0.00347475 0.02524324
v -0.03983035 -0.00173903 0.02524324
v -0.03986830 -0.00000000 0.02524324
v 0.00169544 -0.00014833 0.06196378
v 0.00170030 -0.00007424 0.06196378
v -0.00000000 0.00000000 0.06200000
v 0.00168736 -0.00022214 0.06196378
v 0.00167606 -0.00029553 0.06196378
v 0.00166157 -0.00036836 0.06196378
v 0.00164392 -0.00044049 0.06196378
v 0.00162315 -0.00051178 0.06196378
v 0.00159928 -0.00058209 0.06196378
v 0.00157237 -0.00065130 0.06196378
v 0.00154246 -0.00071926 0.06196378
v 0.00150962 -0.00078586 0.06196378
v 0.00147390 -0.00085096 0.06196378
v 0.00143538 -0.00091444 0.06196378
v 0.00139413 -0.00097618 0.06196378
v 0.00135022 -0.00103606 0.06196378
v 0.00130374 -0.00109397 0.06196378
v 0.00125478 -0.00114980 0.06196378
v 0.00120344 -0.00120344 0.06196378
v 0.00114980 -0.00125478 0.06196378
v 0.00109397 -0.00130374 0.06196378
v 0.00103606 -0.00135022 0.06196378
v 0.00097618 -0.00139413 0.06196378
v 0.00091444 -0.00143538 0.06196378
v 0.00085096 -0.00147390 0.06196378
v 0.00078586 -0.00150962 0.06196378
v 0.00071926 -0.00154246 0.06196378
v 0.00065130 -0.00157237 0.06196378
v 0.00058209 -0.00159928 0.06196378
v 0.00051178 -0.00162315 0.06196378
v 0.00044049 -0.00164392 0.06196378
v 0.00036836 -0.00166157 0.06196378
v 0.00029553 -0.00167606 0.06196378
v 0.00022214 -0.00168736 0.06196378
v 0.00014833 -0.00169544 0.06196378
v 0.00007424 -0.00170030 0.06196378
v -0.00000000 -0.00170192 0.06196378
v -0.00007424 -0.00170030 0.06196378
v -0.00014833 -0.00169544 0.06196378
v -0.00022214 -0.00168736 0.06196378
v -0.00029553 -0.00167606 0.06196378
v -0.00036836 -0.00166157 0.06196378
v -0.00044049 -0.00164392 0.06196378
v -0.00051178 -0.00162315 0.06196378
v -0.00058209 -0.00159928 0.06196378
v -0.00065130 -0.00157237 0.06196378
v -0.00071926 -0.00154246 0.06196378
v -0.00078586 -0.00150962 0.06196378
v -0.00085096 -0.00147390 0.06196378
v -0.00091444 -0.00143538 0.06196378
v -0.00097618 -0.00139413 0.06196378
v -0.00103606 -0.00135022 0.06196378
v -0.00109397 -0.00130374 0.06196378
v -0.00114980 -0.00125478 0.06196378
v -0.00120344 -0.00120344 0.06196378
v -0.00125478 -0.00114980 0.06196378
v -0.00130374 -0.00109397 0.06196378
v -0.00135022 -0.00103606 0.06196378
v -0.00139413 -0.00097618 0.06196378
v -0.00143538 -0.00091444 0.06196378
v -0.00147390 -0.00085096 0.06196378
v -0.00150962 -0.00078586 0.06196378
v -0.00154246 -0.00071926 0.06196378
v -0.00157237 -0.00065130 0.06196378
v -0.00159928 -0.00058209 0.06196378
v -0.00162315 -0.00051178 0.06196378
v -0.00164392 -0.00044049 0.06196378
v -0.00166157 -0.00036836 0.06196378
v -0.00167606 -0.00029553 0.06196378
v -0.00168736 -0.00022214 0.06196378
v -0.00169544 -0.00014833 0.06196378
v -0.00170030 -0.00007424 0.06196378
v -0.00170192 -0.00000000 0.06196378
v -0.00170030 0.00007424 0.06196378
v -0.00169544 0.00014833 0.06196378
v -0.00168736 0.00022214 0.06196378
v -0.00167606 0.00029553 0.06196378
v -0.00166157 0.00036836 0.06196378
v -0.00164392 0.00044049 0.06196378
v -0.00162315 0.00051178 0.06196378
v -0.00159928 0.00058209 0.06196378
v -0.00157237 0.00065130 0.06196378
v -0.00154246 0.00071926 0.06196378
v -0.00150962 0.00078586 0.06196378
v -0.00147390 0.00085096 0.06196378
v -0.00143538 0.00091444 0.06196378
v -0.00139413 0.00097618 0.06196378
v -0.00135022 0.00103606 0.06196378
v -0.00130374 0.00109397 0.06196378
v -0.00125478 0.00114980 0.06196378
v -0.00120344 0.00120344 0.06196378
v -0.00114980 0.00125478 0.06196378
v -0.00109397 0.00130374 0.06196378
v -0.00103606 0.00135022 0.06196378
v -0.00097618 0.00139413 0.06196378
v -0.00091444 0.00143538 0.06196378
v -0.00085096 0.00147390 0.06196378
v -0.00078586 0.00150962 0.06196378
v -0.00071926 0.00154246 0.06196378
v -0.00065130 0.00157237 0.06196378
v -0.00058209 0.00159928 0.06196378
v -0.00051178 0.00162315 0.06196378
v -0.00044049 0.00164392 0.06196378
v -0.00036836 0.00166157 0.06196378
v -0.00029553 0.00167606 0.06196378
v -0.00022214 0.00168736 0.06196378
v -0.00014833 0.00169544 0.06196378
v -0.00007424 0.00170030 0.06196378
v -0.00000000 0.00170192 0.06196378
v 0.00007424 0.00170030 0.06196378
v 0.00014833 0.00169544 0.06196378
v 0.00022214 0.00168736 0.06196378
v 0.00029553 0.00167606 0.06196378
v 0.00036836 0.00166157 0.06196378
v 0.00044049 0.00164392 0.06196378
v 0.00051178 0.00162315 0.06196378
v 0.00058209 0.00159928 0.06196378
v 0.00065130 0.00157237 0.06196378
v 0.00071926 0.00154246 0.06196378
v 0.00078586 0.00150962 0.06196378
v 0.00085096 0.00147390 0.06196378
v 0.00091444 0.00143538 0.06196378
v 0.00097618 0.00139413 0.06196378
v 0.00103606 0.00135022 0.06196378
v 0.00109397 0.00130374 0.06196378
v 0.00114980 0.00125478 0.06196378
v 0.00120344 0.00120344 0.06196378
v 0.00125478 0.00114980 0.06196378
v 0.00130374 0.00109397 0.06196378
v 0.00135022 0.00103606 0.06196378
v 0.00139413 0.00097618 0.06196378
v 0.00143538 0.00091444 0.06196378
v 0.00147390 0.00085096 0.06196378
v 0.00150962 0.00078586 0.06196378
v 0.00154246 0.00071926 0.06196378
v 0.00157237 0.00065130 0.06196378
v 0.00159928 0.00058209 0.06196378
v 0.00162315 0.00051178 0.06196378
v 0.00164392 0.00044049 0.06196378
v 0.00166157 0.00036836 0.06196378
v 0.00167606 0.00029553 0.06196378
v 0.00168736 0.00022214 0.06196378
v 0.00169544 0.00014833 0.06196378
v 0.00170030 0.00007424 0.06196378
v 0.00170192 0.00000000 0.06196378
v 0.03965642 -0.00173144 0.02693662
v 0.03954316 -0.00345958 0.02693662
v 0.03935461 -0.00518113 0.02693662
v 0.03909116 -0.00689283 0.02693662
v 0.03875329 -0.00859140 0.02693662
v 0.03834166 -0.01027362 0.02693662
v 0.03785703 -0.01193628 0.02693662
v 0.03730035 -0.01357622 0.02693662
v 0.03667266 -0.01519031 0.02693662
v 0.03597517 -0.01677549 0.02693662
v 0.03520919 -0.01832874 0.02693662
v 0.03437619 -0.01984710 0.02693662
v 0.03347775 -0.02132768 0.02693662
v 0.03251559 -0.02276766 0.02693662
v 0.03149153 -0.02416430 0.02693662
v 0.03040752 -0.02551494 0.02693662
v 0.02926564 -0.02681701 0.02693662
v 0.02806804 -0.02806804 0.02693662
v 0.02681701 -0.02926564 0.02693662
v 0.02551494 -0.03040752 0.02693662
v 0.02416430 -0.03149153 0.02693662
v 0.02276766 -0.03251559 0.02693662
v 0.02132768 -0.03347775 0.02693662
v 0.01984710 -0.03437619 0.02693662
v 0.01832874 -0.03520919 0.02693662
v 0.01677549 -0.03597517 0.02693662
v 0.01519031 -0.03667266 0.02693662
v 0.01357622 -0.03730035 0.02693662
v 0.01193628 -0.03785703 0.02693662
v 0.01027362 -0.03834166 0.02693662
v 0.00859140 -0.03875329 0.02693662
v 0.00689283 -0.03909116 0.02693662
v 0.00518113 -0.03935461 0.02693662
v 0.00345958 -0.03954316 0.02693662
v 0.00173144 -0.03965642 0.02693662
v -0.00000000 -0.03969420 0.02693662
v -0.00173144 -0.03965642 0.02693662
v -0.00345958 -0.03954316 0.02693662
v -0.00518113 -0.03935461 0.02693662
v -0.00689283 -0.03909116 0.02693662
v -0.00859140 -0.03875329 0.02693662
v -0.01027362 -0.03834166 0.02693662
v -0.01193628 -0.03785703 0.02693662
v -0.01357622 -0.03730035 0.02693662
v -0.01519031 -0.03667266 0.02693662
v -0.01677549 -0.03597517 0.02693662
v -0.01832874 -0.03520919 0.02693662
v -0.01984710 -0.03437619 0.02693662
v -0.02132768 -0.03347775 0.02693662
v -0.02276766 -0.03251559 0.02693662
v -0.02416430 -0.03149153 0.02693662
v -0.02551494 -0.03040752 0.02693662
v -0.02681701 -0.02926564 0.02693662
v -0.02806804 -0.02806804 0.02693662
v -0.02926564 -0.02681701 0.02693662
v -0.03040752 -0.02551494 0.02693662
v -0.03149153 -0.02416430 0.02693662
v -0.03251559 -0.02276766 0.02693662
v -0.03347775 -0.02132768 0.02693662
v -0.03437619 -0.01984710 0.02693662
v -0.03520919 -0.01832874 0.02693662
v -0.03597517 -0.01677549 0.02693662
v -0.03667266 -0.01519031 0.02693662
v -0.03730035 -0.01357622 0.02693662
v -0.03785703 -0.01193628 0.02693662
v -0.03834166 -0.01027362 0.02693662
v -0.03875329 -0.00859140 0.02693662
v -0.03909116 -0.00689283 0.02693662
v -0.03935461 -0.00518113 0.02693662
v -0.03954316 -0.00345958 0.02693662
v -0.03965642 -0.00173144 0.02693662
v -0.03969420 -0.00000000 0.02693662
v -0.03965642 0.00173144 0.02693662
v -0.03954316 0.00345958 0.02693662
v -0.03935461 0.00518113 0.02693662
v -0.03909116 0.00689283 0.02693662
v -0.03875329 0.00859140 0.02693662
v -0.03834166 0.01027362 0.02693662
v -0.03785703 0.01193628 0.02693662
v -0.03730035 0.01357622 0.02693662
v -0.03667266 0.01519031 0.02693662
v -0.03597517 0.01677549 0.02693662
v -0.03520919 0.01832874 0.02693662
v -0.03437619 0.01984710 0.02693662
v -0.03347775 0.02132768 0.02693662
v -0.03251559 0.02276766 0.02693662
v -0.03149153 0.02416430 0.02693662
v -0.03040752 0.02551494 0.02693662
v -0.02926564 0.02681701 0.02693662
v -0.02806804 0.02806804 0.02693662
v -0.02681701 0.02926564 0.02693662
v -0.02551494 0.03040752 0.02693662
v -0.02416430 0.03149153 0.02693662
v -0.02276766 0.03251559 0.02693662
v -0.02132768 0.03347775 0.02693662
v -0.01984710 0.03437619 0.02693662
v -0.01832874 0.03520919 0.02693662
v -0.01677549 0.03597517 0.02693662
v -0.01519031 0.03667266 0.02693662
v -0.01357622 0.03730035 0.02693662
v -0.01193628 0.03785703 0.02693662
v -0.01027362 0.03834166 0.02693662
v -0.00859140 0.03875329 0.02693662
v -0.00689283 0.03909116 0.02693662
v -0.00518113 0.03935461 0.02693662
v -0.00345958 0.03954316 0.02693662
v -0.00173144 0.03965642 0.02693662
v -0.00000000 0.03969420 0.02693662
v 0.00173144 0.03965642 0.02693662
v 0.00345958 0.03954316 0.02693662
v 0.00518113 0.03935461 0.02693662
v 0.00689283 0.03909116 0.02693662
v 0.00859140 0.03875329 0.02693662
v 0.01027362 0.03834166 0.02693662
v 0.01193628 0.03785703 0.02693662
v 0.01357622 0.03730035 0.02693662
v 0.01519031 0.03667266 0.02693662
v 0.01677549 0.03597517 0.02693662
v 0.01832874 0.03520919 0.02693662
v 0.01984710 0.03437619 0.02693662
v 0.02132768 0.03347775 0.02693662
v 0.02276766 0.03251559 0.02693662
v 0.02416430 0.03149153 0.02693662
v 0.02551494 0.03040752 0.02693662
v 0.02681701 0.02926564 0.02693662
v 0.02806804 0.02806804 0.02693662
v 0.02926564 0.02681701 0.02693662
v 0.03040752 0.02551494 0.02693662
v 0.03149153 0.02416430 0.02693662
v 0.03251559 0.02276766 0.02693662
v 0.03347775 0.02132768 0.02693662
v 0.03437619 0.01984710 0.02693662
v 0.03520919 0.01832874 0.02693662
v 0.03597517 0.01677549 0.02693662
v 0.03667266 0.01519031 0.02693662
v 0.03730035 0.01357622 0.02693662
v 0.03785703 0.01193628 0.02693662
v 0.03834166 0.01027362 0.02693662
v 0.03875329 0.00859140 0.02693662
v 0.03909116 0.00689283 0.02693662
v 0.03935461 0.00518113 0.02693662
v 0.03954316 0.00345958 0.02693662
v 0.03965642 0.00173144 0.02693662
v 0.03969420 0.00000000 0.02693662
v 0.03941067 -0.00172071 0.02862105
v 0.03929810 -0.00343814 0.02862105
v 0.03911073 -0.00514903 0.02862105
v 0.03884891 -0.00685011 0.02862105
v 0.03851314 -0.00853816 0.02862105
v 0.03810405 -0.01020995 0.02862105
v 0.03762243 -0.01186231 0.02862105
v 0.03706920 -0.01349208 0.02862105
v 0.03644540 -0.01509618 0.02862105
v 0.03575223 -0.01667154 0.02862105
v 0.03499099 -0.01821516 0.02862105
v 0.03416315 -0.01972411 0.02862105
v 0.03327029 -0.02119551 0.02862105
v 0.03231408 -0.02262657 0.02862105
v 0.03129637 -0.02401455 0.02862105
v 0.03021909 -0.02535682 0.02862105
v 0.02908427 -0.02665083 0.02862105
v 0.02789410 -0.02789410 0.02862105
v 0.02665083 -0.02908427 0.02862105
v 0.02535682 -0.03021909 0.02862105
v 0.02401455 -0.03129637 0.02862105
v 0.02262657 -0.03231408 0.02862105
v 0.02119551 -0.03327029 0.02862105
v 0.01972411 -0.03416315 0.02862105
v 0.01821516 -0.03499099 0.02862105
v 0.01667154 -0.03575223 0.02862105
v 0.01509618 -0.03644540 0.02862105
v 0.01349208 -0.03706920 0.02862105
v 0.01186231 -0.03762243 0.02862105
v 0.01020995 -0.03810405 0.02862105
v 0.00853816 -0.03851314 0.02862105
v 0.00685011 -0.03884891 0.02862105
v 0.00514903 -0.03911073 0.02862105
v 0.00343814 -0.03929810 0.02862105
v 0.00172071 -0.03941067 0.02862105
v -0.00000000 -0.03944822 0.02862105
v -0.00172071 -0.03941067 0.02862105
v -0.00343814 -0.03929810 0.02862105
v -0.00514903 -0.03911073 0.02862105
v -0.00685011 -0.03884891 0.02862105
v -0.00853816 -0.03851314 0.02862105
v -0.01020995 -0.03810405 0.02862105
v -0.01186231 -0.03762243 0.02862105
v -0.01349208 -0.03706920 0.02862105
v -0.01509618 -0.03644540 0.02862105
v -0.01667154 -0.03575223 0.02862105
v -0.01821516 -0.03499099 0.02862105
v -0.01972411 -0.03416315 0.02862105
v -0.02119551 -0.03327029 0.02862105
v -0.02262657 -0.03231408 0.02862105
v -0.02401455 -0.03129637 0.02862105
v -0.02535682 -0.03021909 0.02862105
v -0.02665083 -0.02908427 0.02862105
v -0.02789410 -0.02789410 0.02862105
v -0.02908427 -0.02665083 0.02862105
v -0.03021909 -0.02535682 0.02862105
v -0.03129637 -0.02401455 0.02862105
v -0.03231408 -0.02262657 0.02862105
v -0.03327029 -0.02119551 0.02862105
v -0.03416315 -0.01972411 0.02862105
v -0.03499099 -0.01821516 0.02862105
v -0.03575223 -0.01667154 0.02862105
v -0.03644540 -0.01509618 0.02862105
v -0.03706920 -0.01349208 0.02862105
v -0.03762243 -0.01186231 0.02862105
v -0.03810405 -0.01020995 0.02862105
v -0.03851314 -0.00853816 0.02862105
v -0.03884891 -0.00685011 0.02862105
v -0.03911073 -0.00514903 0.02862105
v -0.03929810 -0.00343814 0.02862105
v -0.03941067 -0.00172071 0.02862105
v -0.03944822 -0.00000000 0.02862105
v -0.03941067 0.00172071 0.02862105
v -0.03929810 0.00343814 0.02862105
v -0.03911073 0.00514903 0.02862105
v -0.03884891 0.00685011 0.02862105
v -0.03851314 0.00853816 0.02862105
v -0.03810405 0.01020995 0.02862105
v -0.03762243 0.01186231 0.02862105
v -0.03706920 0.01349208 0.02862105
v -0.03644540 0.01509618 0.02862105
v -0.03575223 0.01667154 0.02862105
v -0.03499099 0.01821516 0.02862105
v -0.03416315 0.01972411 0.02862105
v -0.03327029 0.02119551 0.02862105
v -0.03231408 0.02262657 0.02862105
v -0.03129637 0.02401455 0.02862105
v -0.03021909 0.02535682 0.02862105
v -0.02908427 0.02665083 0.02862105
v -0.02789410 0.02789410 0.02862105
v -0.02665083 0.02908427 0.02862105
v -0.02535682 0.03021909 0.02862105
v -0.02401455 0.03129637 0.02862105
v -0.02262657 0.03231408 0.02862105
v -0.02119551 0.03327029 0.02862105
v -0.01972411 0.03416315 0.02862105
v -0.01821516 0.03499099 0.02862105
v -0.01667154 0.03575223 0.02862105
v -0.01509618 0.03644540 0.02862105
v -0.01349208 0.03706920 0.02862105
v -0.01186231 0.03762243 0.02862105
v -0.01020995 0.03810405 0.02862105
v -0.00853816 0.03851314 0.02862105
v -0.00685011 0.03884891 0.02862105
v -0.00514903 0.03911073 0.02862105
v -0.00343814 0.03929810 0.02862105
v -0.00172071 0.03941067 0.02862105
v -0.00000000 0.03944822 0.02862105
v 0.00172071 0.03941067 0.02862105
v 0.00343814 0.03929810 0.02862105
v 0.00514903 0.03911073 0.02862105
v 0.00685011 0.03884891 0.02862105
v 0.00853816 0.03851314 0.02862105
v 0.01020995 0.03810405 0.02862105
v 0.01186231 0.03762243 0.02862105
v 0.01349208 0.03706920 0.02862105
v 0.01509618 0.03644540 0.02862105
v 0.01667154 0.03575223 0.02862105
v 0.01821516 0.03499099 0.02862105
v 0.01972411 0.03416315 0.02862105
v 0.02119551 0.03327029 0.02862105
v 0.02262657 0.03231408 0.02862105
v 0.02401455 0.03129637 0.02862105
v 0.02535682 0.03021909 0.02862105
v 0.02665083 0.02908427 0.02862105
v 0.02789410 0.02789410 0.02862105
v 0.02908427 0.02665083 0.02862105
v 0.03021909 0.02535682 0.02862105
v 0.03129637 0.02401455 0.02862105
v 0.03231408 0.02262657 0.02862105
v 0.03327029 0.02119551 0.02862105
v 0.03416315 0.01972411 0.02862105
v 0.03499099 0.01821516 0.02862105
v 0.03575223 0.01667154 0.02862105
v 0.03644540 0.01509618 0.02862105
v 0.03706920 0.01349208 0.02862105
v 0.03762243 0.01186231 0.02862105
v 0.03810405 0.01020995 0.02862105
v 0.03851314 0.00853816 0.02862105
v 0.03884891 0.00685011 0.02862105
v 0.03911073 0.00514903 0.02862105
v 0.03929810 0.00343814 0.02862105
v 0.03941067 0.00172071 0.02862105
v 0.03944822 0.00000000 0.02862105
v 0.03909354 -0.00170686 0.03029350
v 0.03898187 -0.00341047 0.03029350
v 0.03879601 -0.00510759 0.03029350
v 0.03853630 -0.00679499 0.03029350
v 0.03820322 -0.00846945 0.03029350
v 0.03779743 -0.01012779 0.03029350
v 0.03731969 -0.01176685 0.03029350
v 0.03677091 -0.01338352 0.03029350
v 0.03615213 -0.01497470 0.03029350
v 0.03546453 -0.01653738 0.03029350
v 0.03470942 -0.01806858 0.03029350
v 0.03388825 -0.01956539 0.03029350
v 0.03300257 -0.02102495 0.03029350
v 0.03205406 -0.02244449 0.03029350
v 0.03104454 -0.02382131 0.03029350
v 0.02997592 -0.02515278 0.03029350
v 0.02885024 -0.02643637 0.03029350
v 0.02766964 -0.02766964 0.03029350
v 0.02643637 -0.02885024 0.03029350
v 0.02515278 -0.02997592 0.03029350
v 0.02382131 -0.03104454 0.03029350
v 0.02244449 -0.03205406 0.03029350
v 0.02102495 -0.03300257 0.03029350
v 0.01956539 -0.03388825 0.03029350
v 0.01806858 -0.03470942 0.03029350
v 0.01653738 -0.03546453 0.03029350
v 0.01497470 -0.03615213 0.03029350
v 0.01338352 -0.03677091 0.03029350
v 0.01176685 -0.03731969 0.03029350
v 0.01012779 -0.03779743 0.03029350
v 0.00846945 -0.03820322 0.03029350
v 0.00679499 -0.03853630 0.03029350
v 0.00510759 -0.03879601 0.03029350
v 0.00341047 -0.03898187 0.03029350
v 0.00170686 -0.03909354 0.03029350
v -0.00000000 -0.03913078 0.03029350
v -0.00170686 -0.03909354 0.03029350
v -0.00341047 -0.03898187 0.03029350
v -0.00510759 -0.03879601 0.03029350
v -0.00679499 -0.03853630 0.03029350
v -0.00846945 -0.03820322 0.03029350
v -0.01012779 -0.03779743 0.03029350
v -0.01176685 -0.03731969 0.03029350
v -0.01338352 -0.03677091 0.03029350
v -0.01497470 -0.03615213 0.03029350
v -0.01653738 -0.03546453 0.03029350
v -0.01806858 -0.03470942 0.03029350
v -0.01956539 -0.03388825 0.03029350
v -0.02102495 -0.03300257 0.03029350
v -0.02244449 -0.03205406 0.03029350
v -0.02382131 -0.03104454 0.03029350
v -0.02515278 -0.02997592 0.03029350
v -0.02643637 -0.02885024 0.03029350
v -0.02766964 -0.02766964 0.03029350
v -0.02885024 -0.02643637 0.03029350
v -0.02997592 -0.02515278 0.03029350
v -0.03104454 -0.02382131 0.03029350
v -0.03205406 -0.02244449 0.03029350
v -0.03300257 -0.02102495 0.03029350
v -0.03388825 -0.01956539 0.03029350
v -0.03470942 -0.01806858 0.03029350
v -0.03546453 -0.01653738 0.03029350
v -0.03615213 -0.01497470 0.03029350
v -0.03677091 -0.01338352 0.03029350
v -0.03731969 -0.01176685 0.03029350
v -0.03779743 -0.01012779 0.03029350
v -0.03820322 -0.00846945 0.03029350
v -0.03853630 -0.00679499 0.03029350
v -0.03879601 -0.00510759 0.03029350
v -0.03898187 -0.00341047 0.03029350
v -0.03909354 -0.00170686 0.03029350
v -0.03913078 -0.00000000 0.03029350
v -0.03909354 0.00170686 0.03029350
v -0.03898187 0.00341047 0.03029350
v -0.03879601 0.00510759 0.03029350
v -0.03853630 0.00679499 0.03029350
v -0.03820322 0.00846945 0.03029350
v -0.03779743 0.01012779 0.03029350
v -0.03731969 0.01176685 0.03029350
v -0.03677091 0.01338352 0.03029350
v -0.03615213 0.01497470 0.03029350
v -0.03546453 0.01653738 0.03029350
v -0.03470942 0.01806858 0.03029350
v -0.03388825 0.01956539 0.03029350
v -0.03300257 0.02102495 0.03029350
v -0.03205406 0.02244449 0.03029350
v -0.03104454 0.02382131 0.03029350
v -0.02997592 0.02515278 0.03029350
v -0.02885024 0.02643637 0.03029350
v -0.02766964 0.02766964 0.03029350
v -0.02643637 0.02885024 0.03029350
v -0.02515278 0.02997592 0.03029350
v -0.02382131 0.03104454 0.03029350
v -0.02244449 0.03205406 0.03029350
v -0.02102495 0.03300257 0.03029350
v -0.01956539 0.03388825 0.03029350
v -0.01806858 0.03470942 0.03029350
v -0.01653738 0.03546453 0.03029350
v -0.01497470 0.03615213 0.03029350
v -0.01338352 0.03677091 0.03029350
v -0.01176685 0.03731969 0.03029350
v -0.01012779 0.03779743 0.03029350
v -0.00846945 0.03820322 0.03029350
v -0.00679499 0.03853630 0.03029350
v -0.00510759 0.03879601 0.03029350
v -0.00341047 0.03898187 0.03029350
v -0.00170686 0.03909354 0.03029350
v -0.00000000 0.03913078 0.03029350
v 0.00170686 0.03909354 0.03029350
v 0.00341047 0.03898187 0.03029350
v 0.00510759 0.03879601 0.03029350
v 0.00679499 0.03853630 0.03029350
v 0.00846945 0.03820322 0.03029350
v 0.01012779 0.03779743 0.03029350
v 0.01176685 0.03731969 0.03029350
v 0.01338352 0.03677091 0.03029350
v 0.01497470 0.03615213 0.03029350
v 0.01653738 0.03546453 0.03029350
v 0.01806858 0.03470942 0.03029350
v 0.01956539 0.03388825 0.03029350
v 0.02102495 0.03300257 0.03029350
v 0.02244449 0.03205406 0.03029350
v 0.02382131 0.03104454 0.03029350
v 0.02515278 0.02997592 0.03029350
v 0.02643637 0.02885024 0.03029350
v 0.02766964 0.02766964 0.03029350
v 0.02885024 0.02643637 0.03029350
v 0.02997592 0.02515278 0.03029350
v 0.03104454 0.02382131 0.03029350
v 0.03205406 0.02244449 0.03029350
v 0.03300257 0.02102495 0.03029350
v 0.03388825 0.01956539 0.03029350
v 0.03470942 0.01806858 0.03029350
v 0.03546453 0.01653738 0.03029350
v 0.03615213 0.01497470 0.03029350
v 0.03677091 0.01338352 0.03029350
v 0.03731969 0.01176685 0.03029350
v 0.03779743 0.01012779 0.03029350
v 0.03820322 0.00846945 0.03029350
v 0.03853630 0.00679499 0.03029350
v 0.03879601 0.00510759 0.03029350
v 0.03898187 0.00341047 0.03029350
v 0.03909354 0.00170686 0.03029350
v 0.03913078 0.00000000 0.03029350
v 0.03870560 -0.00168992 0.03195092
v 0.03859505 -0.00337663 0.03195092
v 0.03841102 -0.00505691 0.03195092
v 0.03815389 -0.00672756 0.03195092
v 0.03782412 -0.00838541 0.03195092
v 0.03742236 -0.01002729 0.03195092
v 0.03694936 -0.01165009 0.03195092
v 0.03640602 -0.01325071 0.03195092
v 0.03579338 -0.01482610 0.03195092
v 0.03511260 -0.01637328 0.03195092
v 0.03436499 -0.01788928 0.03195092
v 0.03355196 -0.01937124 0.03195092
v 0.03267507 -0.02081631 0.03195092
v 0.03173598 -0.02222177 0.03195092
v 0.03073647 -0.02358492 0.03195092
v 0.02967846 -0.02490318 0.03195092
v 0.02856395 -0.02617403 0.03195092
v 0.02739507 -0.02739507 0.03195092
v 0.02617403 -0.02856395 0.03195092
v 0.02490318 -0.02967846 0.03195092
v 0.02358492 -0.03073647 0.03195092
v 0.02222177 -0.03173598 0.03195092
v 0.02081631 -0.03267507 0.03195092
v 0.01937124 -0.03355196 0.03195092
v 0.01788928 -0.03436499 0.03195092
v 0.01637328 -0.03511260 0.03195092
v 0.01482610 -0.03579338 0.03195092
v 0.01325071 -0.03640602 0.03195092
v 0.01165009 -0.03694936 0.03195092
v 0.01002729 -0.03742236 0.03195092
v 0.00838541 -0.03782412 0.03195092
v 0.00672756 -0.03815389 0.03195092
v 0.00505691 -0.03841102 0.03195092
v 0.00337663 -0.03859505 0.03195092
v 0.00168992 -0.03870560 0.03195092
v -0.00000000 -0.03874247 0.03195092
v -0.00168992 -0.03870560 0.03195092
v -0.00337663 -0.03859505 0.03195092
v -0.00505691 -0.03841102 0.03195092
v -0.00672756 -0.03815389 0.03195092
v -0.00838541 -0.03782412 0.03195092
v -0.01002729 -0.03742236 0.03195092
v -0.01165009 -0.03694936 0.03195092
v -0.01325071 -0.03640602 0.03195092
v -0.01482610 -0.03579338 0.03195092
v -0.01637328 -0.03511260 0.03195092
v -0.01788928 -0.03436499 0.03195092
v -0.01937124 -0.03355196 0.03195092
v -0.02081631 -0.03267507 0.03195092
v -0.02222177 -0.03173598 0.03195092
v -0.02358492 -0.03073647 0.03195092
v -0.02490318 -0.02967846 0.03195092
v -0.02617403 -0.02856395 0.03195092
v -0.02739507 -0.02739507 0.03195092
v -0.02856395 -0.02617403 0.03195092
v -0.02967846 -0.02490318 0.03195092
v -0.03073647 -0.02358492 0.03195092
v -0.03173598 -0.02222177 0.03195092
v -0.03267507 -0.02081631 0.03195092
v -0.03355196 -0.01937124 0.03195092
v -0.03436499 -0.01788928 0.03195092
v -0.03511260 -0.01637328 0.03195092
v -0.03579338 -0.01482610 0.03195092
v -0.03640602 -0.01325071 0.03195092
v -0.03694936 -0.01165009 0.03195092
v -0.03742236 -0.01002729 0.03195092
v -0.03782412 -0.00838541 0.03195092
v -0.03815389 -0.00672756 0.03195092
v -0.03841102 -0.00505691 0.03195092
v -0.03859505 -0.00337663 0.03195092
v -0.03870560 -0.00168992 0.03195092
v -0.03874247 -0.00000000 0.03195092
v -0.03870560 0.00168992 0.03195092
v -0.03859505 0.00337663 0.03195092
v -0.03841102 0.00505691 0.03195092
v -0.03815389 0.00672756 0.03195092
v -0.03782412 0.00838541 0.03195092
v -0.03742236 0.01002729 0.03195092
v -0.03694936 0.01165009 0.03195092
v -0.03640602 0.01325071 0.03195092
v -0.03579338 0.01482610 0.03195092
v -0.03511260 0.01637328 0.03195092
v -0.03436499 0.01788928 0.03195092
v -0.03355196 0.01937124 0.03195092
v -0.03267507 0.02081631 0.03195092
v -0.03173598 0.02222177 0.03195092
v -0.03073647 0.02358492 0.03195092
v -0.02967846 0.02490318 0.03195092
v -0.02856395 0.02617403 0.03195092
v -0.02739507 0.02739507 0.03195092
v -0.02617403 0.02856395 0.03195092
v -0.02490318 0.02967846 0.03195092
v -0.02358492 0.03073647 0.03195092
v -0.02222177 0.03173598 0.03195092
v -0.02081631 0.03267507 0.03195092
v -0.01937124 0.03355196 0.03195092
v -0.01788928 0.03436499 0.03195092
v -0.01637328 0.03511260 0.03195092
v -0.01482610 0.03579338 0.03195092
v -0.01325071 0.03640602 0.03195092
v -0.01165009 0.03694936 0.03195092
v -0.01002729 0.03742236 0.03195092
v -0.00838541 0.03782412 0.03195092
v -0.00672756 0.03815389 0.03195092
v -0.00505691 0.03841102 0.03195092
v -0.00337663 0.03859505 0.03195092
v -0.00168992 0.03870560 0.03195092
v -0.00000000 0.03874247 0.03195092
v 0.00168992 0.03870560 0.03195092
v 0.00337663 0.03859505 0.03195092
v 0.00505691 0.03841102 0.03195092
v 0.00672756 0.03815389 0.03195092
v 0.00838541 0.03782412 0.03195092
v 0.01002729 0.03742236 0.03195092
v 0.01165009 0.03694936 0.03195092
v 0.01325071 0.03640602 0.03195092
v 0.01482610 0.03579338 0.03195092
v 0.01637328 0.03511260 0.03195092
v 0.01788928 0.03436499 0.03195092
v 0.01937124 0.03355196 0.03195092
v 0.02081631 0.03267507 0.03195092
v 0.02222177 0.03173598 0.03195092
v 0.02358492 0.03073647 0.03195092
v 0.02490318 0.02967846 0.03195092
v 0.02617403 0.02856395 0.03195092
v 0.02739507 0.02739507 0.03195092
v 0.02856395 0.02617403 0.03195092
v 0.02967846 0.02490318 0.03195092
v 0.03073647 0.02358492 0.03195092
v 0.03173598 0.02222177 0.03195092
v 0.03267507 0.02081631 0.03195092
v 0.03355196 0.01937124 0.03195092
v 0.03436499 0.01788928 0.03195092
v 0.03511260 0.01637328 0.03195092
v 0.03579338 0.01482610 0.03195092
v 0.03640602 0.01325071 0.03195092
v 0.03694936 0.01165009 0.03195092
v 0.03742236 0.01002729 0.03195092
v 0.03782412 0.00838541 0.03195092
v 0.03815389 0.00672756 0.03195092
v 0.03841102 0.00505691 0.03195092
v 0.03859505 0.00337663 0.03195092
v 0.03870560 0.00168992 0.03195092
v 0.03874247 0.00000000 0.03195092
v 0.03824756 -0.00166992 0.03359032
v 0.03813832 -0.00333667 0.03359032
v 0.03795647 -0.00499706 0.03359032
v 0.03770238 -0.00664795 0.03359032
v 0.03737652 -0.00828617 0.03359032
v 0.03697950 -0.00990863 0.03359032
v 0.03651210 -0.01151222 0.03359032
v 0.03597519 -0.01309390 0.03359032
v 0.03536980 -0.01465065 0.03359032
v 0.03469709 -0.01617952 0.03359032
v 0.03395832 -0.01767758 0.03359032
v 0.03315492 -0.01914200 0.03359032
v 0.03228840 -0.02056998 0.03359032
v 0.03136041 -0.02195880 0.03359032
v 0.03037274 -0.02330582 0.03359032
v 0.02932724 -0.02460848 0.03359032
v 0.02822592 -0.02586429 0.03359032
v 0.02707087 -0.02707087 0.03359032
v 0.02586429 -0.02822592 0.03359032
v 0.02460848 -0.02932724 0.03359032
v 0.02330582 -0.03037274 0.03359032
v 0.02195880 -0.03136041 0.03359032
v 0.02056998 -0.03228840 0.03359032
v 0.01914200 -0.03315492 0.03359032
v 0.01767758 -0.03395832 0.03359032
v 0.01617952 -0.03469709 0.03359032
v 0.01465065 -0.03536980 0.03359032
v 0.01309390 -0.03597519 0.03359032
v 0.01151222 -0.03651210 0.03359032
v 0.00990863 -0.03697950 0.03359032
v 0.00828617 -0.03737652 0.03359032
v 0.00664795 -0.03770238 0.03359032
v 0.00499706 -0.03795647 0.03359032
v 0.00333667 -0.03813832 0.03359032
v 0.00166992 -0.03824756 0.03359032
v -0.00000000 -0.03828400 0.03359032
v -0.00166992 -0.03824756 0.03359032
v -0.00333667 -0.03813832 0.03359032
v -0.00499706 -0.03795647 0.03359032
v -0.00664795 -0.03770238 0.03359032
v -0.00828617 -0.03737652 0.03359032
v -0.00990863 -0.03697950 0.03359032
v -0.01151222 -0.03651210 0.03359032
v -0.01309390 -0.03597519 0.03359032
v -0.01465065 -0.03536980 0.03359032
v -0.01617952 -0.03469709 0.03359032
v -0.01767758 -0.03395832 0.03359032
v -0.01914200 -0.03315492 0.03359032
v -0.02056998 -0.03228840 0.03359032
v -0.02195880 -0.03136041 0.03359032
v -0.02330582 -0.03037274 0.03359032
v -0.02460848 -0.02932724 0.03359032
v -0.02586429 -0.02822592 0.03359032
v -0.02707087 -0.02707087 0.03359032
v -0.02822592 -0.02586429 0.03359032
v -0.02932724 -0.02460848 0.03359032
v -0.03037274 -0.02330582 0.03359032
v -0.03136041 -0.02195880 0.03359032
v -0.03228840 -0.02056998 0.03359032
v -0.03315492 -0.01914200 0.03359032
v -0.03395832 -0.01767758 0.03359032
v -0.03469709 -0.01617952 0.03359032
v -0.03536980 -0.01465065 0.03359032
v -0.03597519 -0.01309390 0.03359032
v -0.03651210 -0.01151222 0.03359032
v -0.03697950 -0.00990863 0.03359032
v -0.03737652 -0.00828617 0.03359032
v -0.03770238 -0.00664795 0.03359032
v -0.03795647 -0.00499706 0.03359032
v -0.03813832 -0.00333667 0.03359032
v -0.03824756 -0.00166992 0.03359032
v -0.03828400 -0.00000000 0.03359032
v -0.03824756 0.00166992 0.03359032
v -0.03813832 0.00333667 0.03359032
v -0.03795647 0.00499706 0.03359032
v -0.03770238 0.00664795 0.03359032
v -0.03737652 0.00828617 0.03359032
v -0.03697950 0.00990863 0.03359032
v -0.03651210 0.01151222 0.03359032
v -0.03597519 0.01309390 0.03359032
v -0.03536980 0.01465065 0.03359032
v -0.03469709 0.01617952 0.03359032
v -0.03395832 0.01767758 0.03359032
v -0.03315492 0.01914200 0.03359032
v -0.03228840 0.02056998 0.03359032
v -0.03136041 0.02195880 0.03359032
v -0.03037274 0.02330582 0.03359032
v -0.02932724 0.02460848 0.03359032
v -0.02822592 0.02586429 0.03359032
v -0.02707087 0.02707087 0.03359032
v -0.02586429 0.02822592 0.03359032
v -0.02460848 0.02932724 0.03359032
v -0.02330582 0.03037274 0.03359032
v -0.02195880 0.03136041 0.03359032
v -0.02056998 0.03228840 0.03359032
v -0.01914200 0.03315492 0.03359032
v -0.01767758 0.03395832 0.03359032
v -0.01617952 0.03469709 0.03359032
v -0.01465065 0.03536980 0.03359032
v -0.01309390 0.03597519 0.03359032
v -0.01151222 0.03651210 0.03359032
v -0.00990863 0.03697950 0.03359032
v -0.00828617 0.03737652 0.03359032
v -0.00664795 0.03770238 0.03359032
v -0.00499706 0.03795647 0.03359032
v -0.00333667 0.03813832 0.03359032
v -0.00166992 0.03824756 0.03359032
v -0.00000000 0.03828400 0.03359032
v 0.00166992 0.03824756 0.03359032
v 0.00333667 0.03813832 0.03359032
v 0.00499706 0.03795647 0.03359032
v 0.00664795 0.03770238 0.03359032
v 0.00828617 0.03737652 0.03359032
v 0.00990863 0.03697950 0.03359032
v 0.01151222 0.03651210 0.03359032
v 0.01309390 0.03597519 0.03359032
v 0.01465065 0.03536980 0.03359032
v 0.01617952 0.03469709 0.03359032
v 0.01767758 0.03395832 0.03359032
v 0.01914200 0.03315492 0.03359032
v 0.02056998 0.03228840 0.03359032
v 0.02195880 0.03136041 0.03359032
v 0.02330582 0.03037274 0.03359032
v 0.02460848 0.02932724 0.03359032
v 0.02586429 0.02822592 0.03359032
v 0.02707087 0.02707087 0.03359032
v 0.02822592 0.02586429 0.03359032
v 0.02932724 0.02460848 0.03359032
v 0.03037274 0.02330582 0.03359032
v 0.03136041 0.02195880 0.03359032
v 0.03228840 0.02056998 0.03359032
v 0.03315492 0.01914200 0.03359032
v 0.03395832 0.01767758 0.03359032
v 0.03469709 0.01617952 0.03359032
v 0.03536980 0.01465065 0.03359032
v 0.03597519 0.01309390 0.03359032
v 0.03651210 0.01151222 0.03359032
v 0.03697950 0.00990863 0.03359032
v 0.03737652 0.00828617 0.03359032
v 0.03770238 0.00664795 0.03359032
v 0.03795647 0.00499706 0.03359032
v 0.03813832 0.00333667 0.03359032
v 0.03824756 0.00166992 0.03359032
v 0.03828400 0.00000000 0.03359032
v 0.03772025 -0.00164690 0.03520872
v 0.03761251 -0.00329067 0.03520872
v 0.03743318 -0.00492817 0.03520872
v 0.03718258 -0.00655629 0.03520872
v 0.03686121 -0.00817193 0.03520872
v 0.03646968 -0.00977202 0.03520872
v 0.03600872 -0.01135350 0.03520872
v 0.03547921 -0.01291338 0.03520872
v 0.03488217 -0.01444867 0.03520872
v 0.03421872 -0.01595645 0.03520872
v 0.03349015 -0.01743387 0.03520872
v 0.03269782 -0.01887809 0.03520872
v 0.03184325 -0.02028638 0.03520872
v 0.03092806 -0.02165606 0.03520872
v 0.02995400 -0.02298451 0.03520872
v 0.02892292 -0.02426921 0.03520872
v 0.02783678 -0.02550771 0.03520872
v 0.02669765 -0.02669765 0.03520872
v 0.02550771 -0.02783678 0.03520872
v 0.02426921 -0.02892292 0.03520872
v 0.02298451 -0.02995400 0.03520872
v 0.02165606 -0.03092806 0.03520872
v 0.02028638 -0.03184325 0.03520872
v 0.01887809 -0.03269782 0.03520872
v 0.01743387 -0.03349015 0.03520872
v 0.01595645 -0.03421872 0.03520872
v 0.01444867 -0.03488217 0.03520872
v 0.01291338 -0.03547921 0.03520872
v 0.01135350 -0.03600872 0.03520872
v 0.00977202 -0.03646968 0.03520872
v 0.00817193 -0.03686121 0.03520872
v 0.00655629 -0.03718258 0.03520872
v 0.00492817 -0.03743318 0.03520872
v 0.00329067 -0.03761251 0.03520872
v 0.00164690 -0.03772025 0.03520872
v -0.00000000 -0.03775619 0.03520872
v -0.00164690 -0.03772025 0.03520872
v -0.00329067 -0.03761251 0.03520872
v -0.00492817 -0.03743318 0.03520872
v -0.00655629 -0.03718258 0.03520872
v -0.00817193 -0.03686121 0.03520872
v -0.00977202 -0.03646968 0.03520872
v -0.01135350 -0.03600872 0.03520872
v -0.01291338 -0.03547921 0.03520872
v -0.01444867 -0.03488217 0.03520872
v -0.01595645 -0.03421872 0.03520872
v -0.01743387 -0.03349015 0.03520872
v -0.01887809 -0.03269782 0.03520872
v -0.02028638 -0.03184325 0.03520872
v -0.02165606 -0.03092806 0.03520872
v -0.02298451 -0.02995400 0.03520872
v -0.02426921 -0.02892292 0.03520872
v -0.02550771 -0.02783678 0.03520872
v -0.02669765 -0.02669765 0.03520872
v -0.02783678 -0.02550771 0.03520872
v -0.02892292 -0.02426921 0.03520872
v -0.02995400 -0.02298451 0.03520872
v -0.03092806 -0.02165606 0.03520872
v -0.03184325 -0.02028638 0.03520872
v -0.03269782 -0.01887809 0.03520872
v -0.03349015 -0.01743387 0.03520872
v -0.03421872 -0.01595645 0.03520872
v -0.03488217 -0.01444867 0.03520872
v -0.03547921 -0.01291338 0.03520872
v -0.03600872 -0.01135350 0.03520872
v -0.03646968 -0.00977202 0.03520872
v -0.03686121 -0.00817193 0.03520872
v -0.03718258 -0.00655629 0.03520872
v -0.03743318 -0.00492817 0.03520872
v -0.03761251 -0.00329067 0.03520872
v -0.03772025 -0.00164690 0.03520872
v -0.03775619 -0.00000000 0.03520872
v -0.03772025 0.00164690 0.03520872
v -0.03761251 0.00329067 0.03520872
v -0.03743318 0.00492817 0.03520872
v -0.03718258 0.00655629 0.03520872
v -0.03686121 0.00817193 0.03520872
v -0.03646968 0.00977202 0.03520872
v -0.03600872 0.01135350 0.03520872
v -0.03547921 0.01291338 0.03520872
v -0.03488217 0.01444867 0.03520872
v -0.03421872 0.01595645 0.03520872
v -0.03349015 0.01743387 0.03520872
v -0.03269782 0.01887809 0.03520872
v -0.03184325 0.02028638 0.03520872
v -0.03092806 0.02165606 0.03520872
v -0.02995400 0.02298451 0.03520872
v -0.02892292 0.02426921 0.03520872
v -0.02783678 0.02550771 0.03520872
v -0.02669765 0.02669765 0.03520872
v -0.02550771 0.02783678 0.03520872
v -0.02426921 0.02892292 0.03520872
v -0.02298451 0.02995400 0.03520872
v -0.02165606 0.03092806 0.03520872
v -0.02028638 0.03184325 0.03520872
v -0.01887809 0.03269782 0.03520872
v -0.01743387 0.03349015 0.03520872
v -0.01595645 0.03421872 0.03520872
v -0.01444867 0.03488217 0.03520872
v -0.01291338 0.03547921 0.03520872
v -0.01135350 0.03600872 0.03520872
v -0.00977202 0.03646968 0.03520872
v -0.00817193 0.03686121 0.03520872
v -0.00655629 0.03718258 0.03520872
v -0.00492817 0.03743318 0.03520872
v -0.00329067 0.03761251 0.03520872
v -0.00164690 0.03772025 0.03520872
v -0.00000000 0.03775619 0.03520872
v 0.00164690 0.03772025 0.03520872
v 0.00329067 0.03761251 0.03520872
v 0.00492817 0.03743318 0.03520872
v 0.00655629 0.03718258 0.03520872
v 0.00817193 0.03686121 0.03520872
v 0.00977202 0.03646968 0.03520872
v 0.01135350 0.03600872 0.03520872
v 0.01291338 0.03547921 0.03520872
v 0.01444867 0.03488217 0.03520872
v 0.01595645 0.03421872 0.03520872
v 0.01743387 0.03349015 0.03520872
v 0.01887809 0.03269782 0.03520872
v 0.02028638 0.03184325 0.03520872
v 0.02165606 0.03092806 0.03520872
v 0.02298451 0.02995400 0.03520872
v 0.02426921 0.02892292 0.03520872
v 0.02550771 0.02783678 0.03520872
v 0.02669765 0.02669765 0.03520872
v 0.02783678 0.02550771 0.03520872
v 0.02892292 0.02426921 0.03520872
v 0.02995400 0.02298451 0.03520872
v 0.03092806 0.02165606 0.03520872
v 0.03184325 0.02028638 0.03520872
v 0.03269782 0.01887809 0.03520872
v 0.03349015 0.01743387 0.03520872
v 0.03421872 0.01595645 0.03520872
v 0.03488217 0.01444867 0.03520872
v 0.03547921 0.01291338 0.03520872
v 0.03600872 0.01135350 0.03520872
v 0.03646968 0.00977202 0.03520872
v 0.03686121 0.00817193 0.03520872
v 0.03718258 0.00655629 0.03520872
v 0.03743318 0.00492817 0.03520872
v 0.03761251 0.00329067 0.03520872
v 0.03772025 0.00164690 0.03520872
v 0.03775619 0.00000000 0.03520872
v 0.03712462 -0.00162090 0.03680321
v 0.03701859 -0.00323871 0.03680321
v 0.03684208 -0.00485035 0.03680321
v 0.03659545 -0.00645276 0.03680321
v 0.03627915 -0.00804289 0.03680321
v 0.03589379 -0.00961771 0.03680321
v 0.03544011 -0.01117423 0.03680321
v 0.03491897 -0.01270947 0.03680321
v 0.03433136 -0.01422051 0.03680321
v 0.03367839 -0.01570449 0.03680321
v 0.03296132 -0.01715858 0.03680321
v 0.03218150 -0.01858000 0.03680321
v 0.03134042 -0.01996605 0.03680321
v 0.03043968 -0.02131410 0.03680321
v 0.02948100 -0.02262157 0.03680321
v 0.02846620 -0.02388598 0.03680321
v 0.02739722 -0.02510493 0.03680321
v 0.02627608 -0.02627608 0.03680321
v 0.02510493 -0.02739722 0.03680321
v 0.02388598 -0.02846620 0.03680321
v 0.02262157 -0.02948100 0.03680321
v 0.02131410 -0.03043968 0.03680321
v 0.01996605 -0.03134042 0.03680321
v 0.01858000 -0.03218150 0.03680321
v 0.01715858 -0.03296132 0.03680321
v 0.01570449 -0.03367839 0.03680321
v 0.01422051 -0.03433136 0.03680321
v 0.01270947 -0.03491897 0.03680321
v 0.01117423 -0.03544011 0.03680321
v 0.00961771 -0.03589379 0.03680321
v 0.00804289 -0.03627915 0.03680321
v 0.00645276 -0.03659545 0.03680321
v 0.00485035 -0.03684208 0.03680321
v 0.00323871 -0.03701859 0.03680321
v 0.00162090 -0.03712462 0.03680321
v -0.00000000 -0.03715999 0.03680321
v -0.00162090 -0.03712462 0.03680321
v -0.00323871 -0.03701859 0.03680321
v -0.00485035 -0.03684208 0.03680321
v -0.00645276 -0.03659545 0.03680321
v -0.00804289 -0.03627915 0.03680321
v -0.00961771 -0.03589379 0.03680321
v -0.01117423 -0.03544011 0.03680321
v -0.01270947 -0.03491897 0.03680321
v -0.01422051 -0.03433136 0.03680321
v -0.01570449 -0.03367839 0.03680321
v -0.01715858 -0.03296132 0.03680321
v -0.01858000 -0.03218150 0.03680321
v -0.01996605 -0.03134042 0.03680321
v -0.02131410 -0.03043968 0.03680321
v -0.02262157 -0.02948100 0.03680321
v -0.02388598 -0.02846620 0.03680321
v -0.02510493 -0.02739722 0.03680321
v -0.02627608 -0.02627608 0.03680321
v -0.02739722 -0.02510493 0.03680321
v -0.02846620 -0.02388598 0.03680321
v -0.02948100 -0.02262157 0.03680321
v -0.03043968 -0.02131410 0.03680321
v -0.03134042 -0.01996605 0.03680321
v -0.03218150 -0.01858000 0.03680321
v -0.03296132 -0.01715858 0.03680321
v -0.03367839 -0.01570449 0.03680321
v -0.03433136 -0.01422051 0.03680321
v -0.03491897 -0.01270947 0.03680321
v -0.03544011 -0.01117423 0.03680321
v -0.03589379 -0.00961771 0.03680321
v -0.03627915 -0.00804289 0.03680321
v -0.03659545 -0.00645276 0.03680321
v -0.03684208 -0.00485035 0.03680321
v -0.03701859 -0.00323871 0.03680321
v -0.03712462 -0.00162090 0.03680321
v -0.03715999 -0.00000000 0.03680321
v -0.03712462 0.00162090 0.03680321
v -0.03701859 0.00323871 0.03680321
v -0.03684208 0.00485035 0.03680321
v -0.03659545 0.00645276 0.03680321
v -0.03627915 0.00804289 0.03680321
v -0.03589379 0.00961771 0.03680321
v -0.03544011 0.01117423 0.03680321
v -0.03491897 0.01270947 0.03680321
v -0.03433136 0.01422051 0.03680321
v -0.03367839 0.01570449 0.03680321
v -0.03296132 0.01715858 0.03680321
v -0.03218150 0.01858000 0.03680321
v -0.03134042 0.01996605 0.03680321
v -0.03043968 0.02131410 0.03680321
v -0.02948100 0.02262157 0.03680321
v -0.02846620 0.02388598 0.03680321
v -0.02739722 0.02510493 0.03680321
v -0.02627608 0.02627608 0.03680321
v -0.02510493 0.02739722 0.03680321
v -0.02388598 0.02846620 0.03680321
v -0.02262157 0.02948100 0.03680321
v -0.02131410 0.03043968 0.03680321
v -0.01996605 0.03134042 0.03680321
v -0.01858000 0.03218150 0.03680321
v -0.01715858 0.03296132 0.03680321
v -0.01570449 0.03367839 0.03680321
v -0.01422051 0.03433136 0.03680321
v -0.01270947 0.03491897 0.03680321
v -0.01117423 0.03544011 0.03680321
v -0.00961771 0.03589379 0.03680321
v -0.00804289 0.03627915 0.03680321
v -0.00645276 0.03659545 0.03680321
v -0.00485035 0.03684208 0.03680321
v -0.00323871 0.03701859 0.03680321
v -0.00162090 0.03712462 0.03680321
v -0.00000000 0.03715999 0.03680321
v 0.00162090 0.03712462 0.03680321
v 0.00323871 0.03701859 0.03680321
v 0.00485035 0.03684208 0.03680321
v 0.00645276 0.03659545 0.03680321
v 0.00804289 0.03627915 0.03680321
v 0.00961771 0.03589379 0.03680321
v 0.01117423 0.03544011 0.03680321
v 0.01270947 0.03491897 0.03680321
v 0.01422051 0.03433136 0.03680321
v 0.01570449 0.03367839 0.03680321
v 0.01715858 0.03296132 0.03680321
v 0.01858000 0.03218150 0.03680321
v 0.01996605 0.03134042 0.03680321
v 0.02131410 0.03043968 0.03680321
v 0.02262157 0.02948100 0.03680321
v 0.02388598 0.02846620 0.03680321
v 0.02510493 0.02739722 0.03680321
v 0.02627608 0.02627608 0.03680321
v 0.02739722 0.02510493 0.03680321
v 0.02846620 0.02388598 0.03680321
v 0.02948100 0.02262157 0.03680321
v 0.03043968 0.02131410 0.03680321
v 0.03134042 0.01996605 0.03680321
v 0.03218150 0.01858000 0.03680321
v 0.03296132 0.01715858 0.03680321
v 0.03367839 0.01570449 0.03680321
v 0.03433136 0.01422051 0.03680321
v 0.03491897 0.01270947 0.03680321
v 0.03544011 0.01117423 0.03680321
v 0.03589379 0.00961771 0.03680321
v 0.03627915 0.00804289 0.03680321
v 0.03659545 0.00645276 0.03680321
v 0.03684208 0.00485035 0.03680321
v 0.03701859 0.00323871 0.03680321
v 0.03712462 0.00162090 0.03680321
v 0.03715999 0.00000000 0.03680321
v 0.03646176 -0.00159195 0.03837088
v 0.03635762 -0.00318088 0.03837088
v 0.03618426 -0.00476375 0.03837088
v 0.03594203 -0.00633755 0.03837088
v 0.03563138 -0.00789929 0.03837088
v 0.03525291 -0.00944599 0.03837088
v 0.03480732 -0.01097471 0.03837088
v 0.03429549 -0.01248254 0.03837088
v 0.03371837 -0.01396660 0.03837088
v 0.03307706 -0.01542408 0.03837088
v 0.03237279 -0.01685221 0.03837088
v 0.03160689 -0.01824825 0.03837088
v 0.03078083 -0.01960955 0.03837088
v 0.02989618 -0.02093353 0.03837088
v 0.02895462 -0.02221766 0.03837088
v 0.02795794 -0.02345949 0.03837088
v 0.02690804 -0.02465667 0.03837088
v 0.02580692 -0.02580692 0.03837088
v 0.02465667 -0.02690804 0.03837088
v 0.02345949 -0.02795794 0.03837088
v 0.02221766 -0.02895462 0.03837088
v 0.02093353 -0.02989618 0.03837088
v 0.01960955 -0.03078083 0.03837088
v 0.01824825 -0.03160689 0.03837088
v 0.01685221 -0.03237279 0.03837088
v 0.01542408 -0.03307706 0.03837088
v 0.01396660 -0.03371837 0.03837088
v 0.01248254 -0.03429549 0.03837088
v 0.01097471 -0.03480732 0.03837088
v 0.00944599 -0.03525291 0.03837088
v 0.00789929 -0.03563138 0.03837088
v 0.00633755 -0.03594203 0.03837088
v 0.00476375 -0.03618426 0.03837088
v 0.00318088 -0.03635762 0.03837088
v 0.00159195 -0.03646176 0.03837088
v -0.00000000 -0.03649649 0.03837088
v -0.00159195 -0.03646176 0.03837088
v -0.00318088 -0.03635762 0.03837088
v -0.00476375 -0.03618426 0.03837088
v -0.00633755 -0.03594203 0.03837088
v -0.00789929 -0.03563138 0.03837088
v -0.00944599 -0.03525291 0.03837088
v -0.01097471 -0.03480732 0.03837088
v -0.01248254 -0.03429549 0.03837088
v -0.01396660 -0.03371837 0.03837088
v -0.01542408 -0.03307706 0.03837088
v -0.01685221 -0.03237279 0.03837088
v -0.01824825 -0.03160689 0.03837088
v -0.01960955 -0.03078083 0.03837088
v -0.02093353 -0.02989618 0.03837088
v -0.02221766 -0.02895462 0.03837088
v -0.02345949 -0.02795794 0.03837088
v -0.02465667 -0.02690804 0.03837088
v -0.02580692 -0.02580692 0.03837088
v -0.02690804 -0.02465667 0.03837088
v -0.02795794 -0.02345949 0.03837088
v -0.02895462 -0.02221766 0.03837088
v -0.02989618 -0.02093353 0.03837088
v -0.03078083 -0.01960955 0.03837088
v -0.03160689 -0.01824825 0.03837088
v -0.03237279 -0.01685221 0.03837088
v -0.03307706 -0.01542408 0.03837088
v -0.03371837 -0.01396660 0.03837088
v -0.03429549 -0.01248254 0.03837088
v -0.03480732 -0.01097471 0.03837088
v -0.03525291 -0.00944599 0.03837088
v -0.03563138 -0.00789929 0.03837088
v -0.03594203 -0.00633755 0.03837088
v -0.03618426 -0.00476375 0.03837088
v -0.03635762 -0.00318088 0.03837088
v -0.03646176 -0.00159195 0.03837088
v -0.03649649 -0.00000000 0.03837088
v -0.03646176 0.00159195 0.03837088
v -0.03635762 0.00318088 0.03837088
v -0.03618426 0.00476375 0.03837088
v -0.03594203 0.00633755 0.03837088
v -0.03563138 0.00789929 0.03837088
v -0.03525291 0.00944599 0.03837088
v -0.03480732 0.01097471 0.03837088
v -0.03429549 0.01248254 0.03837088
v -0.03371837 0.01396660 0.03837088
v -0.03307706 0.01542408 0.03837088
v -0.03237279 0.01685221 0.03837088
v -0.03160689 0.01824825 0.03837088
v -0.03078083 0.01960955 0.03837088
v -0.02989618 0.02093353 0.03837088
v -0.02895462 0.02221766 0.03837088
v -0.02795794 0.02345949 0.03837088
v -0.02690804 0.02465667 0.03837088
v -0.02580692 0.02580692 0.03837088
v -0.02465667 0.02690804 0.03837088
v -0.02345949 0.02795794 0.03837088
v -0.02221766 0.02895462 0.03837088
v -0.02093353 0.02989618 0.03837088
v -0.01960955 0.03078083 0.03837088
v -0.01824825 0.03160689 0.03837088
v -0.01685221 0.03237279 0.03837088
v -0.01542408 0.03307706 0.03837088
v -0.01396660 0.03371837 0.03837088
v -0.01248254 0.03429549 0.03837088
v -0.01097471 0.03480732 0.03837088
v -0.00944599 0.03525291 0.03837088
v -0.00789929 0.03563138 0.03837088
v -0.00633755 0.03594203 0.03837088
v -0.00476375 0.03618426 0.03837088
v -0.00318088 0.03635762 0.03837088
v -0.00159195 0.03646176 0.03837088
v -0.00000000 0.03649649 0.03837088
v 0.00159195 0.03646176 0.03837088
v 0.00318088 0.03635762 0.03837088
v 0.00476375 0.03618426 0.03837088
v 0.00633755 0.03594203 0.03837088
v 0.00789929 0.03563138 0.03837088
v 0.00944599 0.03525291 0.03837088
v 0.01097471 0.03480732 0.03837088
v 0.01248254 0.03429549 0.03837088
v 0.01396660 0.03371837 0.03837088
v 0.01542408 0.03307706 0.03837088
v 0.01685221 0.03237279 0.03837088
v 0.01824825 0.03160689 0.03837088
v 0.01960955 0.03078083 0.03837088
v 0.02093353 0.02989618 0.03837088
v 0.02221766 0.02895462 0.03837088
v 0.02345949 0.02795794 0.03837088
v 0.02465667 0.02690804 0.03837088
v 0.02580692 0.02580692 0.03837088
v 0.02690804 0.02465667 0.03837088
v 0.02795794 0.02345949 0.03837088
v 0.02895462 0.02221766 0.03837088
v 0.02989618 0.02093353 0.03837088
v 0.03078083 0.01960955 0.03837088
v 0.03160689 0.01824825 0.03837088
v 0.03237279 0.01685221 0.03837088
v 0.03307706 0.01542408 0.03837088
v 0.03371837 0.01396660 0.03837088
v 0.03429549 0.01248254 0.03837088
v 0.03480732 0.01097471 0.03837088
v 0.03525291 0.00944599 0.03837088
v 0.03563138 0.00789929 0.03837088
v 0.03594203 0.00633755 0.03837088
v 0.03618426 0.00476375 0.03837088
v 0.03635762 0.00318088 0.03837088
v 0.03646176 0.00159195 0.03837088
v 0.03649649 0.00000000 0.03837088
v 0.03573285 -0.00156013 0.03990891
v 0.03563079 -0.00311729 0.03990891
v 0.03546091 -0.00466852 0.03990891
v 0.03522352 -0.00621086 0.03990891
v 0.03491908 -0.00774137 0.03990891
v 0.03454817 -0.00925715 0.03990891
v 0.03411150 -0.01075531 0.03990891
v 0.03360989 -0.01223300 0.03990891
v 0.03304430 -0.01368740 0.03990891
v 0.03241582 -0.01511574 0.03990891
v 0.03172563 -0.01651532 0.03990891
v 0.03097504 -0.01788345 0.03990891
v 0.03016550 -0.01921754 0.03990891
v 0.02929853 -0.02051505 0.03990891
v 0.02837579 -0.02177351 0.03990891
v 0.02739903 -0.02299052 0.03990891
v 0.02637012 -0.02416377 0.03990891
v 0.02529102 -0.02529102 0.03990891
v 0.02416377 -0.02637012 0.03990891
v 0.02299052 -0.02739903 0.03990891
v 0.02177351 -0.02837579 0.03990891
v 0.02051505 -0.02929853 0.03990891
v 0.01921754 -0.03016550 0.03990891
v 0.01788345 -0.03097504 0.03990891
v 0.01651532 -0.03172563 0.03990891
v 0.01511574 -0.03241582 0.03990891
v 0.01368740 -0.03304430 0.03990891
v 0.01223300 -0.03360989 0.03990891
v 0.01075531 -0.03411150 0.03990891
v 0.00925715 -0.03454817 0.03990891
v 0.00774137 -0.03491908 0.03990891
v 0.00621086 -0.03522352 0.03990891
v 0.00466852 -0.03546091 0.03990891
v 0.00311729 -0.03563079 0.03990891
v 0.00156013 -0.03573285 0.03990891
v -0.00000000 -0.03576690 0.03990891
v -0.00156013 -0.03573285 0.03990891
v -0.00311729 -0.03563079 0.03990891
v -0.00466852 -0.03546091 0.03990891
v -0.00621086 -0.03522352 0.03990891
v -0.00774137 -0.03491908 0.03990891
v -0.00925715 -0.03454817 0.03990891
v -0.01075531 -0.03411150 0.03990891
v -0.01223300 -0.03360989 0.03990891
v -0.01368740 -0.03304430 0.03990891
v -0.01511574 -0.03241582 0.03990891
v -0.01651532 -0.03172563 0.03990891
v -0.01788345 -0.03097504 0.03990891
v -0.01921754 -0.03016550 0.03990891
v -0.02051505 -0.02929853 0.03990891
v -0.02177351 -0.02837579 0.03990891
v -0.02299052 -0.02739903 0.03990891
v -0.02416377 -0.02637012 0.03990891
v -0.02529102 -0.02529102 0.03990891
v -0.02637012 -0.02416377 0.03990891
v -0.02739903 -0.02299052 0.03990891
v -0.02837579 -0.02177351 0.03990891
v -0.02929853 -0.02051505 0.03990891
v -0.03016550 -0.01921754 0.03990891
v -0.03097504 -0.01788345 0.03990891
v -0.03172563 -0.01651532 0.03990891
v -0.03241582 -0.01511574 0.03990891
v -0.03304430 -0.01368740 0.03990891
v -0.03360989 -0.01223300 0.03990891
v -0.03411150 -0.01075531 0.03990891
v -0.03454817 -0.00925715 0.03990891
v -0.03491908 -0.00774137 0.03990891
v -0.03522352 -0.00621086 0.03990891
v -0.03546091 -0.00466852 0.03990891
v -0.03563079 -0.00311729 0.03990891
v -0.03573285 -0.00156013 0.03990891
v -0.03576690 -0.00000000 0.03990891
v -0.03573285 0.00156013 0.03990891
v -0.03563079 0.00311729 0.03990891
v -0.03546091 0.00466852 0.03990891
v -0.03522352 0.00621086 0.03990891
v -0.03491908 0.00774137 0.03990891
v -0.03454817 0.00925715 0.03990891
v -0.03411150 0.01075531 0.03990891
v -0.03360989 0.01223300 0.03990891
v -0.03304430 0.01368740 0.03990891
v -0.03241582 0.01511574 0.03990891
v -0.03172563 0.01651532 0.03990891
v -0.03097504 0.01788345 0.03990891
v -0.03016550 0.01921754 0.03990891
v -0.02929853 0.02051505 0.03990891
v -0.02837579 0.02177351 0.03990891
v -0.02739903 0.02299052 0.03990891
v -0.02637012 0.02416377 0.03990891
v -0.02529102 0.02529102 0.03990891
v -0.02416377 0.02637012 0.03990891
v -0.02299052 0.02739903 0.03990891
v -0.02177351 0.02837579 0.03990891
v -0.02051505 0.02929853 0.03990891
v -0.01921754 0.03016550 0.03990891
v -0.01788345 0.03097504 0.03990891
v -0.01651532 0.03172563 0.03990891
v -0.01511574 0.03241582 0.03990891
v -0.01368740 0.03304430 0.03990891
v -0.01223300 0.03360989 0.03990891
v -0.01075531 0.03411150 0.03990891
v -0.00925715 0.03454817 0.03990891
v -0.00774137 0.03491908 0.03990891
v -0.00621086 0.03522352 0.03990891
v -0.00466852 0.03546091 0.03990891
v -0.00311729 0.03563079 0.03990891
v -0.00156013 0.03573285 0.03990891
v -0.00000000 0.03576690 0.03990891
v 0.00156013 0.03573285 0.03990891
v 0.00311729 0.03563079 0.03990891
v 0.00466852 0.03546091 0.03990891
v 0.00621086 0.03522352 0.03990891
v 0.00774137 0.03491908 0.03990891
v 0.00925715 0.03454817 0.03990891
v 0.01075531 0.03411150 0.03990891
v 0.01223300 0.03360989 0.03990891
v 0.01368740 0.03304430 0.03990891
v 0.01511574 0.03241582 0.03990891
v 0.01651532 0.03172563 0.03990891
v 0.01788345 0.03097504 0.03990891
v 0.01921754 0.03016550 0.03990891
v 0.02051505 0.02929853 0.03990891
v 0.02177351 0.02837579 0.03990891
v 0.02299052 0.02739903 0.03990891
v 0.02416377 0.02637012 0.03990891
v 0.02529102 0.02529102 0.03990891
v 0.02637012 0.02416377 0.03990891
v 0.02739903 0.02299052 0.03990891
v 0.02837579 0.02177351 0.03990891
v 0.02929853 0.02051505 0.03990891
v 0.03016550 0.01921754 0.03990891
v 0.03097504 0.01788345 0.03990891
v 0.03172563 0.01651532 0.03990891
v 0.03241582 0.01511574 0.03990891
v 0.03304430 0.01368740 0.03990891
v 0.03360989 0.01223300 0.03990891
v 0.03411150 0.01075531 0.03990891
v 0.03454817 0.00925715 0.03990891
v 0.03491908 0.00774137 0.03990891
v 0.03522352 0.00621086 0.03990891
v 0.03546091 0.00466852 0.03990891
v 0.03563079 0.00311729 0.03990891
v 0.03573285 0.00156013 0.03990891
v 0.03576690 0.00000000 0.03990891
v 0.03493924 -0.00152548 0.04141450
v 0.03483944 -0.00304806 0.04141450
v 0.03467333 -0.00456483 0.04141450
v 0.03444121 -0.00607291 0.04141450
v 0.03414353 -0.00756944 0.04141450
v 0.03378086 -0.00905155 0.04141450
v 0.03335389 -0.01051644 0.04141450
v 0.03286342 -0.01196131 0.04141450
v 0.03231040 -0.01338340 0.04141450
v 0.03169587 -0.01478003 0.04141450
v 0.03102101 -0.01614851 0.04141450
v 0.03028709 -0.01748626 0.04141450
v 0.02949553 -0.01879072 0.04141450
v 0.02864781 -0.02005941 0.04141450
v 0.02774557 -0.02128992 0.04141450
v 0.02679051 -0.02247990 0.04141450
v 0.02578445 -0.02362709 0.04141450
v 0.02472931 -0.02472931 0.04141450
v 0.02362709 -0.02578445 0.04141450
v 0.02247990 -0.02679051 0.04141450
v 0.02128992 -0.02774557 0.04141450
v 0.02005941 -0.02864781 0.04141450
v 0.01879072 -0.02949553 0.04141450
v 0.01748626 -0.03028709 0.04141450
v 0.01614851 -0.03102101 0.04141450
v 0.01478003 -0.03169587 0.04141450
v 0.01338340 -0.03231040 0.04141450
v 0.01196131 -0.03286342 0.04141450
v 0.01051644 -0.03335389 0.04141450
v 0.00905155 -0.03378086 0.04141450
v 0.00756944 -0.03414353 0.04141450
v 0.00607291 -0.03444121 0.04141450
v 0.00456483 -0.03467333 0.04141450
v 0.00304806 -0.03483944 0.04141450
v 0.00152548 -0.03493924 0.04141450
v -0.00000000 -0.03497252 0.04141450
v -0.00152548 -0.03493924 0.04141450
v -0.00304806 -0.03483944 0.04141450
v -0.00456483 -0.03467333 0.04141450
v -0.00607291 -0.03444121 0.04141450
v -0.00756944 -0.03414353 0.04141450
v -0.00905155 -0.03378086 0.04141450
v -0.01051644 -0.03335389 0.04141450
v -0.01196131 -0.03286342 0.04141450
v -0.01338340 -0.03231040 0.04141450
v -0.01478003 -0.03169587 0.04141450
v -0.01614851 -0.03102101 0.04141450
v -0.01748626 -0.03028709 0.04141450
v -0.01879072 -0.02949553 0.04141450
v -0.02005941 -0.02864781 0.04141450
v -0.02128992 -0.02774557 0.04141450
v -0.02247990 -0.02679051 0.04141450
v -0.02362709 -0.02578445 0.04141450
v -0.02472931 -0.02472931 0.04141450
v -0.02578445 -0.02362709 0.04141450
v -0.02679051 -0.02247990 0.04141450
v -0.02774557 -0.02128992 0.04141450
v -0.02864781 -0.02005941 0.04141450
v -0.02949553 -0.01879072 0.04141450
v -0.03028709 -0.01748626 0.04141450
v -0.03102101 -0.01614851 0.04141450
v -0.03169587 -0.01478003 0.04141450
v -0.03231040 -0.01338340 0.04141450
v -0.03286342 -0.01196131 0.04141450
v -0.03335389 -0.01051644 0.04141450
v -0.03378086 -0.00905155 0.04141450
v -0.03414353 -0.00756944 0.04141450
v -0.03444121 -0.00607291 0.04141450
v -0.03467333 -0.00456483 0.04141450
v -0.03483944 -0.00304806 0.04141450
v -0.03493924 -0.00152548 0.04141450
v -0.03497252 -0.00000000 0.04141450
v -0.03493924 0.00152548 0.04141450
v -0.03483944 0.00304806 0.04141450
v -0.03467333 0.00456483 0.04141450
v -0.03444121 0.00607291 0.04141450
v -0.03414353 0.00756944 0.04141450
v -0.03378086 0.00905155 0.04141450
v -0.03335389 0.01051644 0.04141450
v -0.03286342 0.01196131 0.04141450
v -0.03231040 0.01338340 0.04141450
v -0.03169587 0.01478003 0.04141450
v -0.03102101 0.01614851 0.04141450
v -0.03028709 0.01748626 0.04141450
v -0.02949553 0.01879072 0.04141450
v -0.02864781 0.02005941 0.04141450
v -0.02774557 0.02128992 0.04141450
v -0.02679051 0.02247990 0.04141450
v -0.02578445 0.02362709 0.04141450
v -0.02472931 0.02472931 0.04141450
v -0.02362709 0.02578445 0.04141450
v -0.02247990 0.02679051 0.04141450
v -0.02128992 0.02774557 0.04141450
v -0.02005941 0.02864781 0.04141450
v -0.01879072 0.02949553 0.04141450
v -0.01748626 0.03028709 0.04141450
v -0.01614851 0.03102101 0.04141450
v -0.01478003 0.03169587 0.04141450
v -0.01338340 0.03231040 0.04141450
v -0.01196131 0.03286342 0.04141450
v -0.01051644 0.03335389 0.04141450
v -0.00905155 0.03378086 0.04141450
v -0.00756944 0.03414353 0.04141450
v -0.00607291 0.03444121 0.04141450
v -0.00456483 0.03467333 0.04141450
v -0.00304806 0.03483944 0.04141450
v -0.00152548 0.03493924 0.04141450
v -0.00000000 0.03497252 0.04141450
v 0.00152548 0.03493924 0.04141450
v 0.00304806 0.03483944 0.04141450
v 0.00456483 0.03467333 0.04141450
v 0.00607291 0.03444121 0.04141450
v 0.00756944 0.03414353 0.04141450
v 0.00905155 0.03378086 0.04141450
v 0.01051644 0.03335389 0.04141450
v 0.01196131 0.03286342 0.04141450
v 0.01338340 0.03231040 0.04141450
v 0.01478003 0.03169587 0.04141450
v 0.01614851 0.03102101 0.04141450
v 0.01748626 0.03028709 0.04141450
v 0.01879072 0.02949553 0.04141450
v 0.02005941 0.02864781 0.04141450
v 0.02128992 0.02774557 0.04141450
v 0.02247990 0.02679051 0.04141450
v 0.02362709 0.02578445 0.04141450
v 0.02472931 0.02472931 0.04141450
v 0.02578445 0.02362709 0.04141450
v 0.02679051 0.02247990 0.04141450
v 0.02774557 0.02128992 0.04141450
v 0.02864781 0.02005941 0.04141450
v 0.02949553 0.01879072 0.04141450
v 0.03028709 0.01748626 0.04141450
v 0.03102101 0.01614851 0.04141450
v 0.03169587 0.01478003 0.04141450
v 0.03231040 0.01338340 0.04141450
v 0.03286342 0.01196131 0.04141450
v 0.03335389 0.01051644 0.04141450
v 0.03378086 0.00905155 0.04141450
v 0.03414353 0.00756944 0.04141450
v 0.03444121 0.00607291 0.04141450
v 0.03467333 0.00456483 0.04141450
v 0.03483944 0.00304806 0.04141450
v 0.03493924 0.00152548 0.04141450
v 0.03497252 0.00000000 0.04141450
v 0.03408233 -0.00148807 0.04288492
v 0.03398499 -0.00297330 0.04288492
v 0.03382295 -0.00445288 0.04288492
v 0.03359653 -0.00592397 0.04288492
v 0.03330615 -0.00738380 0.04288492
v 0.03295237 -0.00882956 0.04288492
v 0.03253587 -0.01025852 0.04288492
v 0.03205743 -0.01166795 0.04288492
v 0.03151797 -0.01305517 0.04288492
v 0.03091851 -0.01441754 0.04288492
v 0.03026020 -0.01575246 0.04288492
v 0.02954429 -0.01705740 0.04288492
v 0.02877214 -0.01832987 0.04288492
v 0.02794521 -0.01956745 0.04288492
v 0.02706509 -0.02076778 0.04288492
v 0.02613346 -0.02192857 0.04288492
v 0.02515207 -0.02304763 0.04288492
v 0.02412281 -0.02412281 0.04288492
v 0.02304763 -0.02515207 0.04288492
v 0.02192857 -0.02613346 0.04288492
v 0.02076778 -0.02706509 0.04288492
v 0.01956745 -0.02794521 0.04288492
v 0.01832987 -0.02877214 0.04288492
v 0.01705740 -0.02954429 0.04288492
v 0.01575246 -0.03026020 0.04288492
v 0.01441754 -0.03091851 0.04288492
v 0.01305517 -0.03151797 0.04288492
v 0.01166795 -0.03205743 0.04288492
v 0.01025852 -0.03253587 0.04288492
v 0.00882956 -0.03295237 0.04288492
v 0.00738380 -0.03330615 0.04288492
v 0.00592397 -0.03359653 0.04288492
v 0.00445288 -0.03382295 0.04288492
v 0.00297330 -0.03398499 0.04288492
v 0.00148807 -0.03408233 0.04288492
v -0.00000000 -0.03411480 0.04288492
v -0.00148807 -0.03408233 0.04288492
v -0.00297330 -0.03398499 0.04288492
v -0.00445288 -0.03382295 0.04288492
v -0.00592397 -0.03359653 0.04288492
v -0.00738380 -0.03330615 0.04288492
v -0.00882956 -0.03295237 0.04288492
v -0.01025852 -0.03253587 0.04288492
v -0.01166795 -0.03205743 0.04288492
v -0.01305517 -0.03151797 0.04288492
v -0.01441754 -0.03091851 0.04288492
v -0.01575246 -0.03026020 0.04288492
v -0.01705740 -0.02954429 0.04288492
v -0.01832987 -0.02877214 0.04288492
v -0.01956745 -0.02794521 0.04288492
v -0.02076778 -0.02706509 0.04288492
v -0.02192857 -0.02613346 0.04288492
v -0.02304763 -0.02515207 0.04288492
v -0.02412281 -0.02412281 0.04288492
v -0.02515207 -0.02304763 0.04288492
v -0.02613346 -0.02192857 0.04288492
v -0.02706509 -0.02076778 0.04288492
v -0.02794521 -0.01956745 0.04288492
v -0.02877214 -0.01832987 0.04288492
v -0.02954429 -0.01705740 0.04288492
v -0.03026020 -0.01575246 0.04288492
v -0.03091851 -0.01441754 0.04288492
v -0.03151797 -0.01305517 0.04288492
v -0.03205743 -0.01166795 0.04288492
v -0.03253587 -0.01025852 0.04288492
v -0.03295237 -0.00882956 0.04288492
v -0.03330615 -0.00738380 0.04288492
v -0.03359653 -0.00592397 0.04288492
v -0.03382295 -0.00445288 0.04288492
v -0.03398499 -0.00297330 0.04288492
v -0.03408233 -0.00148807 0.04288492
v -0.03411480 -0.00000000 0.04288492
v -0.03408233 0.00148807 0.04288492
v -0.03398499 0.00297330 0.04288492
v -0.03382295 0.00445288 0.04288492
v -0.03359653 0.00592397 0.04288492
v -0.03330615 0.00738380 0.04288492
v -0.03295237 0.00882956 0.04288492
v -0.03253587 0.01025852 0.04288492
v -0.03205743 0.01166795 0.04288492
v -0.03151797 0.01305517 0.04288492
v -0.03091851 0.01441754 0.04288492
v -0.03026020 0.01575246 0.04288492
v -0.02954429 0.01705740 0.04288492
v -0.02877214 0.01832987 0.04288492
v -0.02794521 0.01956745 0.04288492
v -0.02706509 0.02076778 0.04288492
v -0.02613346 0.02192857 0.04288492
v -0.02515207 0.02304763 0.04288492
v -0.02412281 0.02412281 0.04288492
v -0.02304763 0.02515207 0.04288492
v -0.02192857 0.02613346 0.04288492
v -0.02076778 0.02706509 0.04288492
v -0.01956745 0.02794521 0.04288492
v -0.01832987 0.02877214 0.04288492
v -0.01705740 0.02954429 0.04288492
v -0.01575246 0.03026020 0.04288492
v -0.01441754 0.03091851 0.04288492
v -0.01305517 0.03151797 0.04288492
v -0.01166795 0.03205743 0.04288492
v -0.01025852 0.03253587 0.04288492
v -0.00882956 0.03295237 0.04288492
v -0.00738380 0.03330615 0.04288492
v -0.00592397 0.03359653 0.04288492
v -0.00445288 0.03382295 0.04288492
v -0.00297330 0.03398499 0.04288492
v -0.00148807 0.03408233 0.04288492
v -0.00000000 0.03411480 0.04288492
v 0.00148807 0.03408233 0.04288492
v 0.00297330 0.03398499 0.04288492
v 0.00445288 0.03382295 0.04288492
v 0.00592397 0.03359653 0.04288492
v 0.00738380 0.03330615 0.04288492
v 0.00882956 0.03295237 0.04288492
v 0.01025852 0.03253587 0.04288492
v 0.01166795 0.03205743 0.04288492
v 0.01305517 0.03151797 0.04288492
v 0.01441754 0.03091851 0.04288492
v 0.01575246 0.03026020 0.04288492
v 0.01705740 0.02954429 0.04288492
v 0.01832987 0.02877214 0.04288492
v 0.01956745 0.02794521 0.04288492
v 0.02076778 0.02706509 0.04288492
v 0.02192857 0.02613346 0.04288492
v 0.02304763 0.02515207 0.04288492
v 0.02412281 0.02412281 0.04288492
v 0.02515207 0.02304763 0.04288492
v 0.02613346 0.02192857 0.04288492
v 0.02706509 0.02076778 0.04288492
v 0.02794521 0.01956745 0.04288492
v 0.02877214 0.01832987 0.04288492
v 0.02954429 0.01705740 0.04288492
v 0.03026020 0.01575246 0.04288492
v 0.03091851 0.01441754 0.04288492
v 0.03151797 0.01305517 0.04288492
v 0.03205743 0.01166795 0.04288492
v 0.03253587 0.01025852 0.04288492
v 0.03295237 0.00882956 0.04288492
v 0.03330615 0.00738380 0.04288492
v 0.03359653 0.00592397 0.04288492
v 0.03382295 0.00445288 0.04288492
v 0.03398499 0.00297330 0.04288492
v 0.03408233 0.00148807 0.04288492
v 0.03411480 0.00000000 0.04288492
v 0.03316371 -0.00144796 0.04431752
v 0.03306898 -0.00289316 0.04431752
v 0.03291131 -0.00433286 0.04431752
v 0.03269099 -0.00576430 0.04431752
v 0.03240844 -0.00718478 0.04431752
v 0.03206420 -0.00859158 0.04431752
v 0.03165892 -0.00998202 0.04431752
v 0.03119338 -0.01135346 0.04431752
v 0.03066846 -0.01270329 0.04431752
v 0.03008516 -0.01402894 0.04431752
v 0.02944459 -0.01532788 0.04431752
v 0.02874798 -0.01659765 0.04431752
v 0.02799664 -0.01783582 0.04431752
v 0.02719200 -0.01904004 0.04431752
v 0.02633560 -0.02020802 0.04431752
v 0.02542908 -0.02133753 0.04431752
v 0.02447414 -0.02242642 0.04431752
v 0.02347262 -0.02347262 0.04431752
v 0.02242642 -0.02447414 0.04431752
v 0.02133753 -0.02542908 0.04431752
v 0.02020802 -0.02633560 0.04431752
v 0.01904004 -0.02719200 0.04431752
v 0.01783582 -0.02799664 0.04431752
v 0.01659765 -0.02874798 0.04431752
v 0.01532788 -0.02944459 0.04431752
v 0.01402894 -0.03008516 0.04431752
v 0.01270329 -0.03066846 0.04431752
v 0.01135346 -0.03119338 0.04431752
v 0.00998202 -0.03165892 0.04431752
v 0.00859158 -0.03206420 0.04431752
v 0.00718478 -0.03240844 0.04431752
v 0.00576430 -0.03269099 0.04431752
v 0.00433286 -0.03291131 0.04431752
v 0.00289316 -0.03306898 0.04431752
v 0.00144796 -0.03316371 0.04431752
v -0.00000000 -0.03319530 0.04431752
v -0.00144796 -0.03316371 0.04431752
v -0.00289316 -0.03306898 0.04431752
v -0.00433286 -0.03291131 0.04431752
v -0.00576430 -0.03269099 0.04431752
v -0.00718478 -0.03240844 0.04431752
v -0.00859158 -0.03206420 0.04431752
v -0.00998202 -0.03165892 0.04431752
v -0.01135346 -0.03119338 0.04431752
v -0.01270329 -0.03066846 0.04431752
v -0.01402894 -0.03008516 0.04431752
v -0.01532788 -0.02944459 0.04431752
v -0.01659765 -0.02874798 0.04431752
v -0.01783582 -0.02799664 0.04431752
v -0.01904004 -0.02719200 0.04431752
v -0.02020802 -0.02633560 0.04431752
v -0.02133753 -0.02542908 0.04431752
v -0.02242642 -0.02447414 0.04431752
v -0.02347262 -0.02347262 0.04431752
v -0.02447414 -0.02242642 0.04431752
v -0.02542908 -0.02133753 0.04431752
v -0.02633560 -0.02020802 0.04431752
v -0.02719200 -0.01904004 0.04431752
v -0.02799664 -0.01783582 0.04431752
v -0.02874798 -0.01659765 0.04431752
v -0.02944459 -0.01532788 0.04431752
v -0.03008516 -0.01402894 0.04431752
v -0.03066846 -0.01270329 0.04431752
v -0.03119338 -0.01135346 0.04431752
v -0.03165892 -0.00998202 0.04431752
v -0.03206420 -0.00859158 0.04431752
v -0.03240844 -0.00718478 0.04431752
v -0.03269099 -0.00576430 0.04431752
v -0.03291131 -0.00433286 0.04431752
v -0.03306898 -0.00289316 0.04431752
v -0.03316371 -0.00144796 0.04431752
v -0.03319530 -0.00000000 0.04431752
v -0.03316371 0.00144796 0.04431752
v -0.03306898 0.00289316 0.04431752
v -0.03291131 0.00433286 0.04431752
v -0.03269099 0.00576430 0.04431752
v -0.03240844 0.00718478 0.04431752
v -0.03206420 0.00859158 0.04431752
v -0.03165892 0.00998202 0.04431752
v -0.03119338 0.01135346 0.04431752
v -0.03066846 0.01270329 0.04431752
v -0.03008516 0.01402894 0.04431752
v -0.02944459 0.01532788 0.04431752
v -0.02874798 0.01659765 0.04431752
v -0.02799664 0.01783582 0.04431752
v -0.02719200 0.01904004 0.04431752
v -0.02633560 0.02020802 0.04431752
v -0.02542908 0.02133753 0.04431752
v -0.02447414 0.02242642 0.04431752
v -0.02347262 0.02347262 0.04431752
v -0.02242642 0.02447414 0.04431752
v -0.02133753 0.02542908 0.04431752
v -0.02020802 0.02633560 0.04431752
v -0.01904004 0.02719200 0.04431752
v -0.01783582 0.02799664 0.04431752
v -0.01659765 0.02874798 0.04431752
v -0.01532788 0.02944459 0.04431752
v -0.01402894 0.03008516 0.04431752
v -0.01270329 0.03066846 0.04431752
v -0.01135346 0.03119338 0.04431752
v -0.00998202 0.03165892 0.04431752
v -0.00859158 0.03206420 0.04431752
v -0.00718478 0.03240844 0.04431752
v -0.00576430 0.03269099 0.04431752
v -0.00433286 0.03291131 0.04431752
v -0.00289316 0.03306898 0.04431752
v -0.00144796 0.03316371 0.04431752
v -0.00000000 0.03319530 0.04431752
v 0.00144796 0.03316371 0.04431752
v 0.00289316 0.03306898 0.04431752
v 0.00433286 0.03291131 0.04431752
v 0.00576430 0.03269099 0.04431752
v 0.00718478 0.03240844 0.04431752
v 0.00859158 0.03206420 0.04431752
v 0.00998202 0.03165892 0.04431752
v 0.01135346 0.03119338 0.04431752
v 0.01270329 0.03066846 0.04431752
v 0.01402894 0.03008516 0.04431752
v 0.01532788 0.02944459 0.04431752
v 0.01659765 0.02874798 0.04431752
v 0.01783582 0.02799664 0.04431752
v 0.01904004 0.02719200 0.04431752
v 0.02020802 0.02633560 0.04431752
v 0.02133753 0.02542908 0.04431752
v 0.02242642 0.02447414 0.04431752
v 0.02347262 0.02347262 0.04431752
v 0.02447414 0.02242642 0.04431752
v 0.02542908 0.02133753 0.04431752
v 0.02633560 0.02020802 0.04431752
v 0.02719200 0.01904004 0.04431752
v 0.02799664 0.01783582 0.04431752
v 0.02874798 0.01659765 0.04431752
v 0.02944459 0.01532788 0.04431752
v 0.03008516 0.01402894 0.04431752
v 0.03066846 0.01270329 0.04431752
v 0.03119338 0.01135346 0.04431752
v 0.03165892 0.00998202 0.04431752
v 0.03206420 0.00859158 0.04431752
v 0.03240844 0.00718478 0.04431752
v 0.03269099 0.00576430 0.04431752
v 0.03291131 0.00433286 0.04431752
v 0.03306898 0.00289316 0.04431752
v 0.03316371 0.00144796 0.04431752
v 0.03319530 0.00000000 0.04431752
v 0.03218501 -0.00140523 0.04570970
v 0.03209309 -0.00280778 0.04570970
v 0.03194007 -0.00420499 0.04570970
v 0.03172625 -0.00559419 0.04570970
v 0.03145204 -0.00697275 0.04570970
v 0.03111796 -0.00833803 0.04570970
v 0.03072464 -0.00968744 0.04570970
v 0.03027284 -0.01101841 0.04570970
v 0.02976341 -0.01232841 0.04570970
v 0.02919732 -0.01361493 0.04570970
v 0.02857566 -0.01487555 0.04570970
v 0.02789959 -0.01610784 0.04570970
v 0.02717043 -0.01730947 0.04570970
v 0.02638954 -0.01847815 0.04570970
v 0.02555842 -0.01961166 0.04570970
v 0.02467864 -0.02070784 0.04570970
v 0.02375189 -0.02176460 0.04570970
v 0.02277992 -0.02277992 0.04570970
v 0.02176460 -0.02375189 0.04570970
v 0.02070784 -0.02467864 0.04570970
v 0.01961166 -0.02555842 0.04570970
v 0.01847815 -0.02638954 0.04570970
v 0.01730947 -0.02717043 0.04570970
v 0.01610784 -0.02789959 0.04570970
v 0.01487555 -0.02857566 0.04570970
v 0.01361493 -0.02919732 0.04570970
v 0.01232841 -0.02976341 0.04570970
v 0.01101841 -0.03027284 0.04570970
v 0.00968744 -0.03072464 0.04570970
v 0.00833803 -0.03111796 0.04570970
v 0.00697275 -0.03145204 0.04570970
v 0.00559419 -0.03172625 0.04570970
v 0.00420499 -0.03194007 0.04570970
v 0.00280778 -0.03209309 0.04570970
v 0.00140523 -0.03218501 0.04570970
v -0.00000000 -0.03221568 0.04570970
v -0.00140523 -0.03218501 0.04570970
v -0.00280778 -0.03209309 0.04570970
v -0.00420499 -0.03194007 0.04570970
v -0.00559419 -0.03172625 0.04570970
v -0.00697275 -0.03145204 0.04570970
v -0.00833803 -0.03111796 0.04570970
v -0.00968744 -0.03072464 0.04570970
v -0.01101841 -0.03027284 0.04570970
v -0.01232841 -0.02976341 0.04570970
v -0.01361493 -0.02919732 0.04570970
v -0.01487555 -0.02857566 0.04570970
v -0.01610784 -0.02789959 0.04570970
v -0.01730947 -0.02717043 0.04570970
v -0.01847815 -0.02638954 0.04570970
v -0.01961166 -0.02555842 0.04570970
v -0.02070784 -0.02467864 0.04570970
v -0.02176460 -0.02375189 0.04570970
v -0.02277992 -0.02277992 0.04570970
v -0.02375189 -0.02176460 0.04570970
v -0.02467864 -0.02070784 0.04570970
v -0.02555842 -0.01961166 0.04570970
v -0.02638954 -0.01847815 0.04570970
v -0.02717043 -0.01730947 0.04570970
v -0.02789959 -0.01610784 0.04570970
v -0.02857566 -0.01487555 0.04570970
v -0.02919732 -0.01361493 0.04570970
v -0.02976341 -0.01232841 0.04570970
v -0.03027284 -0.01101841 0.04570970
v -0.03072464 -0.00968744 0.04570970
v -0.03111796 -0.00833803 0.04570970
v -0.03145204 -0.00697275 0.04570970
v -0.03172625 -0.00559419 0.04570970
v -0.03194007 -0.00420499 0.04570970
v -0.03209309 -0.00280778 0.04570970
v -0.03218501 -0.00140523 0.04570970
v -0.03221568 -0.00000000 0.04570970
v -0.03218501 0.00140523 0.04570970
v -0.03209309 0.00280778 0.04570970
v -0.03194007 0.00420499 0.04570970
v -0.03172625 0.00559419 0.04570970
v -0.03145204 0.00697275 0.04570970
v -0.03111796 0.00833803 0.04570970
v -0.03072464 0.00968744 0.04570970
v -0.03027284 0.01101841 0.04570970
v -0.02976341 0.01232841 0.04570970
v -0.02919732 0.01361493 0.04570970
v -0.02857566 0.01487555 0.04570970
v -0.02789959 0.01610784 0.04570970
v -0.02717043 0.01730947 0.04570970
v -0.02638954 0.01847815 0.04570970
v -0.02555842 0.01961166 0.04570970
v -0.02467864 0.02070784 0.04570970
v -0.02375189 0.02176460 0.04570970
v -0.02277992 0.02277992 0.04570970
v -0.02176460 0.02375189 0.04570970
v -0.02070784 0.02467864 0.04570970
v -0.01961166 0.02555842 0.04570970
v -0.01847815 0.02638954 0.04570970
v -0.01730947 0.02717043 0.04570970
v -0.01610784 0.02789959 0.04570970
v -0.01487555 0.02857566 0.04570970
v -0.01361493 0.02919732 0.04570970
v -0.01232841 0.02976341 0.04570970
v -0.01101841 0.03027284 0.04570970
v -0.00968744 0.03072464 0.04570970
v -0.00833803 0.03111796 0.04570970
v -0.00697275 0.03145204 0.04570970
v -0.00559419 0.03172625 0.04570970
v -0.00420499 0.03194007 0.04570970
v -0.00280778 0.03209309 0.04570970
v -0.00140523 0.03218501 0.04570970
v -0.00000000 0.03221568 0.04570970
v 0.00140523 0.03218501 0.04570970
v 0.00280778 0.03209309 0.04570970
v 0.00420499 0.03194007 0.04570970
v 0.00559419 0.03172625 0.04570970
v 0.00697275 0.03145204 0.04570970
v 0.00833803 0.03111796 0.04570970
v 0.00968744 0.03072464 0.04570970
v 0.01101841 0.03027284 0.04570970
v 0.01232841 0.02976341 0.04570970
v 0.01361493 0.02919732 0.04570970
v 0.01487555 0.02857566 0.04570970
v 0.01610784 0.02789959 0.04570970
v 0.01730947 0.02717043 0.04570970
v 0.01847815 0.02638954 0.04570970
v 0.01961166 0.02555842 0.04570970
v 0.02070784 0.02467864 0.04570970
v 0.02176460 0.02375189 0.04570970
v 0.02277992 0.02277992 0.04570970
v 0.02375189 0.02176460 0.04570970
v 0.02467864 0.02070784 0.04570970
v 0.02555842 0.01961166 0.04570970
v 0.02638954 0.01847815 0.04570970
v 0.02717043 0.01730947 0.04570970
v 0.02789959 0.01610784 0.04570970
v 0.02857566 0.01487555 0.04570970
v 0.02919732 0.01361493 0.04570970
v 0.02976341 0.01232841 0.04570970
v 0.03027284 0.01101841 0.04570970
v 0.03072464 0.00968744 0.04570970
v 0.03111796 0.00833803 0.04570970
v 0.03145204 0.00697275 0.04570970
v 0.03172625 0.00559419 0.04570970
v 0.03194007 0.00420499 0.04570970
v 0.03209309 0.00280778 0.04570970
v 0.03218501 0.00140523 0.04570970
v 0.03221568 0.00000000 0.04570970
v 0.03114803 -0.00135995 0.04705894
v 0.03105907 -0.00271732 0.04705894
v 0.03091098 -0.00406951 0.04705894
v 0.03070405 -0.00541395 0.04705894
v 0.03043867 -0.00674809 0.04705894
v 0.03011535 -0.00806938 0.04705894
v 0.02973471 -0.00937532 0.04705894
v 0.02929746 -0.01066340 0.04705894
v 0.02880445 -0.01193119 0.04705894
v 0.02825660 -0.01317627 0.04705894
v 0.02765496 -0.01439626 0.04705894
v 0.02700069 -0.01558885 0.04705894
v 0.02629501 -0.01675177 0.04705894
v 0.02553928 -0.01788280 0.04705894
v 0.02473494 -0.01897979 0.04705894
v 0.02388351 -0.02004064 0.04705894
v 0.02298662 -0.02106335 0.04705894
v 0.02204597 -0.02204597 0.04705894
v 0.02106335 -0.02298662 0.04705894
v 0.02004064 -0.02388351 0.04705894
v 0.01897979 -0.02473494 0.04705894
v 0.01788280 -0.02553928 0.04705894
v 0.01675177 -0.02629501 0.04705894
v 0.01558885 -0.02700069 0.04705894
v 0.01439626 -0.02765496 0.04705894
v 0.01317627 -0.02825660 0.04705894
v 0.01193119 -0.02880445 0.04705894
v 0.01066340 -0.02929746 0.04705894
v 0.00937532 -0.02973471 0.04705894
v 0.00806938 -0.03011535 0.04705894
v 0.00674809 -0.03043867 0.04705894
v 0.00541395 -0.03070405 0.04705894
v 0.00406951 -0.03091098 0.04705894
v 0.00271732 -0.03105907 0.04705894
v 0.00135995 -0.03114803 0.04705894
v -0.00000000 -0.03117771 0.04705894
v -0.00135995 -0.03114803 0.04705894
v -0.00271732 -0.03105907 0.04705894
v -0.00406951 -0.03091098 0.04705894
v -0.00541395 -0.03070405 0.04705894
v -0.00674809 -0.03043867 0.04705894
v -0.00806938 -0.03011535 0.04705894
v -0.00937532 -0.02973471 0.04705894
v -0.01066340 -0.02929746 0.04705894
v -0.01193119 -0.02880445 0.04705894
v -0.01317627 -0.02825660 0.04705894
v -0.01439626 -0.02765496 0.04705894
v -0.01558885 -0.02700069 0.04705894
v -0.01675177 -0.02629501 0.04705894
v -0.01788280 -0.02553928 0.04705894
v -0.01897979 -0.02473494 0.04705894
v -0.02004064 -0.02388351 0.04705894
v -0.02106335 -0.02298662 0.04705894
v -0.02204597 -0.02204597 0.04705894
v -0.02298662 -0.02106335 0.04705894
v -0.02388351 -0.02004064 0.04705894
v -0.02473494 -0.01897979 0.04705894
v -0.02553928 -0.01788280 0.04705894
v -0.02629501 -0.01675177 0.04705894
v -0.02700069 -0.01558885 0.04705894
v -0.02765496 -0.01439626 0.04705894
v -0.02825660 -0.01317627 0.04705894
v -0.02880445 -0.01193119 0.04705894
v -0.02929746 -0.01066340 0.04705894
v -0.02973471 -0.00937532 0.04705894
v -0.03011535 -0.00806938 0.04705894
v -0.03043867 -0.00674809 0.04705894
v -0.03070405 -0.00541395 0.04705894
v -0.03091098 -0.00406951 0.04705894
v -0.03105907 -0.00271732 0.04705894
v -0.03114803 -0.00135995 0.04705894
v -0.03117771 -0.00000000 0.04705894
v -0.03114803 0.00135995 0.04705894
v -0.03105907 0.00271732 0.04705894
v -0.03091098 0.00406951 0.04705894
v -0.03070405 0.00541395 0.04705894
v -0.03043867 0.00674809 0.04705894
v -0.03011535 0.00806938 0.04705894
v -0.02973471 0.00937532 0.04705894
v -0.02929746 0.01066340 0.04705894
v -0.02880445 0.01193119 0.04705894
v -0.02825660 0.01317627 0.04705894
v -0.02765496 0.01439626 0.04705894
v -0.02700069 0.01558885 0.04705894
v -0.02629501 0.01675177 0.04705894
v -0.02553928 0.01788280 0.04705894
v -0.02473494 0.01897979 0.04705894
v -0.02388351 0.02004064 0.04705894
v -0.02298662 0.02106335 0.04705894
v -0.02204597 0.02204597 0.04705894
v -0.02106335 0.02298662 0.04705894
v -0.02004064 0.02388351 0.04705894
v -0.01897979 0.02473494 0.04705894
v -0.01788280 0.02553928 0.04705894
v -0.01675177 0.02629501 0.04705894
v -0.01558885 0.02700069 0.04705894
v -0.01439626 0.02765496 0.04705894
v -0.01317627 0.02825660 0.04705894
v -0.01193119 0.02880445 0.04705894
v -0.01066340 0.02929746 0.04705894
v -0.00937532 0.02973471 0.04705894
v -0.00806938 0.03011535 0.04705894
v -0.00674809 0.03043867 0.04705894
v -0.00541395 0.03070405 0.04705894
v -0.00406951 0.03091098 0.04705894
v -0.00271732 0.03105907 0.04705894
v -0.00135995 0.03114803 0.04705894
v -0.00000000 0.03117771 0.04705894
v 0.00135995 0.03114803 0.04705894
v 0.00271732 0.03105907 0.04705894
v 0.00406951 0.03091098 0.04705894
v 0.00541395 0.03070405 0.04705894
v 0.00674809 0.03043867 0.04705894
v 0.00806938 0.03011535 0.04705894
v 0.00937532 0.02973471 0.04705894
v 0.01066340 0.02929746 0.04705894
v 0.01193119 0.02880445 0.04705894
v 0.01317627 0.02825660 0.04705894
v 0.01439626 0.02765496 0.04705894
v 0.01558885 0.02700069 0.04705894
v 0.01675177 0.02629501 0.04705894
v 0.01788280 0.02553928 0.04705894
v 0.01897979 0.02473494 0.04705894
v 0.02004064 0.02388351 0.04705894
v 0.02106335 0.02298662 0.04705894
v 0.02204597 0.02204597 0.04705894
v 0.02298662 0.02106335 0.04705894
v 0.02388351 0.02004064 0.04705894
v 0.02473494 0.01897979 0.04705894
v 0.02553928 0.01788280 0.04705894
v 0.02629501 0.01675177 0.04705894
v 0.02700069 0.01558885 0.04705894
v 0.02765496 0.01439626 0.04705894
v 0.02825660 0.01317627 0.04705894
v 0.02880445 0.01193119 0.04705894
v 0.02929746 0.01066340 0.04705894
v 0.02973471 0.00937532 0.04705894
v 0.03011535 0.00806938 0.04705894
v 0.03043867 0.00674809 0.04705894
v 0.03070405 0.00541395 0.04705894
v 0.03091098 0.00406951 0.04705894
v 0.03105907 0.00271732 0.04705894
v 0.03114803 0.00135995 0.04705894
v 0.03117771 0.00000000 0.04705894
v 0.03005463 -0.00131221 0.04836280
v 0.02996879 -0.00262193 0.04836280
v 0.02982590 -0.00392665 0.04836280
v 0.02962624 -0.00522390 0.04836280
v 0.02937017 -0.00651121 0.04836280
v 0.02905820 -0.00778612 0.04836280
v 0.02869092 -0.00904621 0.04836280
v 0.02826902 -0.01028908 0.04836280
v 0.02779331 -0.01151237 0.04836280
v 0.02726470 -0.01271374 0.04836280
v 0.02668418 -0.01389091 0.04836280
v 0.02605287 -0.01504163 0.04836280
v 0.02537197 -0.01616373 0.04836280
v 0.02464277 -0.01725505 0.04836280
v 0.02386666 -0.01831353 0.04836280
v 0.02304512 -0.01933715 0.04836280
v 0.02217971 -0.02032396 0.04836280
v 0.02127208 -0.02127208 0.04836280
v 0.02032396 -0.02217971 0.04836280
v 0.01933715 -0.02304512 0.04836280
v 0.01831353 -0.02386666 0.04836280
v 0.01725505 -0.02464277 0.04836280
v 0.01616373 -0.02537197 0.04836280
v 0.01504163 -0.02605287 0.04836280
v 0.01389091 -0.02668418 0.04836280
v 0.01271374 -0.02726470 0.04836280
v 0.01151237 -0.02779331 0.04836280
v 0.01028908 -0.02826902 0.04836280
v 0.00904621 -0.02869092 0.04836280
v 0.00778612 -0.02905820 0.04836280
v 0.00651121 -0.02937017 0.04836280
v 0.00522390 -0.02962624 0.04836280
v 0.00392665 -0.02982590 0.04836280
v 0.00262193 -0.02996879 0.04836280
v 0.00131221 -0.03005463 0.04836280
v -0.00000000 -0.03008327 0.04836280
v -0.00131221 -0.03005463 0.04836280
v -0.00262193 -0.02996879 0.04836280
v -0.00392665 -0.02982590 0.04836280
v -0.00522390 -0.02962624 0.04836280
v -0.00651121 -0.02937017 0.04836280
v -0.00778612 -0.02905820 0.04836280
v -0.00904621 -0.02869092 0.04836280
v -0.01028908 -0.02826902 0.04836280
v -0.01151237 -0.02779331 0.04836280
v -0.01271374 -0.02726470 0.04836280
v -0.01389091 -0.02668418 0.04836280
v -0.01504163 -0.02605287 0.04836280
v -0.01616373 -0.02537197 0.04836280
v -0.01725505 -0.02464277 0.04836280
v -0.01831353 -0.02386666 0.04836280
v -0.01933715 -0.02304512 0.04836280
v -0.02032396 -0.02217971 0.04836280
v -0.02127208 -0.02127208 0.04836280
v -0.02217971 -0.02032396 0.04836280
v -0.02304512 -0.01933715 0.04836280
v -0.02386666 -0.01831353 0.04836280
v -0.02464277 -0.01725505 0.04836280
v -0.02537197 -0.01616373 0.04836280
v -0.02605287 -0.01504163 0.04836280
v -0.02668418 -0.01389091 0.04836280
v -0.02726470 -0.01271374 0.04836280
v -0.02779331 -0.01151237 0.04836280
v -0.02826902 -0.01028908 0.04836280
v -0.02869092 -0.00904621 0.04836280
v -0.02905820 -0.00778612 0.04836280
v -0.02937017 -0.00651121 0.04836280
v -0.02962624 -0.00522390 0.04836280
v -0.02982590 -0.00392665 0.04836280
v -0.02996879 -0.00262193 0.04836280
v -0.03005463 -0.00131221 0.04836280
v -0.03008327 -0.00000000 0.04836280
v -0.03005463 0.00131221 0.04836280
v -0.02996879 0.00262193 0.04836280
v -0.02982590 0.00392665 0.04836280
v -0.02962624 0.00522390 0.04836280
v -0.02937017 0.00651121 0.04836280
v -0.02905820 0.00778612 0.04836280
v -0.02869092 0.00904621 0.04836280
v -0.02826902 0.01028908 0.04836280
v -0.02779331 0.01151237 0.04836280
v -0.02726470 0.01271374 0.04836280
v -0.02668418 0.01389091 0.04836280
v -0.02605287 0.01504163 0.04836280
v -0.02537197 0.01616373 0.04836280
v -0.02464277 0.01725505 0.04836280
v -0.02386666 0.01831353 0.04836280
v -0.02304512 0.01933715 0.04836280
v -0.02217971 0.02032396 0.04836280
v -0.02127208 0.02127208 0.04836280
v -0.02032396 0.02217971 0.04836280
v -0.01933715 0.02304512 0.04836280
v -0.01831353 0.02386666 0.04836280
v -0.01725505 0.02464277 0.04836280
v -0.01616373 0.02537197 0.04836280
v -0.01504163 0.02605287 0.04836280
v -0.01389091 0.02668418 0.04836280
v -0.01271374 0.02726470 0.04836280
v -0.01151237 0.02779331 0.04836280
v -0.01028908 0.02826902 0.04836280
v -0.00904621 0.02869092 0.04836280
v -0.00778612 0.02905820 0.04836280
v -0.00651121 0.02937017 0.04836280
v -0.00522390 0.02962624 0.04836280
v -0.00392665 0.02982590 0.04836280
v -0.00262193 0.02996879 0.04836280
v -0.00131221 0.03005463 0.04836280
v -0.00000000 0.03008327 0.04836280
v 0.00131221 0.03005463 0.04836280
v 0.00262193 0.02996879 0.04836280
v 0.00392665 0.02982590 0.04836280
v 0.00522390 0.02962624 0.04836280
v 0.00651121 0.02937017 0.04836280
v 0.00778612 0.02905820 0.04836280
v 0.00904621 0.02869092 0.04836280
v 0.01028908 0.02826902 0.04836280
v 0.01151237 0.02779331 0.04836280
v 0.01271374 0.02726470 0.04836280
v 0.01389091 0.02668418 0.04836280
v 0.01504163 0.02605287 0.04836280
v 0.01616373 0.02537197 0.04836280
v 0.01725505 0.02464277 0.04836280
v 0.01831353 0.02386666 0.04836280
v 0.01933715 0.02304512 0.04836280
v 0.02032396 0.02217971 0.04836280
v 0.02127208 0.02127208 0.04836280
v 0.02217971 0.02032396 0.04836280
v 0.02304512 0.01933715 0.04836280
v 0.02386666 0.01831353 0.04836280
v 0.02464277 0.01725505 0.04836280
v 0.02537197 0.01616373 0.04836280
v 0.02605287 0.01504163 0.04836280
v 0.02668418 0.01389091 0.04836280
v 0.02726470 0.01271374 0.04836280
v 0.02779331 0.01151237 0.04836280
v 0.02826902 0.01028908 0.04836280
v 0.02869092 0.00904621 0.04836280
v 0.02905820 0.00778612 0.04836280
v 0.02937017 0.00651121 0.04836280
v 0.02962624 0.00522390 0.04836280
v 0.02982590 0.00392665 0.04836280
v 0.02996879 0.00262193 0.04836280
v 0.03005463 0.00131221 0.04836280
v 0.03008327 0.00000000 0.04836280
v 0.02890680 -0.00126210 0.04961890
v 0.02882424 -0.00252179 0.04961890
v 0.02868681 -0.00377669 0.04961890
v 0.02849477 -0.00502440 0.04961890
v 0.02824848 -0.00626254 0.04961890
v 0.02794843 -0.00748876 0.04961890
v 0.02759517 -0.00870072 0.04961890
v 0.02718939 -0.00989613 0.04961890
v 0.02673185 -0.01107269 0.04961890
v 0.02622342 -0.01222818 0.04961890
v 0.02566508 -0.01336039 0.04961890
v 0.02505788 -0.01446717 0.04961890
v 0.02440298 -0.01554641 0.04961890
v 0.02370163 -0.01659606 0.04961890
v 0.02295516 -0.01761411 0.04961890
v 0.02216499 -0.01859864 0.04961890
v 0.02133264 -0.01954776 0.04961890
v 0.02045967 -0.02045967 0.04961890
v 0.01954776 -0.02133264 0.04961890
v 0.01859864 -0.02216499 0.04961890
v 0.01761411 -0.02295516 0.04961890
v 0.01659606 -0.02370163 0.04961890
v 0.01554641 -0.02440298 0.04961890
v 0.01446717 -0.02505788 0.04961890
v 0.01336039 -0.02566508 0.04961890
v 0.01222818 -0.02622342 0.04961890
v 0.01107269 -0.02673185 0.04961890
v 0.00989613 -0.02718939 0.04961890
v 0.00870072 -0.02759517 0.04961890
v 0.00748876 -0.02794843 0.04961890
v 0.00626254 -0.02824848 0.04961890
v 0.00502440 -0.02849477 0.04961890
v 0.00377669 -0.02868681 0.04961890
v 0.00252179 -0.02882424 0.04961890
v 0.00126210 -0.02890680 0.04961890
v -0.00000000 -0.02893434 0.04961890
v -0.00126210 -0.02890680 0.04961890
v -0.00252179 -0.02882424 0.04961890
v -0.00377669 -0.02868681 0.04961890
v -0.00502440 -0.02849477 0.04961890
v -0.00626254 -0.02824848 0.04961890
v -0.00748876 -0.02794843 0.04961890
v -0.00870072 -0.02759517 0.04961890
v -0.00989613 -0.02718939 0.04961890
v -0.01107269 -0.02673185 0.04961890
v -0.01222818 -0.02622342 0.04961890
v -0.01336039 -0.02566508 0.04961890
v -0.01446717 -0.02505788 0.04961890
v -0.01554641 -0.02440298 0.04961890
v -0.01659606 -0.02370163 0.04961890
v -0.01761411 -0.02295516 0.04961890
v -0.01859864 -0.02216499 0.04961890
v -0.01954776 -0.02133264 0.04961890
v -0.02045967 -0.02045967 0.04961890
v -0.02133264 -0.01954776 0.04961890
v -0.02216499 -0.01859864 0.04961890
v -0.02295516 -0.01761411 0.04961890
v -0.02370163 -0.01659606 0.04961890
v -0.02440298 -0.01554641 0.04961890
v -0.02505788 -0.01446717 0.04961890
v -0.02566508 -0.01336039 0.04961890
v -0.02622342 -0.01222818 0.04961890
v -0.02673185 -0.01107269 0.04961890
v -0.02718939 -0.00989613 0.04961890
v -0.02759517 -0.00870072 0.04961890
v -0.02794843 -0.00748876 0.04961890
v -0.02824848 -0.00626254 0.04961890
v -0.02849477 -0.00502440 0.04961890
v -0.02868681 -0.00377669 0.04961890
v -0.02882424 -0.00252179 0.04961890
v -0.02890680 -0.00126210 0.04961890
v -0.02893434 -0.00000000 0.04961890
v -0.02890680 0.00126210 0.04961890
v -0.02882424 0.00252179 0.04961890
v -0.02868681 0.00377669 0.04961890
v -0.02849477 0.00502440 0.04961890
v -0.02824848 0.00626254 0.04961890
v -0.02794843 0.00748876 0.04961890
v -0.02759517 0.00870072 0.04961890
v -0.02718939 0.00989613 0.04961890
v -0.02673185 0.01107269 0.04961890
v -0.02622342 0.01222818 0.04961890
v -0.02566508 0.01336039 0.04961890
v -0.02505788 0.01446717 0.04961890
v -0.02440298 0.01554641 0.04961890
v -0.02370163 0.01659606 0.04961890
v -0.02295516 0.01761411 0.04961890
v -0.02216499 0.01859864 0.04961890
v -0.02133264 0.01954776 0.04961890
v -0.02045967 0.02045967 0.04961890
v -0.01954776 0.02133264 0.04961890
v -0.01859864 0.02216499 0.04961890
v -0.01761411 0.02295516 0.04961890
v -0.01659606 0.02370163 0.04961890
v -0.01554641 0.02440298 0.04961890
v -0.01446717 0.02505788 0.04961890
v -0.01336039 0.02566508 0.04961890
v -0.01222818 0.02622342 0.04961890
v -0.01107269 0.02673185 0.04961890
v -0.00989613 0.02718939 0.04961890
v -0.00870072 0.02759517 0.04961890
v -0.00748876 0.02794843 0.04961890
v -0.00626254 0.02824848 0.04961890
v -0.00502440 0.02849477 0.04961890
v -0.00377669 0.02868681 0.04961890
v -0.00252179 0.02882424 0.04961890
v -0.00126210 0.02890680 0.04961890
v -0.00000000 0.02893434 0.04961890
v 0.00126210 0.02890680 0.04961890
v 0.00252179 0.02882424 0.04961890
v 0.00377669 0.02868681 0.04961890
v 0.00502440 0.02849477 0.04961890
v 0.00626254 0.02824848 0.04961890
v 0.00748876 0.02794843 0.04961890
v 0.00870072 0.02759517 0.04961890
v 0.00989613 0.02718939 0.04961890
v 0.01107269 0.02673185 0.04961890
v 0.01222818 0.02622342 0.04961890
v 0.01336039 0.02566508 0.04961890
v 0.01446717 0.02505788 0.04961890
v 0.01554641 0.02440298 0.04961890
v 0.01659606 0.02370163 0.04961890
v 0.01761411 0.02295516 0.04961890
v 0.01859864 0.02216499 0.04961890
v 0.01954776 0.02133264 0.04961890
v 0.02045967 0.02045967 0.04961890
v 0.02133264 0.01954776 0.04961890
v 0.02216499 0.01859864 0.04961890
v 0.02295516 0.01761411 0.04961890
v 0.02370163 0.01659606 0.04961890
v 0.02440298 0.01554641 0.04961890
v 0.02505788 0.01446717 0.04961890
v 0.02566508 0.01336039 0.04961890
v 0.02622342 0.01222818 0.04961890
v 0.02673185 0.01107269 0.04961890
v 0.02718939 0.00989613 0.04961890
v 0.02759517 0.00870072 0.04961890
v 0.02794843 0.00748876 0.04961890
v 0.02824848 0.00626254 0.04961890
v 0.02849477 0.00502440 0.04961890
v 0.02868681 0.00377669 0.04961890
v 0.02882424 0.00252179 0.04961890
v 0.02890680 0.00126210 0.04961890
v 0.02893434 0.00000000 0.04961890
v 0.02770662 -0.00120970 0.05082499
v 0.02762748 -0.00241709 0.05082499
v 0.02749575 -0.00361988 0.05082499
v 0.02731169 -0.00481579 0.05082499
v 0.02707563 -0.00600252 0.05082499
v 0.02678804 -0.00717783 0.05082499
v 0.02644945 -0.00833948 0.05082499
v 0.02606051 -0.00948525 0.05082499
v 0.02562197 -0.01061297 0.05082499
v 0.02513465 -0.01172048 0.05082499
v 0.02459949 -0.01280568 0.05082499
v 0.02401750 -0.01386651 0.05082499
v 0.02338979 -0.01490094 0.05082499
v 0.02271756 -0.01590700 0.05082499
v 0.02200208 -0.01688279 0.05082499
v 0.02124472 -0.01782644 0.05082499
v 0.02044692 -0.01873615 0.05082499
v 0.01961020 -0.01961020 0.05082499
v 0.01873615 -0.02044692 0.05082499
v 0.01782644 -0.02124472 0.05082499
v 0.01688279 -0.02200208 0.05082499
v 0.01590700 -0.02271756 0.05082499
v 0.01490094 -0.02338979 0.05082499
v 0.01386651 -0.02401750 0.05082499
v 0.01280568 -0.02459949 0.05082499
v 0.01172048 -0.02513465 0.05082499
v 0.01061297 -0.02562197 0.05082499
v 0.00948525 -0.02606051 0.05082499
v 0.00833948 -0.02644945 0.05082499
v 0.00717783 -0.02678804 0.05082499
v 0.00600252 -0.02707563 0.05082499
v 0.00481579 -0.02731169 0.05082499
v 0.00361988 -0.02749575 0.05082499
v 0.00241709 -0.02762748 0.05082499
v 0.00120970 -0.02770662 0.05082499
v -0.00000000 -0.02773301 0.05082499
v -0.00120970 -0.02770662 0.05082499
v -0.00241709 -0.02762748 0.05082499
v -0.00361988 -0.02749575 0.05082499
v -0.00481579 -0.02731169 0.05082499
v -0.00600252 -0.02707563 0.05082499
v -0.00717783 -0.02678804 0.05082499
v -0.00833948 -0.02644945 0.05082499
v -0.00948525 -0.02606051 0.05082499
v -0.01061297 -0.02562197 0.05082499
v -0.01172048 -0.02513465 0.05082499
v -0.01280568 -0.02459949 0.05082499
v -0.01386651 -0.02401750 0.05082499
v -0.01490094 -0.02338979 0.05082499
v -0.01590700 -0.02271756 0.05082499
v -0.01688279 -0.02200208 0.05082499
v -0.01782644 -0.02124472 0.05082499
v -0.01873615 -0.02044692 0.05082499
v -0.01961020 -0.01961020 0.05082499
v -0.02044692 -0.01873615 0.05082499
v -0.02124472 -0.01782644 0.05082499
v -0.02200208 -0.01688279 0.05082499
v -0.02271756 -0.01590700 0.05082499
v -0.02338979 -0.01490094 0.05082499
v -0.02401750 -0.01386651 0.05082499
v -0.02459949 -0.01280568 0.05082499
v -0.02513465 -0.01172048 0.05082499
v -0.02562197 -0.01061297 0.05082499
v -0.02606051 -0.00948525 0.05082499
v -0.02644945 -0.00833948 0.05082499
v -0.02678804 -0.00717783 0.05082499
v -0.02707563 -0.00600252 0.05082499
v -0.02731169 -0.00481579 0.05082499
v -0.02749575 -0.00361988 0.05082499
v -0.02762748 -0.00241709 0.05082499
v -0.02770662 -0.00120970 0.05082499
v -0.02773301 -0.00000000 0.05082499
v -0.02770662 0.00120970 0.05082499
v -0.02762748 0.00241709 0.05082499
v -0.02749575 0.00361988 0.05082499
v -0.02731169 0.00481579 0.05082499
v -0.02707563 0.00600252 0.05082499
v -0.02678804 0.00717783 0.05082499
v -0.02644945 0.00833948 0.05082499
v -0.02606051 0.00948525 0.05082499
v -0.02562197 0.01061297 0.05082499
v -0.02513465 0.01172048 0.05082499
v -0.02459949 0.01280568 0.05082499
v -0.02401750 0.01386651 0.05082499
v -0.02338979 0.01490094 0.05082499
v -0.02271756 0.01590700 0.05082499
v -0.02200208 0.01688279 0.05082499
v -0.02124472 0.01782644 0.05082499
v -0.02044692 0.01873615 0.05082499
v -0.01961020 0.01961020 0.05082499
v -0.01873615 0.02044692 0.05082499
v -0.01782644 0.02124472 0.05082499
v -0.01688279 0.02200208 0.05082499
v -0.01590700 0.02271756 0.05082499
v -0.01490094 0.02338979 0.05082499
v -0.01386651 0.02401750 0.05082499
v -0.01280568 0.02459949 0.05082499
v -0.01172048 0.02513465 0.05082499
v -0.01061297 0.02562197 0.05082499
v -0.00948525 0.02606051 0.05082499
v -0.00833948 0.02644945 0.05082499
v -0.00717783 0.02678804 0.05082499
v -0.00600252 0.02707563 0.05082499
v -0.00481579 0.02731169 0.05082499
v -0.00361988 0.02749575 0.05082499
v -0.00241709 0.02762748 0.05082499
v -0.00120970 0.02770662 0.05082499
v -0.00000000 0.02773301 0.05082499
v 0.00120970 0.02770662 0.05082499
v 0.00241709 0.02762748 0.05082499
v 0.00361988 0.02749575 0.05082499
v 0.00481579 0.02731169 0.05082499
v 0.00600252 0.02707563 0.05082499
v 0.00717783 0.02678804 0.05082499
v 0.00833948 0.02644945 0.05082499
v 0.00948525 0.02606051 0.05082499
v 0.01061297 0.02562197 0.05082499
v 0.01172048 0.02513465 0.05082499
v 0.01280568 0.02459949 0.05082499
v 0.01386651 0.02401750 0.05082499
v 0.01490094 0.02338979 0.05082499
v 0.01590700 0.02271756 0.05082499
v 0.01688279 0.02200208 0.05082499
v 0.01782644 0.02124472 0.05082499
v 0.01873615 0.02044692 0.05082499
v 0.01961020 0.01961020 0.05082499
v 0.02044692 0.01873615 0.05082499
v 0.02124472 0.01782644 0.05082499
v 0.02200208 0.01688279 0.05082499
v 0.02271756 0.01590700 0.05082499
v 0.02338979 0.01490094 0.05082499
v 0.02401750 0.01386651 0.05082499
v 0.02459949 0.01280568 0.05082499
v 0.02513465 0.01172048 0.05082499
v 0.02562197 0.01061297 0.05082499
v 0.02606051 0.00948525 0.05082499
v 0.02644945 0.00833948 0.05082499
v 0.02678804 0.00717783 0.05082499
v 0.02707563 0.00600252 0.05082499
v 0.02731169 0.00481579 0.05082499
v 0.02749575 0.00361988 0.05082499
v 0.02762748 0.00241709 0.05082499
v 0.02770662 0.00120970 0.05082499
v 0.02773301 0.00000000 0.05082499
v 0.02645625 -0.00115510 0.05197886
v 0.02638069 -0.00230801 0.05197886
v 0.02625491 -0.00345652 0.05197886
v 0.02607915 -0.00459846 0.05197886
v 0.02585374 -0.00573164 0.05197886
v 0.02557912 -0.00685391 0.05197886
v 0.02525582 -0.00796313 0.05197886
v 0.02488443 -0.00905719 0.05197886
v 0.02446568 -0.01013402 0.05197886
v 0.02400035 -0.01119155 0.05197886
v 0.02348934 -0.01222778 0.05197886
v 0.02293362 -0.01324073 0.05197886
v 0.02233423 -0.01422848 0.05197886
v 0.02169234 -0.01518914 0.05197886
v 0.02100915 -0.01612089 0.05197886
v 0.02028597 -0.01702195 0.05197886
v 0.01952418 -0.01789061 0.05197886
v 0.01872522 -0.01872522 0.05197886
v 0.01789061 -0.01952418 0.05197886
v 0.01702195 -0.02028597 0.05197886
v 0.01612089 -0.02100915 0.05197886
v 0.01518914 -0.02169234 0.05197886
v 0.01422848 -0.02233423 0.05197886
v 0.01324073 -0.02293362 0.05197886
v 0.01222778 -0.02348934 0.05197886
v 0.01119155 -0.02400035 0.05197886
v 0.01013402 -0.02446568 0.05197886
v 0.00905719 -0.02488443 0.05197886
v 0.00796313 -0.02525582 0.05197886
v 0.00685391 -0.02557912 0.05197886
v 0.00573164 -0.02585374 0.05197886
v 0.00459846 -0.02607915 0.05197886
v 0.00345652 -0.02625491 0.05197886
v 0.00230801 -0.02638069 0.05197886
v 0.00115510 -0.02645625 0.05197886
v -0.00000000 -0.02648146 0.05197886
v -0.00115510 -0.02645625 0.05197886
v -0.00230801 -0.02638069 0.05197886
v -0.00345652 -0.02625491 0.05197886
v -0.00459846 -0.02607915 0.05197886
v -0.00573164 -0.02585374 0.05197886
v -0.00685391 -0.02557912 0.05197886
v -0.00796313 -0.02525582 0.05197886
v -0.00905719 -0.02488443 0.05197886
v -0.01013402 -0.02446568 0.05197886
v -0.01119155 -0.02400035 0.05197886
v -0.01222778 -0.02348934 0.05197886
v -0.01324073 -0.02293362 0.05197886
v -0.01422848 -0.02233423 0.05197886
v -0.01518914 -0.02169234 0.05197886
v -0.01612089 -0.02100915 0.05197886
v -0.01702195 -0.02028597 0.05197886
v -0.01789061 -0.01952418 0.05197886
v -0.01872522 -0.01872522 0.05197886
v -0.01952418 -0.01789061 0.05197886
v -0.02028597 -0.01702195 0.05197886
v -0.02100915 -0.01612089 0.05197886
v -0.02169234 -0.01518914 0.05197886
v -0.02233423 -0.01422848 0.05197886
v -0.02293362 -0.01324073 0.05197886
v -0.02348934 -0.01222778 0.05197886
v -0.02400035 -0.01119155 0.05197886
v -0.02446568 -0.01013402 0.05197886
v -0.02488443 -0.00905719 0.05197886
v -0.02525582 -0.00796313 0.05197886
v -0.02557912 -0.00685391 0.05197886
v -0.02585374 -0.00573164 0.05197886
v -0.02607915 -0.00459846 0.05197886
v -0.02625491 -0.00345652 0.05197886
v -0.02638069 -0.00230801 0.05197886
v -0.02645625 -0.00115510 0.05197886
v -0.02648146 -0.00000000 0.05197886
v -0.02645625 0.00115510 0.05197886
v -0.02638069 0.00230801 0.05197886
v -0.02625491 0.00345652 0.05197886
v -0.02607915 0.00459846 0.05197886
v -0.02585374 0.00573164 0.05197886
v -0.02557912 0.00685391 0.05197886
v -0.02525582 0.00796313 0.05197886
v -0.02488443 0.00905719 0.05197886
v -0.02446568 0.01013402 0.05197886
v -0.02400035 0.01119155 0.05197886
v -0.02348934 0.01222778 0.05197886
v -0.02293362 0.01324073 0.05197886
v -0.02233423 0.01422848 0.05197886
v -0.02169234 0.01518914 0.05197886
v -0.02100915 0.01612089 0.05197886
v -0.02028597 0.01702195 0.05197886
v -0.01952418 0.01789061 0.05197886
v -0.01872522 0.01872522 0.05197886
v -0.01789061 0.01952418 0.05197886
v -0.01702195 0.02028597 0.05197886
v -0.01612089 0.02100915 0.05197886
v -0.01518914 0.02169234 0.05197886
v -0.01422848 0.02233423 0.05197886
v -0.01324073 0.02293362 0.05197886
v -0.01222778 0.02348934 0.05197886
v -0.01119155 0.02400035 0.05197886
v -0.01013402 0.02446568 0.05197886
v -0.00905719 0.02488443 0.05197886
v -0.00796313 0.02525582 0.05197886
v -0.00685391 0.02557912 0.05197886
v -0.00573164 0.02585374 0.05197886
v -0.00459846 0.02607915 0.05197886
v -0.00345652 0.02625491 0.05197886
v -0.00230801 0.02638069 0.05197886
v -0.00115510 0.02645625 0.05197886
v -0.00000000 0.02648146 0.05197886
v 0.00115510 0.02645625 0.05197886
v 0.00230801 0.02638069 0.05197886
v 0.00345652 0.02625491 0.05197886
v 0.00459846 0.02607915 0.05197886
v 0.00573164 0.02585374 0.05197886
v 0.00685391 0.02557912 0.05197886
v 0.00796313 0.02525582 0.05197886
v 0.00905719 0.02488443 0.05197886
v 0.01013402 0.02446568 0.05197886
v 0.01119155 0.02400035 0.05197886
v 0.01222778 0.02348934 0.05197886
v 0.01324073 0.02293362 0.05197886
v 0.01422848 0.02233423 0.05197886
v 0.01518914 0.02169234 0.05197886
v 0.01612089 0.02100915 0.05197886
v 0.01702195 0.02028597 0.05197886
v 0.01789061 0.01952418 0.05197886
v 0.01872522 0.01872522 0.05197886
v 0.01952418 0.01789061 0.05197886
v 0.02028597 0.01702195 0.05197886
v 0.02100915 0.01612089 0.05197886
v 0.02169234 0.01518914 0.05197886
v 0.02233423 0.01422848 0.05197886
v 0.02293362 0.01324073 0.05197886
v 0.02348934 0.01222778 0.05197886
v 0.02400035 0.01119155 0.05197886
v 0.02446568 0.01013402 0.05197886
v 0.02488443 0.00905719 0.05197886
v 0.02525582 0.00796313 0.05197886
v 0.02557912 0.00685391 0.05197886
v 0.02585374 0.00573164 0.05197886
v 0.02607915 0.00459846 0.05197886
v 0.02625491 0.00345652 0.05197886
v 0.02638069 0.00230801 0.05197886
v 0.02645625 0.00115510 0.05197886
v 0.02648146 0.00000000 0.05197886
v 0.02515797 -0.00109842 0.05307845
v 0.02508611 -0.00219475 0.05307845
v 0.02496650 -0.00328690 0.05307845
v 0.02479937 -0.00437280 0.05307845
v 0.02458503 -0.00545037 0.05307845
v 0.02432389 -0.00651757 0.05307845
v 0.02401644 -0.00757236 0.05307845
v 0.02366328 -0.00861273 0.05307845
v 0.02326508 -0.00963671 0.05307845
v 0.02282259 -0.01064235 0.05307845
v 0.02233665 -0.01162773 0.05307845
v 0.02180820 -0.01259097 0.05307845
v 0.02123823 -0.01353025 0.05307845
v 0.02062784 -0.01444377 0.05307845
v 0.01997818 -0.01532979 0.05307845
v 0.01929048 -0.01618664 0.05307845
v 0.01856607 -0.01701267 0.05307845
v 0.01780632 -0.01780632 0.05307845
v 0.01701267 -0.01856607 0.05307845
v 0.01618664 -0.01929048 0.05307845
v 0.01532979 -0.01997818 0.05307845
v 0.01444377 -0.02062784 0.05307845
v 0.01353025 -0.02123823 0.05307845
v 0.01259097 -0.02180820 0.05307845
v 0.01162773 -0.02233665 0.05307845
v 0.01064235 -0.02282259 0.05307845
v 0.00963671 -0.02326508 0.05307845
v 0.00861273 -0.02366328 0.05307845
v 0.00757236 -0.02401644 0.05307845
v 0.00651757 -0.02432389 0.05307845
v 0.00545037 -0.02458503 0.05307845
v 0.00437280 -0.02479937 0.05307845
v 0.00328690 -0.02496650 0.05307845
v 0.00219475 -0.02508611 0.05307845
v 0.00109842 -0.02515797 0.05307845
v -0.00000000 -0.02518194 0.05307845
v -0.00109842 -0.02515797 0.05307845
v -0.00219475 -0.02508611 0.05307845
v -0.00328690 -0.02496650 0.05307845
v -0.00437280 -0.02479937 0.05307845
v -0.00545037 -0.02458503 0.05307845
v -0.00651757 -0.02432389 0.05307845
v -0.00757236 -0.02401644 0.05307845
v -0.00861273 -0.02366328 0.05307845
v -0.00963671 -0.02326508 0.05307845
v -0.01064235 -0.02282259 0.05307845
v -0.01162773 -0.02233665 0.05307845
v -0.01259097 -0.02180820 0.05307845
v -0.01353025 -0.02123823 0.05307845
v -0.01444377 -0.02062784 0.05307845
v -0.01532979 -0.01997818 0.05307845
v -0.01618664 -0.01929048 0.05307845
v -0.01701267 -0.01856607 0.05307845
v -0.01780632 -0.01780632 0.05307845
v -0.01856607 -0.01701267 0.05307845
v -0.01929048 -0.01618664 0.05307845
v -0.01997818 -0.01532979 0.05307845
v -0.02062784 -0.01444377 0.05307845
v -0.02123823 -0.01353025 0.05307845
v -0.02180820 -0.01259097 0.05307845
v -0.02233665 -0.01162773 0.05307845
v -0.02282259 -0.01064235 0.05307845
v -0.02326508 -0.00963671 0.05307845
v -0.02366328 -0.00861273 0.05307845
v -0.02401644 -0.00757236 0.05307845
v -0.02432389 -0.00651757 0.05307845
v -0.02458503 -0.00545037 0.05307845
v -0.02479937 -0.00437280 0.05307845
v -0.02496650 -0.00328690 0.05307845
v -0.02508611 -0.00219475 0.05307845
v -0.02515797 -0.00109842 0.05307845
v -0.02518194 -0.00000000 0.05307845
v -0.02515797 0.00109842 0.05307845
v -0.02508611 0.00219475 0.05307845
v -0.02496650 0.00328690 0.05307845
v -0.02479937 0.00437280 0.05307845
v -0.02458503 0.00545037 0.05307845
v -0.02432389 0.00651757 0.05307845
v -0.02401644 0.00757236 0.05307845
v -0.02366328 0.00861273 0.05307845
v -0.02326508 0.00963671 0.05307845
v -0.02282259 0.01064235 0.05307845
v -0.02233665 0.01162773 0.05307845
v -0.02180820 0.01259097 0.05307845
v -0.02123823 0.01353025 0.05307845
v -0.02062784 0.01444377 0.05307845
v -0.01997818 0.01532979 0.05307845
v -0.01929048 0.01618664 0.05307845
v -0.01856607 0.01701267 0.05307845
v -0.01780632 0.01780632 0.05307845
v -0.01701267 0.01856607 0.05307845
v -0.01618664 0.01929048 0.05307845
v -0.01532979 0.01997818 0.05307845
v -0.01444377 0.02062784 0.05307845
v -0.01353025 0.02123823 0.05307845
v -0.01259097 0.02180820 0.05307845
v -0.01162773 0.02233665 0.05307845
v -0.01064235 0.02282259 0.05307845
v -0.00963671 0.02326508 0.05307845
v -0.00861273 0.02366328 0.05307845
v -0.00757236 0.02401644 0.05307845
v -0.00651757 0.02432389 0.05307845
v -0.00545037 0.02458503 0.05307845
v -0.00437280 0.02479937 0.05307845
v -0.00328690 0.02496650 0.05307845
v -0.00219475 0.02508611 0.05307845
v -0.00109842 0.02515797 0.05307845
v -0.00000000 0.02518194 0.05307845
v 0.00109842 0.02515797 0.05307845
v 0.00219475 0.02508611 0.05307845
v 0.00328690 0.02496650 0.05307845
v 0.00437280 0.02479937 0.05307845
v 0.00545037 0.02458503 0.05307845
v 0.00651757 0.02432389 0.05307845
v 0.00757236 0.02401644 0.05307845
v 0.00861273 0.02366328 0.05307845
v 0.00963671 0.02326508 0.05307845
v 0.01064235 0.02282259 0.05307845
v 0.01162773 0.02233665 0.05307845
v 0.01259097 0.02180820 0.05307845
v 0.01353025 0.02123823 0.05307845
v 0.01444377 0.02062784 0.05307845
v 0.01532979 0.01997818 0.05307845
v 0.01618664 0.01929048 0.05307845
v 0.01701267 0.01856607 0.05307845
v 0.01780632 0.01780632 0.05307845
v 0.01856607 0.01701267 0.05307845
v 0.01929048 0.01618664 0.05307845
v 0.01997818 0.01532979 0.05307845
v 0.02062784 0.01444377 0.05307845
v 0.02123823 0.01353025 0.05307845
v 0.02180820 0.01259097 0.05307845
v 0.02233665 0.01162773 0.05307845
v 0.02282259 0.01064235 0.05307845
v 0.02326508 0.00963671 0.05307845
v 0.02366328 0.00861273 0.05307845
v 0.02401644 0.00757236 0.05307845
v 0.02432389 0.00651757 0.05307845
v 0.02458503 0.00545037 0.05307845
v 0.02479937 0.00437280 0.05307845
v 0.02496650 0.00328690 0.05307845
v 0.02508611 0.00219475 0.05307845
v 0.02515797 0.00109842 0.05307845
v 0.02518194 0.00000000 0.05307845
v 0.02381412 -0.00103975 0.05412174
v 0.02374611 -0.00207752 0.05412174
v 0.02363289 -0.00311133 0.05412174
v 0.02347468 -0.00413922 0.05412174
v 0.02327179 -0.00515923 0.05412174
v 0.02302459 -0.00616942 0.05412174
v 0.02273357 -0.00716787 0.05412174
v 0.02239928 -0.00815267 0.05412174
v 0.02202234 -0.00912195 0.05412174
v 0.02160349 -0.01007387 0.05412174
v 0.02114351 -0.01100662 0.05412174
v 0.02064329 -0.01191841 0.05412174
v 0.02010376 -0.01280751 0.05412174
v 0.01952597 -0.01367223 0.05412174
v 0.01891102 -0.01451093 0.05412174
v 0.01826006 -0.01532201 0.05412174
v 0.01757434 -0.01610392 0.05412174
v 0.01685517 -0.01685517 0.05412174
v 0.01610392 -0.01757434 0.05412174
v 0.01532201 -0.01826006 0.05412174
v 0.01451093 -0.01891102 0.05412174
v 0.01367223 -0.01952597 0.05412174
v 0.01280751 -0.02010376 0.05412174
v 0.01191841 -0.02064329 0.05412174
v 0.01100662 -0.02114351 0.05412174
v 0.01007387 -0.02160349 0.05412174
v 0.00912195 -0.02202234 0.05412174
v 0.00815267 -0.02239928 0.05412174
v 0.00716787 -0.02273357 0.05412174
v 0.00616942 -0.02302459 0.05412174
v 0.00515923 -0.02327179 0.05412174
v 0.00413922 -0.02347468 0.05412174
v 0.00311133 -0.02363289 0.05412174
v 0.00207752 -0.02374611 0.05412174
v 0.00103975 -0.02381412 0.05412174
v -0.00000000 -0.02383681 0.05412174
v -0.00103975 -0.02381412 0.05412174
v -0.00207752 -0.02374611 0.05412174
v -0.00311133 -0.02363289 0.05412174
v -0.00413922 -0.02347468 0.05412174
v -0.00515923 -0.02327179 0.05412174
v -0.00616942 -0.02302459 0.05412174
v -0.00716787 -0.02273357 0.05412174
v -0.00815267 -0.02239928 0.05412174
v -0.00912195 -0.02202234 0.05412174
v -0.01007387 -0.02160349 0.05412174
v -0.01100662 -0.02114351 0.05412174
v -0.01191841 -0.02064329 0.05412174
v -0.01280751 -0.02010376 0.05412174
v -0.01367223 -0.01952597 0.05412174
v -0.01451093 -0.01891102 0.05412174
v -0.01532201 -0.01826006 0.05412174
v -0.01610392 -0.01757434 0.05412174
v -0.01685517 -0.01685517 0.05412174
v -0.01757434 -0.01610392 0.05412174
v -0.01826006 -0.01532201 0.05412174
v -0.01891102 -0.01451093 0.05412174
v -0.01952597 -0.01367223 0.05412174
v -0.02010376 -0.01280751 0.05412174
v -0.02064329 -0.01191841 0.05412174
v -0.02114351 -0.01100662 0.05412174
v -0.02160349 -0.01007387 0.05412174
v -0.02202234 -0.00912195 0.05412174
v -0.02239928 -0.00815267 0.05412174
v -0.02273357 -0.00716787 0.05412174
v -0.02302459 -0.00616942 0.05412174
v -0.02327179 -0.00515923 0.05412174
v -0.02347468 -0.00413922 0.05412174
v -0.02363289 -0.00311133 0.05412174
v -0.02374611 -0.00207752 0.05412174
v -0.02381412 -0.00103975 0.05412174
v -0.02383681 -0.00000000 0.05412174
v -0.02381412 0.00103975 0.05412174
v -0.02374611 0.00207752 0.05412174
v -0.02363289 0.00311133 0.05412174
v -0.02347468 0.00413922 0.05412174
v -0.02327179 0.00515923 0.05412174
v -0.02302459 0.00616942 0.05412174
v -0.02273357 0.00716787 0.05412174
v -0.02239928 0.00815267 0.05412174
v -0.02202234 0.00912195 0.05412174
v -0.02160349 0.01007387 0.05412174
v -0.02114351 0.01100662 0.05412174
v -0.02064329 0.01191841 0.05412174
v -0.02010376 0.01280751 0.05412174
v -0.01952597 0.01367223 0.05412174
v -0.01891102 0.01451093 0.05412174
v -0.01826006 0.01532201 0.05412174
v -0.01757434 0.01610392 0.05412174
v -0.01685517 0.01685517 0.05412174
v -0.01610392 0.01757434 0.05412174
v -0.01532201 0.01826006 0.05412174
v -0.01451093 0.01891102 0.05412174
v -0.01367223 0.01952597 0.05412174
v -0.01280751 0.02010376 0.05412174
v -0.01191841 0.02064329 0.05412174
v -0.01100662 0.02114351 0.05412174
v -0.01007387 0.02160349 0.05412174
v -0.00912195 0.02202234 0.05412174
v -0.00815267 0.02239928 0.05412174
v -0.00716787 0.02273357 0.05412174
v -0.00616942 0.02302459 0.05412174
v -0.00515923 0.02327179 0.05412174
v -0.00413922 0.02347468 0.05412174
v -0.00311133 0.02363289 0.05412174
v -0.00207752 0.02374611 0.05412174
v -0.00103975 0.02381412 0.05412174
v -0.00000000 0.02383681 0.05412174
v 0.00103975 0.02381412 0.05412174
v 0.00207752 0.02374611 0.05412174
v 0.00311133 0.02363289 0.05412174
v 0.00413922 0.02347468 0.05412174
v 0.00515923 0.02327179 0.05412174
v 0.00616942 0.02302459 0.05412174
v 0.00716787 0.02273357 0.05412174
v 0.00815267 0.02239928 0.05412174
v 0.00912195 0.02202234 0.05412174
v 0.01007387 0.02160349 0.05412174
v 0.01100662 0.02114351 0.05412174
v 0.01191841 0.02064329 0.05412174
v 0.01280751 0.02010376 0.05412174
v 0.01367223 0.01952597 0.05412174
v 0.01451093 0.01891102 0.05412174
v 0.01532201 0.01826006 0.05412174
v 0.01610392 0.01757434 0.05412174
v 0.01685517 0.01685517 0.05412174
v 0.01757434 0.01610392 0.05412174
v 0.01826006 0.01532201 0.05412174
v 0.01891102 0.01451093 0.05412174
v 0.01952597 0.01367223 0.05412174
v 0.02010376 0.01280751 0.05412174
v 0.02064329 0.01191841 0.05412174
v 0.02114351 0.01100662 0.05412174
v 0.02160349 0.01007387 0.05412174
v 0.02202234 0.00912195 0.05412174
v 0.02239928 0.00815267 0.05412174
v 0.02273357 0.00716787 0.05412174
v 0.02302459 0.00616942 0.05412174
v 0.02327179 0.00515923 0.05412174
v 0.02347468 0.00413922 0.05412174
v 0.02363289 0.00311133 0.05412174
v 0.02374611 0.00207752 0.05412174
v 0.02381412 0.00103975 0.05412174
v 0.02383681 0.00000000 0.05412174
v 0.02242715 -0.00097919 0.05510686
v 0.02236309 -0.00195652 0.05510686
v 0.02225646 -0.00293012 0.05510686
v 0.02210747 -0.00389814 0.05510686
v 0.02191640 -0.00485875 0.05510686
v 0.02168360 -0.00581010 0.05510686
v 0.02140953 -0.00675040 0.05510686
v 0.02109470 -0.00767784 0.05510686
v 0.02073972 -0.00859067 0.05510686
v 0.02034526 -0.00948715 0.05510686
v 0.01991208 -0.01036557 0.05510686
v 0.01944098 -0.01122426 0.05510686
v 0.01893288 -0.01206158 0.05510686
v 0.01838875 -0.01287594 0.05510686
v 0.01780960 -0.01366579 0.05510686
v 0.01719656 -0.01442963 0.05510686
v 0.01655078 -0.01516600 0.05510686
v 0.01587350 -0.01587350 0.05510686
v 0.01516600 -0.01655078 0.05510686
v 0.01442963 -0.01719656 0.05510686
v 0.01366579 -0.01780960 0.05510686
v 0.01287594 -0.01838875 0.05510686
v 0.01206158 -0.01893288 0.05510686
v 0.01122426 -0.01944098 0.05510686
v 0.01036557 -0.01991208 0.05510686
v 0.00948715 -0.02034526 0.05510686
v 0.00859067 -0.02073972 0.05510686
v 0.00767784 -0.02109470 0.05510686
v 0.00675040 -0.02140953 0.05510686
v 0.00581010 -0.02168360 0.05510686
v 0.00485875 -0.02191640 0.05510686
v 0.00389814 -0.02210747 0.05510686
v 0.00293012 -0.02225646 0.05510686
v 0.00195652 -0.02236309 0.05510686
v 0.00097919 -0.02242715 0.05510686
v -0.00000000 -0.02244851 0.05510686
v -0.00097919 -0.02242715 0.05510686
v -0.00195652 -0.02236309 0.05510686
v -0.00293012 -0.02225646 0.05510686
v -0.00389814 -0.02210747 0.05510686
v -0.00485875 -0.02191640 0.05510686
v -0.00581010 -0.02168360 0.05510686
v -0.00675040 -0.02140953 0.05510686
v -0.00767784 -0.02109470 0.05510686
v -0.00859067 -0.02073972 0.05510686
v -0.00948715 -0.02034526 0.05510686
v -0.01036557 -0.01991208 0.05510686
v -0.01122426 -0.01944098 0.05510686
v -0.01206158 -0.01893288 0.05510686
v -0.01287594 -0.01838875 0.05510686
v -0.01366579 -0.01780960 0.05510686
v -0.01442963 -0.01719656 0.05510686
v -0.01516600 -0.01655078 0.05510686
v -0.01587350 -0.01587350 0.05510686
v -0.01655078 -0.01516600 0.05510686
v -0.01719656 -0.01442963 0.05510686
v -0.01780960 -0.01366579 0.05510686
v -0.01838875 -0.01287594 0.05510686
v -0.01893288 -0.01206158 0.05510686
v -0.01944098 -0.01122426 0.05510686
v -0.01991208 -0.01036557 0.05510686
v -0.02034526 -0.00948715 0.05510686
v -0.02073972 -0.00859067 0.05510686
v -0.02109470 -0.00767784 0.05510686
v -0.02140953 -0.00675040 0.05510686
v -0.02168360 -0.00581010 0.05510686
v -0.02191640 -0.00485875 0.05510686
v -0.02210747 -0.00389814 0.05510686
v -0.02225646 -0.00293012 0.05510686
v -0.02236309 -0.00195652 0.05510686
v -0.02242715 -0.00097919 0.05510686
v -0.02244851 -0.00000000 0.05510686
v -0.02242715 0.00097919 0.05510686
v -0.02236309 0.00195652 0.05510686
v -0.02225646 0.00293012 0.05510686
v -0.02210747 0.00389814 0.05510686
v -0.02191640 0.00485875 0.05510686
v -0.02168360 0.00581010 0.05510686
v -0.02140953 0.00675040 0.05510686
v -0.02109470 0.00767784 0.05510686
v -0.02073972 0.00859067 0.05510686
v -0.02034526 0.00948715 0.05510686
v -0.01991208 0.01036557 0.05510686
v -0.01944098 0.01122426 0.05510686
v -0.01893288 0.01206158 0.05510686
v -0.01838875 0.01287594 0.05510686
v -0.01780960 0.01366579 0.05510686
v -0.01719656 0.01442963 0.05510686
v -0.01655078 0.01516600 0.05510686
v -0.01587350 0.01587350 0.05510686
v -0.01516600 0.01655078 0.05510686
v -0.01442963 0.01719656 0.05510686
v -0.01366579 0.01780960 0.05510686
v -0.01287594 0.01838875 0.05510686
v -0.01206158 0.01893288 0.05510686
v -0.01122426 0.01944098 0.05510686
v -0.01036557 0.01991208 0.05510686
v -0.00948715 0.02034526 0.05510686
v -0.00859067 0.02073972 0.05510686
v -0.00767784 0.02109470 0.05510686
v -0.00675040 0.02140953 0.05510686
v -0.00581010 0.02168360 0.05510686
v -0.00485875 0.02191640 0.05510686
v -0.00389814 0.02210747 0.05510686
v -0.00293012 0.02225646 0.05510686
v -0.00195652 0.02236309 0.05510686
v -0.00097919 0.02242715 0.05510686
v -0.00000000 0.02244851 0.05510686
v 0.00097919 0.02242715 0.05510686
v 0.00195652 0.02236309 0.05510686
v 0.00293012 0.02225646 0.05510686
v 0.00389814 0.02210747 0.05510686
v 0.00485875 0.02191640 0.05510686
v 0.00581010 0.02168360 0.05510686
v 0.00675040 0.02140953 0.05510686
v 0.00767784 0.02109470 0.05510686
v 0.00859067 0.02073972 0.05510686
v 0.00948715 0.02034526 0.05510686
v 0.01036557 0.01991208 0.05510686
v 0.01122426 0.01944098 0.05510686
v 0.01206158 0.01893288 0.05510686
v 0.01287594 0.01838875 0.05510686
v 0.01366579 0.01780960 0.05510686
v 0.01442963 0.01719656 0.05510686
v 0.01516600 0.01655078 0.05510686
v 0.01587350 0.01587350 0.05510686
v 0.01655078 0.01516600 0.05510686
v 0.01719656 0.01442963 0.05510686
v 0.01780960 0.01366579 0.05510686
v 0.01838875 0.01287594 0.05510686
v 0.01893288 0.01206158 0.05510686
v 0.01944098 0.01122426 0.05510686
v 0.01991208 0.01036557 0.05510686
v 0.02034526 0.00948715 0.05510686
v 0.02073972 0.00859067 0.05510686
v 0.02109470 0.00767784 0.05510686
v 0.02140953 0.00675040 0.05510686
v 0.02168360 0.00581010 0.05510686
v 0.02191640 0.00485875 0.05510686
v 0.02210747 0.00389814 0.05510686
v 0.02225646 0.00293012 0.05510686
v 0.02236309 0.00195652 0.05510686
v 0.02242715 0.00097919 0.05510686
v 0.02244851 0.00000000 0.05510686
v 0.02099955 -0.00091686 0.05603202
v 0.02093957 -0.00183198 0.05603202
v 0.02083973 -0.00274360 0.05603202
v 0.02070022 -0.00365001 0.05603202
v 0.02052131 -0.00454947 0.05603202
v 0.02030333 -0.00544026 0.05603202
v 0.02004671 -0.00632070 0.05603202
v 0.01975192 -0.00718911 0.05603202
v 0.01941954 -0.00804384 0.05603202
v 0.01905019 -0.00888325 0.05603202
v 0.01864458 -0.00970575 0.05603202
v 0.01820347 -0.01050978 0.05603202
v 0.01772772 -0.01129380 0.05603202
v 0.01721821 -0.01205632 0.05603202
v 0.01667594 -0.01279590 0.05603202
v 0.01610192 -0.01351111 0.05603202
v 0.01549724 -0.01420061 0.05603202
v 0.01486307 -0.01486307 0.05603202
v 0.01420061 -0.01549724 0.05603202
v 0.01351111 -0.01610192 0.05603202
v 0.01279590 -0.01667594 0.05603202
v 0.01205632 -0.01721821 0.05603202
v 0.01129380 -0.01772772 0.05603202
v 0.01050978 -0.01820347 0.05603202
v 0.00970575 -0.01864458 0.05603202
v 0.00888325 -0.01905019 0.05603202
v 0.00804384 -0.01941954 0.05603202
v 0.00718911 -0.01975192 0.05603202
v 0.00632070 -0.02004671 0.05603202
v 0.00544026 -0.02030333 0.05603202
v 0.00454947 -0.02052131 0.05603202
v 0.00365001 -0.02070022 0.05603202
v 0.00274360 -0.02083973 0.05603202
v 0.00183198 -0.02093957 0.05603202
v 0.00091686 -0.02099955 0.05603202
v -0.00000000 -0.02101956 0.05603202
v -0.00091686 -0.02099955 0.05603202
v -0.00183198 -0.02093957 0.05603202
v -0.00274360 -0.02083973 0.05603202
v -0.00365001 -0.02070022 0.05603202
v -0.00454947 -0.02052131 0.05603202
v -0.00544026 -0.02030333 0.05603202
v -0.00632070 -0.02004671 0.05603202
v -0.00718911 -0.01975192 0.05603202
v -0.00804384 -0.01941954 0.05603202
v -0.00888325 -0.01905019 0.05603202
v -0.00970575 -0.01864458 0.05603202
v -0.01050978 -0.01820347 0.05603202
v -0.01129380 -0.01772772 0.05603202
v -0.01205632 -0.01721821 0.05603202
v -0.01279590 -0.01667594 0.05603202
v -0.01351111 -0.01610192 0.05603202
v -0.01420061 -0.01549724 0.05603202
v -0.01486307 -0.01486307 0.05603202
v -0.01549724 -0.01420061 0.05603202
v -0.01610192 -0.01351111 0.05603202
v -0.01667594 -0.01279590 0.05603202
v -0.01721821 -0.01205632 0.05603202
v -0.01772772 -0.01129380 0.05603202
v -0.01820347 -0.01050978 0.05603202
v -0.01864458 -0.00970575 0.05603202
v -0.01905019 -0.00888325 0.05603202
v -0.01941954 -0.00804384 0.05603202
v -0.01975192 -0.00718911 0.05603202
v -0.02004671 -0.00632070 0.05603202
v -0.02030333 -0.00544026 0.05603202
v -0.02052131 -0.00454947 0.05603202
v -0.02070022 -0.00365001 0.05603202
v -0.02083973 -0.00274360 0.05603202
v -0.02093957 -0.00183198 0.05603202
v -0.02099955 -0.00091686 0.05603202
v -0.02101956 -0.00000000 0.05603202
v -0.02099955 0.00091686 0.05603202
v -0.02093957 0.00183198 0.05603202
v -0.02083973 0.00274360 0.05603202
v -0.02070022 0.00365001 0.05603202
v -0.02052131 0.00454947 0.05603202
v -0.02030333 0.00544026 0.05603202
v -0.02004671 0.00632070 0.05603202
v -0.01975192 0.00718911 0.05603202
v -0.01941954 0.00804384 0.05603202
v -0.01905019 0.00888325 0.05603202
v -0.01864458 0.00970575 0.05603202
v -0.01820347 0.01050978 0.05603202
v -0.01772772 0.01129380 0.05603202
v -0.01721821 0.01205632 0.05603202
v -0.01667594 0.01279590 0.05603202
v -0.01610192 0.01351111 0.05603202
v -0.01549724 0.01420061 0.05603202
v -0.01486307 0.01486307 0.05603202
v -0.01420061 0.01549724 0.05603202
v -0.01351111 0.01610192 0.05603202
v -0.01279590 0.01667594 0.05603202
v -0.01205632 0.01721821 0.05603202
v -0.01129380 0.01772772 0.05603202
v -0.01050978 0.01820347 0.05603202
v -0.00970575 0.01864458 0.05603202
v -0.00888325 0.01905019 0.05603202
v -0.00804384 0.01941954 0.05603202
v -0.00718911 0.01975192 0.05603202
v -0.00632070 0.02004671 0.05603202
v -0.00544026 0.02030333 0.05603202
v -0.00454947 0.02052131 0.05603202
v -0.00365001 0.02070022 0.05603202
v -0.00274360 0.02083973 0.05603202
v -0.00183198 0.02093957 0.05603202
v -0.00091686 0.02099955 0.05603202
v -0.00000000 0.02101956 0.05603202
v 0.00091686 0.02099955 0.05603202
v 0.00183198 0.02093957 0.05603202
v 0.00274360 0.02083973 0.05603202
v 0.00365001 0.02070022 0.05603202
v 0.00454947 0.02052131 0.05603202
v 0.00544026 0.02030333 0.05603202
v 0.00632070 0.02004671 0.05603202
v 0.00718911 0.01975192 0.05603202
v 0.00804384 0.01941954 0.05603202
v 0.00888325 0.01905019 0.05603202
v 0.00970575 0.01864458 0.05603202
v 0.01050978 0.01820347 0.05603202
v 0.01129380 0.01772772 0.05603202
v 0.01205632 0.01721821 0.05603202
v 0.01279590 0.01667594 0.05603202
v 0.01351111 0.01610192 0.05603202
v 0.01420061 0.01549724 0.05603202
v 0.01486307 0.01486307 0.05603202
v 0.01549724 0.01420061 0.05603202
v 0.01610192 0.01351111 0.05603202
v 0.01667594 0.01279590 0.05603202
v 0.01721821 0.01205632 0.05603202
v 0.01772772 0.01129380 0.05603202
v 0.01820347 0.01050978 0.05603202
v 0.01864458 0.00970575 0.05603202
v 0.01905019 0.00888325 0.05603202
v 0.01941954 0.00804384 0.05603202
v 0.01975192 0.00718911 0.05603202
v 0.02004671 0.00632070 0.05603202
v 0.02030333 0.00544026 0.05603202
v 0.02052131 0.00454947 0.05603202
v 0.02070022 0.00365001 0.05603202
v 0.02083973 0.00274360 0.05603202
v 0.02093957 0.00183198 0.05603202
v 0.02099955 0.00091686 0.05603202
v 0.02101956 0.00000000 0.05603202
v 0.01953392 -0.00085287 0.05689554
v 0.01947813 -0.00170412 0.05689554
v 0.01938526 -0.00255212 0.05689554
v 0.01925549 -0.00339526 0.05689554
v 0.01908906 -0.00423194 0.05689554
v 0.01888630 -0.00506057 0.05689554
v 0.01864758 -0.00587956 0.05689554
v 0.01837337 -0.00668736 0.05689554
v 0.01806418 -0.00748243 0.05689554
v 0.01772061 -0.00826326 0.05689554
v 0.01734331 -0.00902835 0.05689554
v 0.01693299 -0.00977627 0.05689554
v 0.01649044 -0.01050557 0.05689554
v 0.01601650 -0.01121487 0.05689554
v 0.01551207 -0.01190283 0.05689554
v 0.01497811 -0.01256813 0.05689554
v 0.01441564 -0.01320950 0.05689554
v 0.01382573 -0.01382573 0.05689554
v 0.01320950 -0.01441564 0.05689554
v 0.01256813 -0.01497811 0.05689554
v 0.01190283 -0.01551207 0.05689554
v 0.01121487 -0.01601650 0.05689554
v 0.01050557 -0.01649044 0.05689554
v 0.00977627 -0.01693299 0.05689554
v 0.00902835 -0.01734331 0.05689554
v 0.00826326 -0.01772061 0.05689554
v 0.00748243 -0.01806418 0.05689554
v 0.00668736 -0.01837337 0.05689554
v 0.00587956 -0.01864758 0.05689554
v 0.00506057 -0.01888630 0.05689554
v 0.00423194 -0.01908906 0.05689554
v 0.00339526 -0.01925549 0.05689554
v 0.00255212 -0.01938526 0.05689554
v 0.00170412 -0.01947813 0.05689554
v 0.00085287 -0.01953392 0.05689554
v -0.00000000 -0.01955253 0.05689554
v -0.00085287 -0.01953392 0.05689554
v -0.00170412 -0.01947813 0.05689554
v -0.00255212 -0.01938526 0.05689554
v -0.00339526 -0.01925549 0.05689554
v -0.00423194 -0.01908906 0.05689554
v -0.00506057 -0.01888630 0.05689554
v -0.00587956 -0.01864758 0.05689554
v -0.00668736 -0.01837337 0.05689554
v -0.00748243 -0.01806418 0.05689554
v -0.00826326 -0.01772061 0.05689554
v -0.00902835 -0.01734331 0.05689554
v -0.00977627 -0.01693299 0.05689554
v -0.01050557 -0.01649044 0.05689554
v -0.01121487 -0.01601650 0.05689554
v -0.01190283 -0.01551207 0.05689554
v -0.01256813 -0.01497811 0.05689554
v -0.01320950 -0.01441564 0.05689554
v -0.01382573 -0.01382573 0.05689554
v -0.01441564 -0.01320950 0.05689554
v -0.01497811 -0.01256813 0.05689554
v -0.01551207 -0.01190283 0.05689554
v -0.01601650 -0.01121487 0.05689554
v -0.01649044 -0.01050557 0.05689554
v -0.01693299 -0.00977627 0.05689554
v -0.01734331 -0.00902835 0.05689554
v -0.01772061 -0.00826326 0.05689554
v -0.01806418 -0.00748243 0.05689554
v -0.01837337 -0.00668736 0.05689554
v -0.01864758 -0.00587956 0.05689554
v -0.01888630 -0.00506057 0.05689554
v -0.01908906 -0.00423194 0.05689554
v -0.01925549 -0.00339526 0.05689554
v -0.01938526 -0.00255212 0.05689554
v -0.01947813 -0.00170412 0.05689554
v -0.01953392 -0.00085287 0.05689554
v -0.01955253 -0.00000000 0.05689554
v -0.01953392 0.00085287 0.05689554
v -0.01947813 0.00170412 0.05689554
v -0.01938526 0.00255212 0.05689554
v -0.01925549 0.00339526 0.05689554
v -0.01908906 0.00423194 0.05689554
v -0.01888630 0.00506057 0.05689554
v -0.01864758 0.00587956 0.05689554
v -0.01837337 0.00668736 0.05689554
v -0.01806418 0.00748243 0.05689554
v -0.01772061 0.00826326 0.05689554
v -0.01734331 0.00902835 0.05689554
v -0.01693299 0.00977627 0.05689554
v -0.01649044 0.01050557 0.05689554
v -0.01601650 0.01121487 0.05689554
v -0.01551207 0.01190283 0.05689554
v -0.01497811 0.01256813 0.05689554
v -0.01441564 0.01320950 0.05689554
v -0.01382573 0.01382573 0.05689554
v -0.01320950 0.01441564 0.05689554
v -0.01256813 0.01497811 0.05689554
v -0.01190283 0.01551207 0.05689554
v -0.01121487 0.01601650 0.05689554
v -0.01050557 0.01649044 0.05689554
v -0.00977627 0.01693299 0.05689554
v -0.00902835 0.01734331 0.05689554
v -0.00826326 0.01772061 0.05689554
v -0.00748243 0.01806418 0.05689554
v -0.00668736 0.01837337 0.05689554
v -0.00587956 0.01864758 0.05689554
v -0.00506057 0.01888630 0.05689554
v -0.00423194 0.01908906 0.05689554
v -0.00339526 0.01925549 0.05689554
v -0.00255212 0.01938526 0.05689554
v -0.00170412 0.01947813 0.05689554
v -0.00085287 0.01953392 0.05689554
v -0.00000000 0.01955253 0.05689554
v 0.00085287 0.01953392 0.05689554
v 0.00170412 0.01947813 0.05689554
v 0.00255212 0.01938526 0.05689554
v 0.00339526 0.01925549 0.05689554
v 0.00423194 0.01908906 0.05689554
v 0.00506057 0.01888630 0.05689554
v 0.00587956 0.01864758 0.05689554
v 0.00668736 0.01837337 0.05689554
v 0.00748243 0.01806418 0.05689554
v 0.00826326 0.01772061 0.05689554
v 0.00902835 0.01734331 0.05689554
v 0.00977627 0.01693299 0.05689554
v 0.01050557 0.01649044 0.05689554
v 0.01121487 0.01601650 0.05689554
v 0.01190283 0.01551207 0.05689554
v 0.01256813 0.01497811 0.05689554
v 0.01320950 0.01441564 0.05689554
v 0.01382573 0.01382573 0.05689554
v 0.01441564 0.01320950 0.05689554
v 0.01497811 0.01256813 0.05689554
v 0.01551207 0.01190283 0.05689554
v 0.01601650 0.01121487 0.05689554
v 0.01649044 0.01050557 0.05689554
v 0.01693299 0.00977627 0.05689554
v 0.01734331 0.00902835 0.05689554
v 0.01772061 0.00826326 0.05689554
v 0.01806418 0.00748243 0.05689554
v 0.01837337 0.00668736 0.05689554
v 0.01864758 0.00587956 0.05689554
v 0.01888630 0.00506057 0.05689554
v 0.01908906 0.00423194 0.05689554
v 0.01925549 0.00339526 0.05689554
v 0.01938526 0.00255212 0.05689554
v 0.01947813 0.00170412 0.05689554
v 0.01953392 0.00085287 0.05689554
v 0.01955253 0.00000000 0.05689554
v 0.01803291 -0.00078733 0.05769585
v 0.01798141 -0.00157317 0.05769585
v 0.01789567 -0.00235601 0.05769585
v 0.01777587 -0.00313437 0.05769585
v 0.01762224 -0.00390676 0.05769585
v 0.01743505 -0.00467171 0.05769585
v 0.01721468 -0.00542777 0.05769585
v 0.01696154 -0.00617350 0.05769585
v 0.01667611 -0.00690747 0.05769585
v 0.01635894 -0.00762830 0.05769585
v 0.01601063 -0.00833461 0.05769585
v 0.01563184 -0.00902505 0.05769585
v 0.01522330 -0.00969831 0.05769585
v 0.01478577 -0.01035311 0.05769585
v 0.01432010 -0.01098820 0.05769585
v 0.01382717 -0.01160238 0.05769585
v 0.01330793 -0.01219447 0.05769585
v 0.01276334 -0.01276334 0.05769585
v 0.01219447 -0.01330793 0.05769585
v 0.01160238 -0.01382717 0.05769585
v 0.01098820 -0.01432010 0.05769585
v 0.01035311 -0.01478577 0.05769585
v 0.00969831 -0.01522330 0.05769585
v 0.00902505 -0.01563184 0.05769585
v 0.00833461 -0.01601063 0.05769585
v 0.00762830 -0.01635894 0.05769585
v 0.00690747 -0.01667611 0.05769585
v 0.00617350 -0.01696154 0.05769585
v 0.00542777 -0.01721468 0.05769585
v 0.00467171 -0.01743505 0.05769585
v 0.00390676 -0.01762224 0.05769585
v 0.00313437 -0.01777587 0.05769585
v 0.00235601 -0.01789567 0.05769585
v 0.00157317 -0.01798141 0.05769585
v 0.00078733 -0.01803291 0.05769585
v -0.00000000 -0.01805010 0.05769585
v -0.00078733 -0.01803291 0.05769585
v -0.00157317 -0.01798141 0.05769585
v -0.00235601 -0.01789567 0.05769585
v -0.00313437 -0.01777587 0.05769585
v -0.00390676 -0.01762224 0.05769585
v -0.00467171 -0.01743505 0.05769585
v -0.00542777 -0.01721468 0.05769585
v -0.00617350 -0.01696154 0.05769585
v -0.00690747 -0.01667611 0.05769585
v -0.00762830 -0.01635894 0.05769585
v -0.00833461 -0.01601063 0.05769585
v -0.00902505 -0.01563184 0.05769585
v -0.00969831 -0.01522330 0.05769585
v -0.01035311 -0.01478577 0.05769585
v -0.01098820 -0.01432010 0.05769585
v -0.01160238 -0.01382717 0.05769585
v -0.01219447 -0.01330793 0.05769585
v -0.01276334 -0.01276334 0.05769585
v -0.01330793 -0.01219447 0.05769585
v -0.01382717 -0.01160238 0.05769585
v -0.01432010 -0.01098820 0.05769585
v -0.01478577 -0.01035311 0.05769585
v -0.01522330 -0.00969831 0.05769585
v -0.01563184 -0.00902505 0.05769585
v -0.01601063 -0.00833461 0.05769585
v -0.01635894 -0.00762830 0.05769585
v -0.01667611 -0.00690747 0.05769585
v -0.01696154 -0.00617350 0.05769585
v -0.01721468 -0.00542777 0.05769585
v -0.01743505 -0.00467171 0.05769585
v -0.01762224 -0.00390676 0.05769585
v -0.01777587 -0.00313437 0.05769585
v -0.01789567 -0.00235601 0.05769585
v -0.01798141 -0.00157317 0.05769585
v -0.01803291 -0.00078733 0.05769585
v -0.01805010 -0.00000000 0.05769585
v -0.01803291 0.00078733 0.05769585
v -0.01798141 0.00157317 0.05769585
v -0.01789567 0.00235601 0.05769585
v -0.01777587 0.00313437 0.05769585
v -0.01762224 0.00390676 0.05769585
v -0.01743505 0.00467171 0.05769585
v -0.01721468 0.00542777 0.05769585
v -0.01696154 0.00617350 0.05769585
v -0.01667611 0.00690747 0.05769585
v -0.01635894 0.00762830 0.05769585
v -0.01601063 0.00833461 0.05769585
v -0.01563184 0.00902505 0.05769585
v -0.01522330 0.00969831 0.05769585
v -0.01478577 0.01035311 0.05769585
v -0.01432010 0.01098820 0.05769585
v -0.01382717 0.01160238 0.05769585
v -0.01330793 0.01219447 0.05769585
v -0.01276334 0.01276334 0.05769585
v -0.01219447 0.01330793 0.05769585
v -0.01160238 0.01382717 0.05769585
v -0.01098820 0.01432010 0.05769585
v -0.01035311 0.01478577 0.05769585
v -0.00969831 0.01522330 0.05769585
v -0.00902505 0.01563184 0.05769585
v -0.00833461 0.01601063 0.05769585
v -0.00762830 0.01635894 0.05769585
v -0.00690747 0.01667611 0.05769585
v -0.00617350 0.01696154 0.05769585
v -0.00542777 0.01721468 0.05769585
v -0.00467171 0.01743505 0.05769585
v -0.00390676 0.01762224 0.05769585
v -0.00313437 0.01777587 0.05769585
v -0.00235601 0.01789567 0.05769585
v -0.00157317 0.01798141 0.05769585
v -0.00078733 0.01803291 0.05769585
v -0.00000000 0.01805010 0.05769585
v 0.00078733 0.01803291 0.05769585
v 0.00157317 0.01798141 0.05769585
v 0.00235601 0.01789567 0.05769585
v 0.00313437 0.01777587 0.05769585
v 0.00390676 0.01762224 0.05769585
v 0.00467171 0.01743505 0.05769585
v 0.00542777 0.01721468 0.05769585
v 0.00617350 0.01696154 0.05769585
v 0.00690747 0.01667611 0.05769585
v 0.00762830 0.01635894 0.05769585
v 0.00833461 0.01601063 0.05769585
v 0.00902505 0.01563184 0.05769585
v 0.00969831 0.01522330 0.05769585
v 0.01035311 0.01478577 0.05769585
v 0.01098820 0.01432010 0.05769585
v 0.01160238 0.01382717 0.05769585
v 0.01219447 0.01330793 0.05769585
v 0.01276334 0.01276334 0.05769585
v 0.01330793 0.01219447 0.05769585
v 0.01382717 0.01160238 0.05769585
v 0.01432010 0.01098820 0.05769585
v 0.01478577 0.01035311 0.05769585
v 0.01522330 0.00969831 0.05769585
v 0.01563184 0.00902505 0.05769585
v 0.01601063 0.00833461 0.05769585
v 0.01635894 0.00762830 0.05769585
v 0.01667611 0.00690747 0.05769585
v 0.01696154 0.00617350 0.05769585
v 0.01721468 0.00542777 0.05769585
v 0.01743505 0.00467171 0.05769585
v 0.01762224 0.00390676 0.05769585
v 0.01777587 0.00313437 0.05769585
v 0.01789567 0.00235601 0.05769585
v 0.01798141 0.00157317 0.05769585
v 0.01803291 0.00078733 0.05769585
v 0.01805010 0.00000000 0.05769585
v 0.01649925 -0.00072037 0.05843152
v 0.01645212 -0.00143937 0.05843152
v 0.01637368 -0.00215564 0.05843152
v 0.01626407 -0.00286779 0.05843152
v 0.01612349 -0.00357449 0.05843152
v 0.01595223 -0.00427439 0.05843152
v 0.01575060 -0.00496615 0.05843152
v 0.01551899 -0.00564845 0.05843152
v 0.01525784 -0.00632000 0.05843152
v 0.01496764 -0.00697953 0.05843152
v 0.01464895 -0.00762576 0.05843152
v 0.01430238 -0.00825748 0.05843152
v 0.01392858 -0.00887348 0.05843152
v 0.01352827 -0.00947259 0.05843152
v 0.01310220 -0.01005367 0.05843152
v 0.01265120 -0.01061562 0.05843152
v 0.01217611 -0.01115735 0.05843152
v 0.01167784 -0.01167784 0.05843152
v 0.01115735 -0.01217611 0.05843152
v 0.01061562 -0.01265120 0.05843152
v 0.01005367 -0.01310220 0.05843152
v 0.00947259 -0.01352827 0.05843152
v 0.00887348 -0.01392858 0.05843152
v 0.00825748 -0.01430238 0.05843152
v 0.00762576 -0.01464895 0.05843152
v 0.00697953 -0.01496764 0.05843152
v 0.00632000 -0.01525784 0.05843152
v 0.00564845 -0.01551899 0.05843152
v 0.00496615 -0.01575060 0.05843152
v 0.00427439 -0.01595223 0.05843152
v 0.00357449 -0.01612349 0.05843152
v 0.00286779 -0.01626407 0.05843152
v 0.00215564 -0.01637368 0.05843152
v 0.00143937 -0.01645212 0.05843152
v 0.00072037 -0.01649925 0.05843152
v -0.00000000 -0.01651497 0.05843152
v -0.00072037 -0.01649925 0.05843152
v -0.00143937 -0.01645212 0.05843152
v -0.00215564 -0.01637368 0.05843152
v -0.00286779 -0.01626407 0.05843152
v -0.00357449 -0.01612349 0.05843152
v -0.00427439 -0.01595223 0.05843152
v -0.00496615 -0.01575060 0.05843152
v -0.00564845 -0.01551899 0.05843152
v -0.00632000 -0.01525784 0.05843152
v -0.00697953 -0.01496764 0.05843152
v -0.00762576 -0.01464895 0.05843152
v -0.00825748 -0.01430238 0.05843152
v -0.00887348 -0.01392858 0.05843152
v -0.00947259 -0.01352827 0.05843152
v -0.01005367 -0.01310220 0.05843152
v -0.01061562 -0.01265120 0.05843152
v -0.01115735 -0.01217611 0.05843152
v -0.01167784 -0.01167784 0.05843152
v -0.01217611 -0.01115735 0.05843152
v -0.01265120 -0.01061562 0.05843152
v -0.01310220 -0.01005367 0.05843152
v -0.01352827 -0.00947259 0.05843152
v -0.01392858 -0.00887348 0.05843152
v -0.01430238 -0.00825748 0.05843152
v -0.01464895 -0.00762576 0.05843152
v -0.01496764 -0.00697953 0.05843152
v -0.01525784 -0.00632000 0.05843152
v -0.01551899 -0.00564845 0.05843152
v -0.01575060 -0.00496615 0.05843152
v -0.01595223 -0.00427439 0.05843152
v -0.01612349 -0.00357449 0.05843152
v -0.01626407 -0.00286779 0.05843152
v -0.01637368 -0.00215564 0.05843152
v -0.01645212 -0.00143937 0.05843152
v -0.01649925 -0.00072037 0.05843152
v -0.01651497 -0.00000000 0.05843152
v -0.01649925 0.00072037 0.05843152
v -0.01645212 0.00143937 0.05843152
v -0.01637368 0.00215564 0.05843152
v -0.01626407 0.00286779 0.05843152
v -0.01612349 0.00357449 0.05843152
v -0.01595223 0.00427439 0.05843152
v -0.01575060 0.00496615 0.05843152
v -0.01551899 0.00564845 0.05843152
v -0.01525784 0.00632000 0.05843152
v -0.01496764 0.00697953 0.05843152
v -0.01464895 0.00762576 0.05843152
v -0.01430238 0.00825748 0.05843152
v -0.01392858 0.00887348 0.05843152
v -0.01352827 0.00947259 0.05843152
v -0.01310220 0.01005367 0.05843152
v -0.01265120 0.01061562 0.05843152
v -0.01217611 0.01115735 0.05843152
v -0.01167784 0.01167784 0.05843152
v -0.01115735 0.01217611 0.05843152
v -0.01061562 0.01265120 0.05843152
v -0.01005367 0.01310220 0.05843152
v -0.00947259 0.01352827 0.05843152
v -0.00887348 0.01392858 0.05843152
v -0.00825748 0.01430238 0.05843152
v -0.00762576 0.01464895 0.05843152
v -0.00697953 0.01496764 0.05843152
v -0.00632000 0.01525784 0.05843152
v -0.00564845 0.01551899 0.05843152
v -0.00496615 0.01575060 0.05843152
v -0.00427439 0.01595223 0.05843152
v -0.00357449 0.01612349 0.05843152
v -0.00286779 0.01626407 0.05843152
v -0.00215564 0.01637368 0.05843152
v -0.00143937 0.01645212 0.05843152
v -0.00072037 0.01649925 0.05843152
v -0.00000000 0.01651497 0.05843152
v 0.00072037 0.01649925 0.05843152
v 0.00143937 0.01645212 0.05843152
v 0.00215564 0.01637368 0.05843152
v 0.00286779 0.01626407 0.05843152
v 0.00357449 0.01612349 0.05843152
v 0.00427439 0.01595223 0.05843152
v 0.00496615 0.01575060 0.05843152
v 0.00564845 0.01551899 0.05843152
v 0.00632000 0.01525784 0.05843152
v 0.00697953 0.01496764 0.05843152
v 0.00762576 0.01464895 0.05843152
v 0.00825748 0.01430238 0.05843152
v 0.00887348 0.01392858 0.05843152
v 0.00947259 0.01352827 0.05843152
v 0.01005367 0.01310220 0.05843152
v 0.01061562 0.01265120 0.05843152
v 0.01115735 0.01217611 0.05843152
v 0.01167784 0.01167784 0.05843152
v 0.01217611 0.01115735 0.05843152
v 0.01265120 0.01061562 0.05843152
v 0.01310220 0.01005367 0.05843152
v 0.01352827 0.00947259 0.05843152
v 0.01392858 0.00887348 0.05843152
v 0.01430238 0.00825748 0.05843152
v 0.01464895 0.00762576 0.05843152
v 0.01496764 0.00697953 0.05843152
v 0.01525784 0.00632000 0.05843152
v 0.01551899 0.00564845 0.05843152
v 0.01575060 0.00496615 0.05843152
v 0.01595223 0.00427439 0.05843152
v 0.01612349 0.00357449 0.05843152
v 0.01626407 0.00286779 0.05843152
v 0.01637368 0.00215564 0.05843152
v 0.01645212 0.00143937 0.05843152
v 0.01649925 0.00072037 0.05843152
v 0.01651497 0.00000000 0.05843152
v 0.01493570 -0.00065211 0.05910121
v 0.01489304 -0.00130297 0.05910121
v 0.01482203 -0.00195136 0.05910121
v 0.01472280 -0.00259603 0.05910121
v 0.01459555 -0.00323576 0.05910121
v 0.01444052 -0.00386933 0.05910121
v 0.01425800 -0.00449553 0.05910121
v 0.01404833 -0.00511318 0.05910121
v 0.01381193 -0.00572109 0.05910121
v 0.01354923 -0.00631811 0.05910121
v 0.01326075 -0.00690311 0.05910121
v 0.01294701 -0.00747496 0.05910121
v 0.01260864 -0.00803259 0.05910121
v 0.01224626 -0.00857492 0.05910121
v 0.01186057 -0.00910094 0.05910121
v 0.01145231 -0.00960963 0.05910121
v 0.01102224 -0.01010002 0.05910121
v 0.01057119 -0.01057119 0.05910121
v 0.01010002 -0.01102224 0.05910121
v 0.00960963 -0.01145231 0.05910121
v 0.00910094 -0.01186057 0.05910121
v 0.00857492 -0.01224626 0.05910121
v 0.00803259 -0.01260864 0.05910121
v 0.00747496 -0.01294701 0.05910121
v 0.00690311 -0.01326075 0.05910121
v 0.00631811 -0.01354923 0.05910121
v 0.00572109 -0.01381193 0.05910121
v 0.00511318 -0.01404833 0.05910121
v 0.00449553 -0.01425800 0.05910121
v 0.00386933 -0.01444052 0.05910121
v 0.00323576 -0.01459555 0.05910121
v 0.00259603 -0.01472280 0.05910121
v 0.00195136 -0.01482203 0.05910121
v 0.00130297 -0.01489304 0.05910121
v 0.00065211 -0.01493570 0.05910121
v -0.00000000 -0.01494993 0.05910121
v -0.00065211 -0.01493570 0.05910121
v -0.00130297 -0.01489304 0.05910121
v -0.00195136 -0.01482203 0.05910121
v -0.00259603 -0.01472280 0.05910121
v -0.00323576 -0.01459555 0.05910121
v -0.00386933 -0.01444052 0.05910121
v -0.00449553 -0.01425800 0.05910121
v -0.00511318 -0.01404833 0.05910121
v -0.00572109 -0.01381193 0.05910121
v -0.00631811 -0.01354923 0.05910121
v -0.00690311 -0.01326075 0.05910121
v -0.00747496 -0.01294701 0.05910121
v -0.00803259 -0.01260864 0.05910121
v -0.00857492 -0.01224626 0.05910121
v -0.00910094 -0.01186057 0.05910121
v -0.00960963 -0.01145231 0.05910121
v -0.01010002 -0.01102224 0.05910121
v -0.01057119 -0.01057119 0.05910121
v -0.01102224 -0.01010002 0.05910121
v -0.01145231 -0.00960963 0.05910121
v -0.01186057 -0.00910094 0.05910121
v -0.01224626 -0.00857492 0.05910121
v -0.01260864 -0.00803259 0.05910121
v -0.01294701 -0.00747496 0.05910121
v -0.01326075 -0.00690311 0.05910121
v -0.01354923 -0.00631811 0.05910121
v -0.01381193 -0.00572109 0.05910121
v -0.01404833 -0.00511318 0.05910121
v -0.01425800 -0.00449553 0.05910121
v -0.01444052 -0.00386933 0.05910121
v -0.01459555 -0.00323576 0.05910121
v -0.01472280 -0.00259603 0.05910121
v -0.01482203 -0.00195136 0.05910121
v -0.01489304 -0.00130297 0.05910121
v -0.01493570 -0.00065211 0.05910121
v -0.01494993 -0.00000000 0.05910121
v -0.01493570 0.00065211 0.05910121
v -0.01489304 0.00130297 0.05910121
v -0.01482203 0.00195136 0.05910121
v -0.01472280 0.00259603 0.05910121
v -0.01459555 0.00323576 0.05910121
v -0.01444052 0.00386933 0.05910121
v -0.01425800 0.00449553 0.05910121
v -0.01404833 0.00511318 0.05910121
v -0.01381193 0.00572109 0.05910121
v -0.01354923 0.00631811 0.05910121
v -0.01326075 0.00690311 0.05910121
v -0.01294701 0.00747496 0.05910121
v -0.01260864 0.00803259 0.05910121
v -0.01224626 0.00857492 0.05910121
v -0.01186057 0.00910094 0.05910121
v -0.01145231 0.00960963 0.05910121
v -0.01102224 0.01010002 0.05910121
v -0.01057119 0.01057119 0.05910121
v -0.01010002 0.01102224 0.05910121
v -0.00960963 0.01145231 0.05910121
v -0.00910094 0.01186057 0.05910121
v -0.00857492 0.01224626 0.05910121
v -0.00803259 0.01260864 0.05910121
v -0.00747496 0.01294701 0.05910121
v -0.00690311 0.01326075 0.05910121
v -0.00631811 0.01354923 0.05910121
v -0.00572109 0.01381193 0.05910121
v -0.00511318 0.01404833 0.05910121
v -0.00449553 0.01425800 0.05910121
v -0.00386933 0.01444052 0.05910121
v -0.00323576 0.01459555 0.05910121
v -0.00259603 0.01472280 0.05910121
v -0.00195136 0.01482203 0.05910121
v -0.00130297 0.01489304 0.05910121
v -0.00065211 0.01493570 0.05910121
v -0.00000000 0.01494993 0.05910121
v 0.00065211 0.01493570 0.05910121
v 0.00130297 0.01489304 0.05910121
v 0.00195136 0.01482203 0.05910121
v 0.00259603 0.01472280 0.05910121
v 0.00323576 0.01459555 0.05910121
v 0.00386933 0.01444052 0.05910121
v 0.00449553 0.01425800 0.05910121
v 0.00511318 0.01404833 0.05910121
v 0.00572109 0.01381193 0.05910121
v 0.00631811 0.01354923 0.05910121
v 0.00690311 0.01326075 0.05910121
v 0.00747496 0.01294701 0.05910121
v 0.00803259 0.01260864 0.05910121
v 0.00857492 0.01224626 0.05910121
v 0.00910094 0.01186057 0.05910121
v 0.00960963 0.01145231 0.05910121
v 0.01010002 0.01102224 0.05910121
v 0.01057119 0.01057119 0.05910121
v 0.01102224 0.01010002 0.05910121
v 0.01145231 0.00960963 0.05910121
v 0.01186057 0.00910094 0.05910121
v 0.01224626 0.00857492 0.05910121
v 0.01260864 0.00803259 0.05910121
v 0.01294701 0.00747496 0.05910121
v 0.01326075 0.00690311 0.05910121
v 0.01354923 0.00631811 0.05910121
v 0.01381193 0.00572109 0.05910121
v 0.01404833 0.00511318 0.05910121
v 0.01425800 0.00449553 0.05910121
v 0.01444052 0.00386933 0.05910121
v 0.01459555 0.00323576 0.05910121
v 0.01472280 0.00259603 0.05910121
v 0.01482203 0.00195136 0.05910121
v 0.01489304 0.00130297 0.05910121
v 0.01493570 0.00065211 0.05910121
v 0.01494993 0.00000000 0.05910121
v 0.01334509 -0.00058266 0.05970370
v 0.01330698 -0.00116421 0.05970370
v 0.01324353 -0.00174354 0.05970370
v 0.01315487 -0.00231956 0.05970370
v 0.01304117 -0.00289116 0.05970370
v 0.01290265 -0.00345726 0.05970370
v 0.01273957 -0.00401677 0.05970370
v 0.01255223 -0.00456864 0.05970370
v 0.01234101 -0.00511181 0.05970370
v 0.01210629 -0.00564525 0.05970370
v 0.01184852 -0.00616795 0.05970370
v 0.01156820 -0.00667890 0.05970370
v 0.01126586 -0.00717715 0.05970370
v 0.01094208 -0.00766172 0.05970370
v 0.01059746 -0.00813172 0.05970370
v 0.01023267 -0.00858623 0.05970370
v 0.00984841 -0.00902440 0.05970370
v 0.00944540 -0.00944540 0.05970370
v 0.00902440 -0.00984841 0.05970370
v 0.00858623 -0.01023267 0.05970370
v 0.00813172 -0.01059746 0.05970370
v 0.00766172 -0.01094208 0.05970370
v 0.00717715 -0.01126586 0.05970370
v 0.00667890 -0.01156820 0.05970370
v 0.00616795 -0.01184852 0.05970370
v 0.00564525 -0.01210629 0.05970370
v 0.00511181 -0.01234101 0.05970370
v 0.00456864 -0.01255223 0.05970370
v 0.00401677 -0.01273957 0.05970370
v 0.00345726 -0.01290265 0.05970370
v 0.00289116 -0.01304117 0.05970370
v 0.00231956 -0.01315487 0.05970370
v 0.00174354 -0.01324353 0.05970370
v 0.00116421 -0.01330698 0.05970370
v 0.00058266 -0.01334509 0.05970370
v -0.00000000 -0.01335781 0.05970370
v -0.00058266 -0.01334509 0.05970370
v -0.00116421 -0.01330698 0.05970370
v -0.00174354 -0.01324353 0.05970370
v -0.00231956 -0.01315487 0.05970370
v -0.00289116 -0.01304117 0.05970370
v -0.00345726 -0.01290265 0.05970370
v -0.00401677 -0.01273957 0.05970370
v -0.00456864 -0.01255223 0.05970370
v -0.00511181 -0.01234101 0.05970370
v -0.00564525 -0.01210629 0.05970370
v -0.00616795 -0.01184852 0.05970370
v -0.00667890 -0.01156820 0.05970370
v -0.00717715 -0.01126586 0.05970370
v -0.00766172 -0.01094208 0.05970370
v -0.00813172 -0.01059746 0.05970370
v -0.00858623 -0.01023267 0.05970370
v -0.00902440 -0.00984841 0.05970370
v -0.00944540 -0.00944540 0.05970370
v -0.00984841 -0.00902440 0.05970370
v -0.01023267 -0.00858623 0.05970370
v -0.01059746 -0.00813172 0.05970370
v -0.01094208 -0.00766172 0.05970370
v -0.01126586 -0.00717715 0.05970370
v -0.01156820 -0.00667890 0.05970370
v -0.01184852 -0.00616795 0.05970370
v -0.01210629 -0.00564525 0.05970370
v -0.01234101 -0.00511181 0.05970370
v -0.01255223 -0.00456864 0.05970370
v -0.01273957 -0.00401677 0.05970370
v -0.01290265 -0.00345726 0.05970370
v -0.01304117 -0.00289116 0.05970370
v -0.01315487 -0.00231956 0.05970370
v -0.01324353 -0.00174354 0.05970370
v -0.01330698 -0.00116421 0.05970370
v -0.01334509 -0.00058266 0.05970370
v -0.01335781 -0.00000000 0.05970370
v -0.01334509 0.00058266 0.05970370
v -0.01330698 0.00116421 0.05970370
v -0.01324353 0.00174354 0.05970370
v -0.01315487 0.00231956 0.05970370
v -0.01304117 0.00289116 0.05970370
v -0.01290265 0.00345726 0.05970370
v -0.01273957 0.00401677 0.05970370
v -0.01255223 0.00456864 0.05970370
v -0.01234101 0.00511181 0.05970370
v -0.01210629 0.00564525 0.05970370
v -0.01184852 0.00616795 0.05970370
v -0.01156820 0.00667890 0.05970370
v -0.01126586 0.00717715 0.05970370
v -0.01094208 0.00766172 0.05970370
v -0.01059746 0.00813172 0.05970370
v -0.01023267 0.00858623 0.05970370
v -0.00984841 0.00902440 0.05970370
v -0.00944540 0.00944540 0.05970370
v -0.00902440 0.00984841 0.05970370
v -0.00858623 0.01023267 0.05970370
v -0.00813172 0.01059746 0.05970370
v -0.00766172 0.01094208 0.05970370
v -0.00717715 0.01126586 0.05970370
v -0.00667890 0.01156820 0.05970370
v -0.00616795 0.01184852 0.05970370
v -0.00564525 0.01210629 0.05970370
v -0.00511181 0.01234101 0.05970370
v -0.00456864 0.01255223 0.05970370
v -0.00401677 0.01273957 0.05970370
v -0.00345726 0.01290265 0.05970370
v -0.00289116 0.01304117 0.05970370
v -0.00231956 0.01315487 0.05970370
v -0.00174354 0.01324353 0.05970370
v -0.00116421 0.01330698 0.05970370
v -0.00058266 0.01334509 0.05970370
v -0.00000000 0.01335781 0.05970370
v 0.00058266 0.01334509 0.05970370
v 0.00116421 0.01330698 0.05970370
v 0.00174354 0.01324353 0.05970370
v 0.00231956 0.01315487 0.05970370
v 0.00289116 0.01304117 0.05970370
v 0.00345726 0.01290265 0.05970370
v 0.00401677 0.01273957 0.05970370
v 0.00456864 0.01255223 0.05970370
v 0.00511181 0.01234101 0.05970370
v 0.00564525 0.01210629 0.05970370
v 0.00616795 0.01184852 0.05970370
v 0.00667890 0.01156820 0.05970370
v 0.00717715 0.01126586 0.05970370
v 0.00766172 0.01094208 0.05970370
v 0.00813172 0.01059746 0.05970370
v 0.00858623 0.01023267 0.05970370
v 0.00902440 0.00984841 0.05970370
v 0.00944540 0.00944540 0.05970370
v 0.00984841 0.00902440 0.05970370
v 0.01023267 0.00858623 0.05970370
v 0.01059746 0.00813172 0.05970370
v 0.01094208 0.00766172 0.05970370
v 0.01126586 0.00717715 0.05970370
v 0.01156820 0.00667890 0.05970370
v 0.01184852 0.00616795 0.05970370
v 0.01210629 0.00564525 0.05970370
v 0.01234101 0.00511181 0.05970370
v 0.01255223 0.00456864 0.05970370
v 0.01273957 0.00401677 0.05970370
v 0.01290265 0.00345726 0.05970370
v 0.01304117 0.00289116 0.05970370
v 0.01315487 0.00231956 0.05970370
v 0.01324353 0.00174354 0.05970370
v 0.01330698 0.00116421 0.05970370
v 0.01334509 0.00058266 0.05970370
v 0.01335781 0.00000000 0.05970370
v 0.01173032 -0.00051216 0.06023790
v 0.01169682 -0.00102334 0.06023790
v 0.01164105 -0.00153257 0.06023790
v 0.01156312 -0.00203889 0.06023790
v 0.01146318 -0.00254133 0.06023790
v 0.01134142 -0.00303892 0.06023790
v 0.01119807 -0.00353074 0.06023790
v 0.01103340 -0.00401583 0.06023790
v 0.01084773 -0.00449328 0.06023790
v 0.01064141 -0.00496217 0.06023790
v 0.01041484 -0.00542162 0.06023790
v 0.01016844 -0.00587075 0.06023790
v 0.00990268 -0.00630870 0.06023790
v 0.00961807 -0.00673465 0.06023790
v 0.00931516 -0.00714777 0.06023790
v 0.00899451 -0.00754729 0.06023790
v 0.00865674 -0.00793244 0.06023790
v 0.00830249 -0.00830249 0.06023790
v 0.00793244 -0.00865674 0.06023790
v 0.00754729 -0.00899451 0.06023790
v 0.00714777 -0.00931516 0.06023790
v 0.00673465 -0.00961807 0.06023790
v 0.00630870 -0.00990268 0.06023790
v 0.00587075 -0.01016844 0.06023790
v 0.00542162 -0.01041484 0.06023790
v 0.00496217 -0.01064141 0.06023790
v 0.00449328 -0.01084773 0.06023790
v 0.00401583 -0.01103340 0.06023790
v 0.00353074 -0.01119807 0.06023790
v 0.00303892 -0.01134142 0.06023790
v 0.00254133 -0.01146318 0.06023790
v 0.00203889 -0.01156312 0.06023790
v 0.00153257 -0.01164105 0.06023790
v 0.00102334 -0.01169682 0.06023790
v 0.00051216 -0.01173032 0.06023790
v -0.00000000 -0.01174150 0.06023790
v -0.00051216 -0.01173032 0.06023790
v -0.00102334 -0.01169682 0.06023790
v -0.00153257 -0.01164105 0.06023790
v -0.00203889 -0.01156312 0.06023790
v -0.00254133 -0.01146318 0.06023790
v -0.00303892 -0.01134142 0.06023790
v -0.00353074 -0.01119807 0.06023790
v -0.00401583 -0.01103340 0.06023790
v -0.00449328 -0.01084773 0.06023790
v -0.00496217 -0.01064141 0.06023790
v -0.00542162 -0.01041484 0.06023790
v -0.00587075 -0.01016844 0.06023790
v -0.00630870 -0.00990268 0.06023790
v -0.00673465 -0.00961807 0.06023790
v -0.00714777 -0.00931516 0.06023790
v -0.00754729 -0.00899451 0.06023790
v -0.00793244 -0.00865674 0.06023790
v -0.00830249 -0.00830249 0.06023790
v -0.00865674 -0.00793244 0.06023790
v -0.00899451 -0.00754729 0.06023790
v -0.00931516 -0.00714777 0.06023790
v -0.00961807 -0.00673465 0.06023790
v -0.00990268 -0.00630870 0.06023790
v -0.01016844 -0.00587075 0.06023790
v -0.01041484 -0.00542162 0.06023790
v -0.01064141 -0.00496217 0.06023790
v -0.01084773 -0.00449328 0.06023790
v -0.01103340 -0.00401583 0.06023790
v -0.01119807 -0.00353074 0.06023790
v -0.01134142 -0.00303892 0.06023790
v -0.01146318 -0.00254133 0.06023790
v -0.01156312 -0.00203889 0.06023790
v -0.01164105 -0.00153257 0.06023790
v -0.01169682 -0.00102334 0.06023790
v -0.01173032 -0.00051216 0.06023790
v -0.01174150 -0.00000000 0.06023790
v -0.01173032 0.00051216 0.06023790
v -0.01169682 0.00102334 0.06023790
v -0.01164105 0.00153257 0.06023790
v -0.01156312 0.00203889 0.06023790
v -0.01146318 0.00254133 0.06023790
v -0.01134142 0.00303892 0.06023790
v -0.01119807 0.00353074 0.06023790
v -0.01103340 0.00401583 0.06023790
v -0.01084773 0.00449328 0.06023790
v -0.01064141 0.00496217 0.06023790
v -0.01041484 0.00542162 0.06023790
v -0.01016844 0.00587075 0.06023790
v -0.00990268 0.00630870 0.06023790
v -0.00961807 0.00673465 0.06023790
v -0.00931516 0.00714777 0.06023790
v -0.00899451 0.00754729 0.06023790
v -0.00865674 0.00793244 0.06023790
v -0.00830249 0.00830249 0.06023790
v -0.00793244 0.00865674 0.06023790
v -0.00754729 0.00899451 0.06023790
v -0.00714777 0.00931516 0.06023790
v -0.00673465 0.00961807 0.06023790
v -0.00630870 0.00990268 0.06023790
v -0.00587075 0.01016844 0.06023790
v -0.00542162 0.01041484 0.06023790
v -0.00496217 0.01064141 0.06023790
v -0.00449328 0.01084773 0.06023790
v -0.00401583 0.01103340 0.06023790
v -0.00353074 0.01119807 0.06023790
v -0.00303892 0.01134142 0.06023790
v -0.00254133 0.01146318 0.06023790
v -0.00203889 0.01156312 0.06023790
v -0.00153257 0.01164105 0.06023790
v -0.00102334 0.01169682 0.06023790
v -0.00051216 0.01173032 0.06023790
v -0.00000000 0.01174150 0.06023790
v 0.00051216 0.01173032 0.06023790
v 0.00102334 0.01169682 0.06023790
v 0.00153257 0.01164105 0.06023790
v 0.00203889 0.01156312 0.06023790
v 0.00254133 0.01146318 0.06023790
v 0.00303892 0.01134142 0.06023790
v 0.00353074 0.01119807 0.06023790
v 0.00401583 0.01103340 0.06023790
v 0.00449328 0.01084773 0.06023790
v 0.00496217 0.01064141 0.06023790
v 0.00542162 0.01041484 0.06023790
v 0.00587075 0.01016844 0.06023790
v 0.00630870 0.00990268 0.06023790
v 0.00673465 0.00961807 0.06023790
v 0.00714777 0.00931516 0.06023790
v 0.00754729 0.00899451 0.06023790
v 0.00793244 0.00865674 0.06023790
v 0.00830249 0.00830249 0.06023790
v 0.00865674 0.00793244 0.06023790
v 0.00899451 0.00754729 0.06023790
v 0.00931516 0.00714777 0.06023790
v 0.00961807 0.00673465 0.06023790
v 0.00990268 0.00630870 0.06023790
v 0.01016844 0.00587075 0.06023790
v 0.01041484 0.00542162 0.06023790
v 0.01064141 0.00496217 0.06023790
v 0.01084773 0.00449328 0.06023790
v 0.01103340 0.00401583 0.06023790
v 0.01119807 0.00353074 0.06023790
v 0.01134142 0.00303892 0.06023790
v 0.01146318 0.00254133 0.06023790
v 0.01156312 0.00203889 0.06023790
v 0.01164105 0.00153257 0.06023790
v 0.01169682 0.00102334 0.06023790
v 0.01173032 0.00051216 0.06023790
v 0.01174150 0.00000000 0.06023790
v 0.01009431 -0.00044073 0.06070285
v 0.01006547 -0.00088061 0.06070285
v 0.01001748 -0.00131883 0.06070285
v 0.00995042 -0.00175453 0.06070285
v 0.00986442 -0.00218689 0.06070285
v 0.00975964 -0.00261509 0.06070285
v 0.00963628 -0.00303831 0.06070285
v 0.00949458 -0.00345575 0.06070285
v 0.00933481 -0.00386660 0.06070285
v 0.00915726 -0.00427010 0.06070285
v 0.00896229 -0.00466547 0.06070285
v 0.00875025 -0.00505196 0.06070285
v 0.00852156 -0.00542883 0.06070285
v 0.00827665 -0.00579537 0.06070285
v 0.00801598 -0.00615088 0.06070285
v 0.00774005 -0.00649468 0.06070285
v 0.00744939 -0.00682611 0.06070285
v 0.00714455 -0.00714455 0.06070285
v 0.00682611 -0.00744939 0.06070285
v 0.00649468 -0.00774005 0.06070285
v 0.00615088 -0.00801598 0.06070285
v 0.00579537 -0.00827665 0.06070285
v 0.00542883 -0.00852156 0.06070285
v 0.00505196 -0.00875025 0.06070285
v 0.00466547 -0.00896229 0.06070285
v 0.00427010 -0.00915726 0.06070285
v 0.00386660 -0.00933481 0.06070285
v 0.00345575 -0.00949458 0.06070285
v 0.00303831 -0.00963628 0.06070285
v 0.00261509 -0.00975964 0.06070285
v 0.00218689 -0.00986442 0.06070285
v 0.00175453 -0.00995042 0.06070285
v 0.00131883 -0.01001748 0.06070285
v 0.00088061 -0.01006547 0.06070285
v 0.00044073 -0.01009431 0.06070285
v -0.00000000 -0.01010392 0.06070285
v -0.00044073 -0.01009431 0.06070285
v -0.00088061 -0.01006547 0.06070285
v -0.00131883 -0.01001748 0.06070285
v -0.00175453 -0.00995042 0.06070285
v -0.00218689 -0.00986442 0.06070285
v -0.00261509 -0.00975964 0.06070285
v -0.00303831 -0.00963628 0.06070285
v -0.00345575 -0.00949458 0.06070285
v -0.00386660 -0.00933481 0.06070285
v -0.00427010 -0.00915726 0.06070285
v -0.00466547 -0.00896229 0.06070285
v -0.00505196 -0.00875025 0.06070285
v -0.00542883 -0.00852156 0.06070285
v -0.00579537 -0.00827665 0.06070285
v -0.00615088 -0.00801598 0.06070285
v -0.00649468 -0.00774005 0.06070285
v -0.00682611 -0.00744939 0.06070285
v -0.00714455 -0.00714455 0.06070285
v -0.00744939 -0.00682611 0.06070285
v -0.00774005 -0.00649468 0.06070285
v -0.00801598 -0.00615088 0.06070285
v -0.00827665 -0.00579537 0.06070285
v -0.00852156 -0.00542883 0.06070285
v -0.00875025 -0.00505196 0.06070285
v -0.00896229 -0.00466547 0.06070285
v -0.00915726 -0.00427010 0.06070285
v -0.00933481 -0.00386660 0.06070285
v -0.00949458 -0.00345575 0.06070285
v -0.00963628 -0.00303831 0.06070285
v -0.00975964 -0.00261509 0.06070285
v -0.00986442 -0.00218689 0.06070285
v -0.00995042 -0.00175453 0.06070285
v -0.01001748 -0.00131883 0.06070285
v -0.01006547 -0.00088061 0.06070285
v -0.01009431 -0.00044073 0.06070285
v -0.01010392 -0.00000000 0.06070285
v -0.01009431 0.00044073 0.06070285
v -0.01006547 0.00088061 0.06070285
v -0.01001748 0.00131883 0.06070285
v -0.00995042 0.00175453 0.06070285
v -0.00986442 0.00218689 0.06070285
v -0.00975964 0.00261509 0.06070285
v -0.00963628 0.00303831 0.06070285
v -0.00949458 0.00345575 0.06070285
v -0.00933481 0.00386660 0.06070285
v -0.00915726 0.00427010 0.06070285
v -0.00896229 0.00466547 0.06070285
v -0.00875025 0.00505196 0.06070285
v -0.00852156 0.00542883 0.06070285
v -0.00827665 0.00579537 0.06070285
v -0.00801598 0.00615088 0.06070285
v -0.00774005 0.00649468 0.06070285
v -0.00744939 0.00682611 0.06070285
v -0.00714455 0.00714455 0.06070285
v -0.00682611 0.00744939 0.06070285
v -0.00649468 0.00774005 0.06070285
v -0.00615088 0.00801598 0.06070285
v -0.00579537 0.00827665 0.06070285
v -0.00542883 0.00852156 0.06070285
v -0.00505196 0.00875025 0.06070285
v -0.00466547 0.00896229 0.06070285
v -0.00427010 0.00915726 0.06070285
v -0.00386660 0.00933481 0.06070285
v -0.00345575 0.00949458 0.06070285
v -0.00303831 0.00963628 0.06070285
v -0.00261509 0.00975964 0.06070285
v -0.00218689 0.00986442 0.06070285
v -0.00175453 0.00995042 0.06070285
v -0.00131883 0.01001748 0.06070285
v -0.00088061 0.01006547 0.06070285
v -0.00044073 0.01009431 0.06070285
v -0.00000000 0.01010392 0.06070285
v 0.00044073 0.01009431 0.06070285
v 0.00088061 0.01006547 0.06070285
v 0.00131883 0.01001748 0.06070285
v 0.00175453 0.00995042 0.06070285
v 0.00218689 0.00986442 0.06070285
v 0.00261509 0.00975964 0.06070285
v 0.00303831 0.00963628 0.06070285
v 0.00345575 0.00949458 0.06070285
v 0.00386660 0.00933481 0.06070285
v 0.00427010 0.00915726 0.06070285
v 0.00466547 0.00896229 0.06070285
v 0.00505196 0.00875025 0.06070285
v 0.00542883 0.00852156 0.06070285
v 0.00579537 0.00827665 0.06070285
v 0.00615088 0.00801598 0.06070285
v 0.00649468 0.00774005 0.06070285
v 0.00682611 0.00744939 0.06070285
v 0.00714455 0.00714455 0.06070285
v 0.00744939 0.00682611 0.06070285
v 0.00774005 0.00649468 0.06070285
v 0.00801598 0.00615088 0.06070285
v 0.00827665 0.00579537 0.06070285
v 0.00852156 0.00542883 0.06070285
v 0.00875025 0.00505196 0.06070285
v 0.00896229 0.00466547 0.06070285
v 0.00915726 0.00427010 0.06070285
v 0.00933481 0.00386660 0.06070285
v 0.00949458 0.00345575 0.06070285
v 0.00963628 0.00303831 0.06070285
v 0.00975964 0.00261509 0.06070285
v 0.00986442 0.00218689 0.06070285
v 0.00995042 0.00175453 0.06070285
v 0.01001748 0.00131883 0.06070285
v 0.01006547 0.00088061 0.06070285
v 0.01009431 0.00044073 0.06070285
v 0.01010392 0.00000000 0.06070285
v 0.00844001 -0.00036850 0.06109770
v 0.00841590 -0.00073630 0.06109770
v 0.00837577 -0.00110269 0.06109770
v 0.00831970 -0.00146699 0.06109770
v 0.00824780 -0.00182849 0.06109770
v 0.00816019 -0.00218652 0.06109770
v 0.00805705 -0.00254038 0.06109770
v 0.00793857 -0.00288940 0.06109770
v 0.00780498 -0.00323293 0.06109770
v 0.00765653 -0.00357030 0.06109770
v 0.00749351 -0.00390087 0.06109770
v 0.00731622 -0.00422402 0.06109770
v 0.00712501 -0.00453913 0.06109770
v 0.00692024 -0.00484560 0.06109770
v 0.00670229 -0.00514285 0.06109770
v 0.00647158 -0.00543030 0.06109770
v 0.00622855 -0.00570742 0.06109770
v 0.00597367 -0.00597367 0.06109770
v 0.00570742 -0.00622855 0.06109770
v 0.00543030 -0.00647158 0.06109770
v 0.00514285 -0.00670229 0.06109770
v 0.00484560 -0.00692024 0.06109770
v 0.00453913 -0.00712501 0.06109770
v 0.00422402 -0.00731622 0.06109770
v 0.00390087 -0.00749351 0.06109770
v 0.00357030 -0.00765653 0.06109770
v 0.00323293 -0.00780498 0.06109770
v 0.00288940 -0.00793857 0.06109770
v 0.00254038 -0.00805705 0.06109770
v 0.00218652 -0.00816019 0.06109770
v 0.00182849 -0.00824780 0.06109770
v 0.00146699 -0.00831970 0.06109770
v 0.00110269 -0.00837577 0.06109770
v 0.00073630 -0.00841590 0.06109770
v 0.00036850 -0.00844001 0.06109770
v -0.00000000 -0.00844805 0.06109770
v -0.00036850 -0.00844001 0.06109770
v -0.00073630 -0.00841590 0.06109770
v -0.00110269 -0.00837577 0.06109770
v -0.00146699 -0.00831970 0.06109770
v -0.00182849 -0.00824780 0.06109770
v -0.00218652 -0.00816019 0.06109770
v -0.00254038 -0.00805705 0.06109770
v -0.00288940 -0.00793857 0.06109770
v -0.00323293 -0.00780498 0.06109770
v -0.00357030 -0.00765653 0.06109770
v -0.00390087 -0.00749351 0.06109770
v -0.00422402 -0.00731622 0.06109770
v -0.00453913 -0.00712501 0.06109770
v -0.00484560 -0.00692024 0.06109770
v -0.00514285 -0.00670229 0.06109770
v -0.00543030 -0.00647158 0.06109770
v -0.00570742 -0.00622855 0.06109770
v -0.00597367 -0.00597367 0.06109770
v -0.00622855 -0.00570742 0.06109770
v -0.00647158 -0.00543030 0.06109770
v -0.00670229 -0.00514285 0.06109770
v -0.00692024 -0.00484560 0.06109770
v -0.00712501 -0.00453913 0.06109770
v -0.00731622 -0.00422402 0.06109770
v -0.00749351 -0.00390087 0.06109770
v -0.00765653 -0.00357030 0.06109770
v -0.00780498 -0.00323293 0.06109770
v -0.00793857 -0.00288940 0.06109770
v -0.00805705 -0.00254038 0.06109770
v -0.00816019 -0.00218652 0.06109770
v -0.00824780 -0.00182849 0.06109770
v -0.00831970 -0.00146699 0.06109770
v -0.00837577 -0.00110269 0.06109770
v -0.00841590 -0.00073630 0.06109770
v -0.00844001 -0.00036850 0.06109770
v -0.00844805 -0.00000000 0.06109770
v -0.00844001 0.00036850 0.06109770
v -0.00841590 0.00073630 0.06109770
v -0.00837577 0.00110269 0.06109770
v -0.00831970 0.00146699 0.06109770
v -0.00824780 0.00182849 0.06109770
v -0.00816019 0.00218652 0.06109770
v -0.00805705 0.00254038 0.06109770
v -0.00793857 0.00288940 0.06109770
v -0.00780498 0.00323293 0.06109770
v -0.00765653 0.00357030 0.06109770
v -0.00749351 0.00390087 0.06109770
v -0.00731622 0.00422402 0.06109770
v -0.00712501 0.00453913 0.06109770
v -0.00692024 0.00484560 0.06109770
v -0.00670229 0.00514285 0.06109770
v -0.00647158 0.00543030 0.06109770
v -0.00622855 0.00570742 0.06109770
v -0.00597367 0.00597367 0.06109770
v -0.00570742 0.00622855 0.06109770
v -0.00543030 0.00647158 0.06109770
v -0.00514285 0.00670229 0.06109770
v -0.00484560 0.00692024 0.06109770
v -0.00453913 0.00712501 0.06109770
v -0.00422402 0.00731622 0.06109770
v -0.00390087 0.00749351 0.06109770
v -0.00357030 0.00765653 0.06109770
v -0.00323293 0.00780498 0.06109770
v -0.00288940 0.00793857 0.06109770
v -0.00254038 0.00805705 0.06109770
v -0.00218652 0.00816019 0.06109770
v -0.00182849 0.00824780 0.06109770
v -0.00146699 0.00831970 0.06109770
v -0.00110269 0.00837577 0.06109770
v -0.00073630 0.00841590 0.06109770
v -0.00036850 0.00844001 0.06109770
v -0.00000000 0.00844805 0.06109770
v 0.00036850 0.00844001 0.06109770
v 0.00073630 0.00841590 0.06109770
v 0.00110269 0.00837577 0.06109770
v 0.00146699 0.00831970 0.06109770
v 0.00182849 0.00824780 0.06109770
v 0.00218652 0.00816019 0.06109770
v 0.00254038 0.00805705 0.06109770
v 0.00288940 0.00793857 0.06109770
v 0.00323293 0.00780498 0.06109770
v 0.00357030 0.00765653 0.06109770
v 0.00390087 0.00749351 0.06109770
v 0.00422402 0.00731622 0.06109770
v 0.00453913 0.00712501 0.06109770
v 0.00484560 0.00692024 0.06109770
v 0.00514285 0.00670229 0.06109770
v 0.00543030 0.00647158 0.06109770
v 0.00570742 0.00622855 0.06109770
v 0.00597367 0.00597367 0.06109770
v 0.00622855 0.00570742 0.06109770
v 0.00647158 0.00543030 0.06109770
v 0.00670229 0.00514285 0.06109770
v 0.00692024 0.00484560 0.06109770
v 0.00712501 0.00453913 0.06109770
v 0.00731622 0.00422402 0.06109770
v 0.00749351 0.00390087 0.06109770
v 0.00765653 0.00357030 0.06109770
v 0.00780498 0.00323293 0.06109770
v 0.00793857 0.00288940 0.06109770
v 0.00805705 0.00254038 0.06109770
v 0.00816019 0.00218652 0.06109770
v 0.00824780 0.00182849 0.06109770
v 0.00831970 0.00146699 0.06109770
v 0.00837577 0.00110269 0.06109770
v 0.00841590 0.00073630 0.06109770
v 0.00844001 0.00036850 0.06109770
v 0.00844805 0.00000000 0.06109770
v 0.00677042 -0.00029560 0.06142174
v 0.00675109 -0.00059064 0.06142174
v 0.00671890 -0.00088456 0.06142174
v 0.00667392 -0.00117679 0.06142174
v 0.00661623 -0.00146678 0.06142174
v 0.00654596 -0.00175398 0.06142174
v 0.00646322 -0.00203785 0.06142174
v 0.00636818 -0.00231783 0.06142174
v 0.00626101 -0.00259340 0.06142174
v 0.00614193 -0.00286403 0.06142174
v 0.00601116 -0.00312921 0.06142174
v 0.00586894 -0.00338844 0.06142174
v 0.00571556 -0.00364121 0.06142174
v 0.00555129 -0.00388705 0.06142174
v 0.00537645 -0.00412550 0.06142174
v 0.00519139 -0.00435609 0.06142174
v 0.00499643 -0.00457839 0.06142174
v 0.00479197 -0.00479197 0.06142174
v 0.00457839 -0.00499643 0.06142174
v 0.00435609 -0.00519139 0.06142174
v 0.00412550 -0.00537645 0.06142174
v 0.00388705 -0.00555129 0.06142174
v 0.00364121 -0.00571556 0.06142174
v 0.00338844 -0.00586894 0.06142174
v 0.00312921 -0.00601116 0.06142174
v 0.00286403 -0.00614193 0.06142174
v 0.00259340 -0.00626101 0.06142174
v 0.00231783 -0.00636818 0.06142174
v 0.00203785 -0.00646322 0.06142174
v 0.00175398 -0.00654596 0.06142174
v 0.00146678 -0.00661623 0.06142174
v 0.00117679 -0.00667392 0.06142174
v 0.00088456 -0.00671890 0.06142174
v 0.00059064 -0.00675109 0.06142174
v 0.00029560 -0.00677042 0.06142174
v -0.00000000 -0.00677687 0.06142174
v -0.00029560 -0.00677042 0.06142174
v -0.00059064 -0.00675109 0.06142174
v -0.00088456 -0.00671890 0.06142174
v -0.00117679 -0.00667392 0.06142174
v -0.00146678 -0.00661623 0.06142174
v -0.00175398 -0.00654596 0.06142174
v -0.00203785 -0.00646322 0.06142174
v -0.00231783 -0.00636818 0.06142174
v -0.00259340 -0.00626101 0.06142174
v -0.00286403 -0.00614193 0.06142174
v -0.00312921 -0.00601116 0.06142174
v -0.00338844 -0.00586894 0.06142174
v -0.00364121 -0.00571556 0.06142174
v -0.00388705 -0.00555129 0.06142174
v -0.00412550 -0.00537645 0.06142174
v -0.00435609 -0.00519139 0.06142174
v -0.00457839 -0.00499643 0.06142174
v -0.00479197 -0.00479197 0.06142174
v -0.00499643 -0.00457839 0.06142174
v -0.00519139 -0.00435609 0.06142174
v -0.00537645 -0.00412550 0.06142174
v -0.00555129 -0.00388705 0.06142174
v -0.00571556 -0.00364121 0.06142174
v -0.00586894 -0.00338844 0.06142174
v -0.00601116 -0.00312921 0.06142174
v -0.00614193 -0.00286403 0.06142174
v -0.00626101 -0.00259340 0.06142174
v -0.00636818 -0.00231783 0.06142174
v -0.00646322 -0.00203785 0.06142174
v -0.00654596 -0.00175398 0.06142174
v -0.00661623 -0.00146678 0.06142174
v -0.00667392 -0.00117679 0.06142174
v -0.00671890 -0.00088456 0.06142174
v -0.00675109 -0.00059064 0.06142174
v -0.00677042 -0.00029560 0.06142174
v -0.00677687 -0.00000000 0.06142174
v -0.00677042 0.00029560 0.06142174
v -0.00675109 0.00059064 0.06142174
v -0.00671890 0.00088456 0.06142174
v -0.00667392 0.00117679 0.06142174
v -0.00661623 0.00146678 0.06142174
v -0.00654596 0.00175398 0.06142174
v -0.00646322 0.00203785 0.06142174
v -0.00636818 0.00231783 0.06142174
v -0.00626101 0.00259340 0.06142174
v -0.00614193 0.00286403 0.06142174
v -0.00601116 0.00312921 0.06142174
v -0.00586894 0.00338844 0.06142174
v -0.00571556 0.00364121 0.06142174
v -0.00555129 0.00388705 0.06142174
v -0.00537645 0.00412550 0.06142174
v -0.00519139 0.00435609 0.06142174
v -0.00499643 0.00457839 0.06142174
v -0.00479197 0.00479197 0.06142174
v -0.00457839 0.00499643 0.06142174
v -0.00435609 0.00519139 0.06142174
v -0.00412550 0.00537645 0.06142174
v -0.00388705 0.00555129 0.06142174
v -0.00364121 0.00571556 0.06142174
v -0.00338844 0.00586894 0.06142174
v -0.00312921 0.00601116 0.06142174
v -0.00286403 0.00614193 0.06142174
v -0.00259340 0.00626101 0.06142174
v -0.00231783 0.00636818 0.06142174
v -0.00203785 0.00646322 0.06142174
v -0.00175398 0.00654596 0.06142174
v -0.00146678 0.00661623 0.06142174
v -0.00117679 0.00667392 0.06142174
v -0.00088456 0.00671890 0.06142174
v -0.00059064 0.00675109 0.06142174
v -0.00029560 0.00677042 0.06142174
v -0.00000000 0.00677687 0.06142174
v 0.00029560 0.00677042 0.06142174
v 0.00059064 0.00675109 0.06142174
v 0.00088456 0.00671890 0.06142174
v 0.00117679 0.00667392 0.06142174
v 0.00146678 0.00661623 0.06142174
v 0.00175398 0.00654596 0.06142174
v 0.00203785 0.00646322 0.06142174
v 0.00231783 0.00636818 0.06142174
v 0.00259340 0.00626101 0.06142174
v 0.00286403 0.00614193 0.06142174
v 0.00312921 0.00601116 0.06142174
v 0.00338844 0.00586894 0.06142174
v 0.00364121 0.00571556 0.06142174
v 0.00388705 0.00555129 0.06142174
v 0.00412550 0.00537645 0.06142174
v 0.00435609 0.00519139 0.06142174
v 0.00457839 0.00499643 0.06142174
v 0.00479197 0.00479197 0.06142174
v 0.00499643 0.00457839 0.06142174
v 0.00519139 0.00435609 0.06142174
v 0.00537645 0.00412550 0.06142174
v 0.00555129 0.00388705 0.06142174
v 0.00571556 0.00364121 0.06142174
v 0.00586894 0.00338844 0.06142174
v 0.00601116 0.00312921 0.06142174
v 0.00614193 0.00286403 0.06142174
v 0.00626101 0.00259340 0.06142174
v 0.00636818 0.00231783 0.06142174
v 0.00646322 0.00203785 0.06142174
v 0.00654596 0.00175398 0.06142174
v 0.00661623 0.00146678 0.06142174
v 0.00667392 0.00117679 0.06142174
v 0.00671890 0.00088456 0.06142174
v 0.00675109 0.00059064 0.06142174
v 0.00677042 0.00029560 0.06142174
v 0.00677687 0.00000000 0.06142174
v 0.00508858 -0.00022217 0.06167439
v 0.00507404 -0.00044392 0.06167439
v 0.00504985 -0.00066483 0.06167439
v 0.00501604 -0.00088446 0.06167439
v 0.00497269 -0.00110242 0.06167439
v 0.00491987 -0.00131828 0.06167439
v 0.00485768 -0.00153162 0.06167439
v 0.00478625 -0.00174205 0.06167439
v 0.00470571 -0.00194917 0.06167439
v 0.00461621 -0.00215257 0.06167439
v 0.00451792 -0.00235188 0.06167439
v 0.00441103 -0.00254671 0.06167439
v 0.00429575 -0.00273669 0.06167439
v 0.00417229 -0.00292147 0.06167439
v 0.00404088 -0.00310068 0.06167439
v 0.00390179 -0.00327399 0.06167439
v 0.00375527 -0.00344107 0.06167439
v 0.00360159 -0.00360159 0.06167439
v 0.00344107 -0.00375527 0.06167439
v 0.00327399 -0.00390179 0.06167439
v 0.00310068 -0.00404088 0.06167439
v 0.00292147 -0.00417229 0.06167439
v 0.00273669 -0.00429575 0.06167439
v 0.00254671 -0.00441103 0.06167439
v 0.00235188 -0.00451792 0.06167439
v 0.00215257 -0.00461621 0.06167439
v 0.00194917 -0.00470571 0.06167439
v 0.00174205 -0.00478625 0.06167439
v 0.00153162 -0.00485768 0.06167439
v 0.00131828 -0.00491987 0.06167439
v 0.00110242 -0.00497269 0.06167439
v 0.00088446 -0.00501604 0.06167439
v 0.00066483 -0.00504985 0.06167439
v 0.00044392 -0.00507404 0.06167439
v 0.00022217 -0.00508858 0.06167439
v -0.00000000 -0.00509342 0.06167439
v -0.00022217 -0.00508858 0.06167439
v -0.00044392 -0.00507404 0.06167439
v -0.00066483 -0.00504985 0.06167439
v -0.00088446 -0.00501604 0.06167439
v -0.00110242 -0.00497269 0.06167439
v -0.00131828 -0.00491987 0.06167439
v -0.00153162 -0.00485768 0.06167439
v -0.00174205 -0.00478625 0.06167439
v -0.00194917 -0.00470571 0.06167439
v -0.00215257 -0.00461621 0.06167439
v -0.00235188 -0.00451792 0.06167439
v -0.00254671 -0.00441103 0.06167439
v -0.00273669 -0.00429575 0.06167439
v -0.00292147 -0.00417229 0.06167439
v -0.00310068 -0.00404088 0.06167439
v -0.00327399 -0.00390179 0.06167439
v -0.00344107 -0.00375527 0.06167439
v -0.00360159 -0.00360159 0.06167439
v -0.00375527 -0.00344107 0.06167439
v -0.00390179 -0.00327399 0.06167439
v -0.00404088 -0.00310068 0.06167439
v -0.00417229 -0.00292147 0.06167439
v -0.00429575 -0.00273669 0.06167439
v -0.00441103 -0.00254671 0.06167439
v -0.00451792 -0.00235188 0.06167439
v -0.00461621 -0.00215257 0.06167439
v -0.00470571 -0.00194917 0.06167439
v -0.00478625 -0.00174205 0.06167439
v -0.00485768 -0.00153162 0.06167439
v -0.00491987 -0.00131828 0.06167439
v -0.00497269 -0.00110242 0.06167439
v -0.00501604 -0.00088446 0.06167439
v -0.00504985 -0.00066483 0.06167439
v -0.00507404 -0.00044392 0.06167439
v -0.00508858 -0.00022217 0.06167439
v -0.00509342 -0.00000000 0.06167439
v -0.00508858 0.00022217 0.06167439
v -0.00507404 0.00044392 0.06167439
v -0.00504985 0.00066483 0.06167439
v -0.00501604 0.00088446 0.06167439
v -0.00497269 0.00110242 0.06167439
v -0.00491987 0.00131828 0.06167439
v -0.00485768 0.00153162 0.06167439
v -0.00478625 0.00174205 0.06167439
v -0.00470571 0.00194917 0.06167439
v -0.00461621 0.00215257 0.06167439
v -0.00451792 0.00235188 0.06167439
v -0.00441103 0.00254671 0.06167439
v -0.00429575 0.00273669 0.06167439
v -0.00417229 0.00292147 0.06167439
v -0.00404088 0.00310068 0.06167439
v -0.00390179 0.00327399 0.06167439
v -0.00375527 0.00344107 0.06167439
v -0.00360159 0.00360159 0.06167439
v -0.00344107 0.00375527 0.06167439
v -0.00327399 0.00390179 0.06167439
v -0.00310068 0.00404088 0.06167439
v -0.00292147 0.00417229 0.06167439
v -0.00273669 0.00429575 0.06167439
v -0.00254671 0.00441103 0.06167439
v -0.00235188 0.00451792 0.06167439
v -0.00215257 0.00461621 0.06167439
v -0.00194917 0.00470571 0.06167439
v -0.00174205 0.00478625 0.06167439
v -0.00153162 0.00485768 0.06167439
v -0.00131828 0.00491987 0.06167439
v -0.00110242 0.00497269 0.06167439
v -0.00088446 0.00501604 0.06167439
v -0.00066483 0.00504985 0.06167439
v -0.00044392 0.00507404 0.06167439
v -0.00022217 0.00508858 0.06167439
v -0.00000000 0.00509342 0.06167439
v 0.00022217 0.00508858 0.06167439
v 0.00044392 0.00507404 0.06167439
v 0.00066483 0.00504985 0.06167439
v 0.00088446 0.00501604 0.06167439
v 0.00110242 0.00497269 0.06167439
v 0.00131828 0.00491987 0.06167439
v 0.00153162 0.00485768 0.06167439
v 0.00174205 0.00478625 0.06167439
v 0.00194917 0.00470571 0.06167439
v 0.00215257 0.00461621 0.06167439
v 0.00235188 0.00451792 0.06167439
v 0.00254671 0.00441103 0.06167439
v 0.00273669 0.00429575 0.06167439
v 0.00292147 0.00417229 0.06167439
v 0.00310068 0.00404088 0.06167439
v 0.00327399 0.00390179 0.06167439
v 0.00344107 0.00375527 0.06167439
v 0.00360159 0.00360159 0.06167439
v 0.00375527 0.00344107 0.06167439
v 0.00390179 0.00327399 0.06167439
v 0.00404088 0.00310068 0.06167439
v 0.00417229 0.00292147 0.06167439
v 0.00429575 0.00273669 0.06167439
v 0.00441103 0.00254671 0.06167439
v 0.00451792 0.00235188 0.06167439
v 0.00461621 0.00215257 0.06167439
v 0.00470571 0.00194917 0.06167439
v 0.00478625 0.00174205 0.06167439
v 0.00485768 0.00153162 0.06167439
v 0.00491987 0.00131828 0.06167439
v 0.00497269 0.00110242 0.06167439
v 0.00501604 0.00088446 0.06167439
v 0.00504985 0.00066483 0.06167439
v 0.00507404 0.00044392 0.06167439
v 0.00508858 0.00022217 0.06167439
v 0.00509342 0.00000000 0.06167439
v 0.00339751 -0.00014834 0.06185517
v 0.00338781 -0.00029639 0.06185517
v 0.00337166 -0.00044389 0.06185517
v 0.00334908 -0.00059053 0.06185517
v 0.00332014 -0.00073606 0.06185517
v 0.00328487 -0.00088018 0.06185517
v 0.00324335 -0.00102263 0.06185517
v 0.00319566 -0.00116312 0.06185517
v 0.00314188 -0.00130141 0.06185517
v 0.00308213 -0.00143722 0.06185517
v 0.00301650 -0.00157029 0.06185517
v 0.00294514 -0.00170037 0.06185517
v 0.00286816 -0.00182722 0.06185517
v 0.00278573 -0.00195059 0.06185517
v 0.00269800 -0.00207025 0.06185517
v 0.00260513 -0.00218596 0.06185517
v 0.00250730 -0.00229751 0.06185517
v 0.00240469 -0.00240469 0.06185517
v 0.00229751 -0.00250730 0.06185517
v 0.00218596 -0.00260513 0.06185517
v 0.00207025 -0.00269800 0.06185517
v 0.00195059 -0.00278573 0.06185517
v 0.00182722 -0.00286816 0.06185517
v 0.00170037 -0.00294514 0.06185517
v 0.00157029 -0.00301650 0.06185517
v 0.00143722 -0.00308213 0.06185517
v 0.00130141 -0.00314188 0.06185517
v 0.00116312 -0.00319566 0.06185517
v 0.00102263 -0.00324335 0.06185517
v 0.00088018 -0.00328487 0.06185517
v 0.00073606 -0.00332014 0.06185517
v 0.00059053 -0.00334908 0.06185517
v 0.00044389 -0.00337166 0.06185517
v 0.00029639 -0.00338781 0.06185517
v 0.00014834 -0.00339751 0.06185517
v -0.00000000 -0.00340075 0.06185517
v -0.00014834 -0.00339751 0.06185517
v -0.00029639 -0.00338781 0.06185517
v -0.00044389 -0.00337166 0.06185517
v -0.00059053 -0.00334908 0.06185517
v -0.00073606 -0.00332014 0.06185517
v -0.00088018 -0.00328487 0.06185517
v -0.00102263 -0.00324335 0.06185517
v -0.00116312 -0.00319566 0.06185517
v -0.00130141 -0.00314188 0.06185517
v -0.00143722 -0.00308213 0.06185517
v -0.00157029 -0.00301650 0.06185517
v -0.00170037 -0.00294514 0.06185517
v -0.00182722 -0.00286816 0.06185517
v -0.00195059 -0.00278573 0.06185517
v -0.00207025 -0.00269800 0.06185517
v -0.00218596 -0.00260513 0.06185517
v -0.00229751 -0.00250730 0.06185517
v -0.00240469 -0.00240469 0.06185517
v -0.00250730 -0.00229751 0.06185517
v -0.00260513 -0.00218596 0.06185517
v -0.00269800 -0.00207025 0.06185517
v -0.00278573 -0.00195059 0.06185517
v -0.00286816 -0.00182722 0.06185517
v -0.00294514 -0.00170037 0.06185517
v -0.00301650 -0.00157029 0.06185517
v -0.00308213 -0.00143722 0.06185517
v -0.00314188 -0.00130141 0.06185517
v -0.00319566 -0.00116312 0.06185517
v -0.00324335 -0.00102263 0.06185517
v -0.00328487 -0.00088018 0.06185517
v -0.00332014 -0.00073606 0.06185517
v -0.00334908 -0.00059053 0.06185517
v -0.00337166 -0.00044389 0.06185517
v -0.00338781 -0.00029639 0.06185517
v -0.00339751 -0.00014834 0.06185517
v -0.00340075 -0.00000000 0.06185517
v -0.00339751 0.00014834 0.06185517
v -0.00338781 0.00029639 0.06185517
v -0.00337166 0.00044389 0.06185517
v -0.00334908 0.00059053 0.06185517
v -0.00332014 0.00073606 0.06185517
v -0.00328487 0.00088018 0.06185517
v -0.00324335 0.00102263 0.06185517
v -0.00319566 0.00116312 0.06185517
v -0.00314188 0.00130141 0.06185517
v -0.00308213 0.00143722 0.06185517
v -0.00301650 0.00157029 0.06185517
v -0.00294514 0.00170037 0.06185517
v -0.00286816 0.00182722 0.06185517
v -0.00278573 0.00195059 0.06185517
v -0.00269800 0.00207025 0.06185517
v -0.00260513 0.00218596 0.06185517
v -0.00250730 0.00229751 0.06185517
v -0.00240469 0.00240469 0.06185517
v -0.00229751 0.00250730 0.06185517
v -0.00218596 0.00260513 0.06185517
v -0.00207025 0.00269800 0.06185517
v -0.00195059 0.00278573 0.06185517
v -0.00182722 0.00286816 0.06185517
v -0.00170037 0.00294514 0.06185517
v -0.00157029 0.00301650 0.06185517
v -0.00143722 0.00308213 0.06185517
v -0.00130141 0.00314188 0.06185517
v -0.00116312 0.00319566 0.06185517
v -0.00102263 0.00324335 0.06185517
v -0.00088018 0.00328487 0.06185517
v -0.00073606 0.00332014 0.06185517
v -0.00059053 0.00334908 0.06185517
v -0.00044389 0.00337166 0.06185517
v -0.00029639 0.00338781 0.06185517
v -0.00014834 0.00339751 0.06185517
v -0.00000000 0.00340075 0.06185517
v 0.00014834 0.00339751 0.06185517
v 0.00029639 0.00338781 0.06185517
v 0.00044389 0.00337166 0.06185517
v 0.00059053 0.00334908 0.06185517
v 0.00073606 0.00332014 0.06185517
v 0.00088018 0.00328487 0.06185517
v 0.00102263 0.00324335 0.06185517
v 0.00116312 0.00319566 0.06185517
v 0.00130141 0.00314188 0.06185517
v 0.00143722 0.00308213 0.06185517
v 0.00157029 0.00301650 0.06185517
v 0.00170037 0.00294514 0.06185517
v 0.00182722 0.00286816 0.06185517
v 0.00195059 0.00278573 0.06185517
v 0.00207025 0.00269800 0.06185517
v 0.00218596 0.00260513 0.06185517
v 0.00229751 0.00250730 0.06185517
v 0.00240469 0.00240469 0.06185517
v 0.00250730 0.00229751 0.06185517
v 0.00260513 0.00218596 0.06185517
v 0.00269800 0.00207025 0.06185517
v 0.00278573 0.00195059 0.06185517
v 0.00286816 0.00182722 0.06185517
v 0.00294514 0.00170037 0.06185517
v 0.00301650 0.00157029 0.06185517
v 0.00308213 0.00143722 0.06185517
v 0.00314188 0.00130141 0.06185517
v 0.00319566 0.00116312 0.06185517
v 0.00324335 0.00102263 0.06185517
v 0.00328487 0.00088018 0.06185517
v 0.00332014 0.00073606 0.06185517
v 0.00334908 0.00059053 0.06185517
v 0.00337166 0.00044389 0.06185517
v 0.00338781 0.00029639 0.06185517
v 0.00339751 0.00014834 0.06185517
v 0.00340075 0.00000000 0.06185517
f 3270 3269 3414
f 4860 5005 4861
f 4557 4558 4414
f 18 19 427
f 3736 3881 3737
f 3886 3887 3742
f 4600 4599 4744
f 4456 4599 4600
f 4742 4599 4598
f 4455 4599 4456
f 4318 4174 4173
f 5005 4860 5004
f 4591 4734 4735
f 4735 4736 4591
f 4444 4588 4589
f 3712 3855 3856
f 4556 4557 4412
f 3985 3984 4128
f 4114 4113 4258
f 4970 5113 5114
f 4690 4547 4546
f 4546 4547 4402
f 4548 4547 4692
f 4692 4549 4548
f 4256 4113 4112
f 4109 4108 4252
f 3968 3967 4112
f 323 324 100
f 4413 4557 4414
f 4412 4557 4413
f 16 429 430
f 428 18 427
f 427 19 426
f 439 440 5
f 11 434 10
f 6 439 5
f 438 439 6
f 433 434 11
f 5447 5591 5448
f 5446 5591 5447
f 3028 3027 3172
f 3172 3027 3171
f 3754 3611 3610
f 377 521 522
f 491 51 490
f 3011 3012 2794
f 2794 3010 3011
f 2430 2429 2573
f 3377 3378 3234
f 3378 3235 3234
f 3067 3066 3210
f 3210 3066 3065
f 3065 3209 3210
f 3873 3729 3872
f 3298 3441 3442
f 2795 2794 3012
f 3157 3158 3013
f 3301 3300 3445
f 3301 3158 3157
f 3157 3013 3156
f 3156 3013 3012
f 3156 3301 3157
f 3300 3301 3156
f 3156 3012 3011
f 4897 5041 4898
f 4898 4755 4754
f 4899 4755 4898
f 3595 3594 3739
f 3880 3881 3736
f 3736 3879 3880
f 3735 3879 3736
f 3734 3879 3735
f 3736 3591 3735
f 3735 3591 3734
f 3878 3879 3734
f 4888 4745 4744
f 5459 5458 5603
f 3736 3737 3593
f 3592 3593 3449
f 3592 3591 3736
f 3736 3593 3592
f 3591 3592 3448
f 3448 3449 3304
f 3448 3592 3449
f 3734 3591 3590
f 4897 4898 4753
f 4753 4898 4754
f 4895 4751 4750
f 3744 3599 3743
f 3743 3599 3742
f 3743 3887 3744
f 3743 3742 3887
f 3891 3746 3890
f 3747 3746 3891
f 3892 3748 3891
f 3891 3748 3747
f 3744 3887 3888
f 4744 4599 4743
f 4599 4742 4743
f 4169 4314 4170
f 4311 4455 4456
f 3885 4030 3886
f 3886 3742 3885
f 4319 4175 4174
f 4174 4318 4319
f 4319 4318 4463
f 3884 4027 4028
f 4028 3885 3884
f 4170 4027 4026
f 3414 3557 3558
f 3997 3853 3996
f 3996 3853 3852
f 4429 4286 4285
f 4284 4429 4285
f 4716 4715 4860
f 5438 5439 5294
f 5438 5582 5439
f 5149 5293 5294
f 4567 4422 4566
f 4566 4710 4567
f 4566 4709 4710
f 4567 4710 4711
f 4567 4711 4568
f 4423 4422 4567
f 3422 3278 3277
f 3283 3427 3428
f 3428 3284 3283
f 3428 3573 3429
f 3429 3285 3428
f 3428 3285 3284
f 4592 4736 4593
f 4592 4591 4736
f 4591 4592 4447
f 4444 4589 4445
f 4445 4589 4446
f 4445 4300 4444
f 4734 4591 4590
f 4590 4589 4734
f 4446 4589 4590
f 4590 4447 4446
f 4591 4447 4590
f 4440 4583 4584
f 4584 4583 4728
f 4437 4293 4436
f 4439 4440 4295
f 4583 4440 4439
f 4861 5005 4862
f 5009 5010 4866
f 3568 3567 3712
f 3711 3567 3710
f 3712 3567 3711
f 3710 3855 3711
f 3855 3712 3711
f 3851 3996 3852
f 3852 3708 3851
f 3851 3708 3707
f 3851 3706 3850
f 3707 3706 3851
f 3854 3855 3710
f 3856 4000 3857
f 3857 3712 3856
f 3858 3714 3857
f 4002 4003 3858
f 3858 3857 4002
f 3861 4005 3862
f 3861 3862 3718
f 4145 4144 4288
f 4288 4432 4433
f 4431 4432 4288
f 4290 4433 4434
f 4434 4291 4290
f 4411 4556 4412
f 4554 4410 4553
f 4554 4411 4410
f 3985 4128 4129
f 4273 4129 4272
f 4272 4129 4128
f 4271 4272 4127
f 4127 4272 4128
f 4968 5113 4969
f 4824 4823 4968
f 4968 4823 4967
f 3667 3811 3668
f 3666 3811 3667
f 3668 3523 3667
f 3667 3523 3666
f 3812 3811 3956
f 3956 3957 3812
f 3812 3957 3813
f 3812 3813 3668
f 3668 3811 3812
f 3810 3811 3666
f 3236 3093 3092
f 3237 3093 3236
f 3237 3238 3093
f 3093 3238 3094
f 4690 4689 4834
f 3970 4113 4114
f 3970 3971 3827
f 4825 4968 4969
f 4824 4968 4825
f 4826 4825 4969
f 4969 5113 4826
f 5113 4970 4826
f 5406 5263 5262
f 3681 3825 3682
f 3681 3680 3825
f 4402 4258 4401
f 4691 4547 4690
f 4691 4692 4547
f 3965 4108 4109
f 3965 3964 4108
f 3963 3964 3820
f 4108 3964 3963
f 3963 4107 4108
f 4108 4107 4251
f 4251 4252 4108
f 4395 4252 4251
f 4111 4256 4112
f 4112 3967 4111
f 3967 4110 4111
f 3967 3968 3824
f 3824 3680 3679
f 3825 3680 3824
f 158 107 61
f 61 62 158
f 2986 2769 2985
f 3130 2986 2985
f 2987 2771 2770
f 2770 2769 2987
f 2987 2769 2986
f 2987 2986 3130
f 3270 3414 3271
f 3271 3272 3128
f 3561 3706 3562
f 99 324 325
f 99 100 324
f 202 203 93
f 93 252 202
f 202 252 203
f 6147 6292 6148
f 6145 6001 6000
f 4414 4558 4559
f 4558 4557 4702
f 4702 4559 4558
f 6013 6012 6156
f 6291 6292 6147
f 16 430 15
f 18 428 17
f 17 429 16
f 17 428 429
f 582 439 438
f 438 437 582
f 435 10 434
f 435 9 10
f 438 6 7
f 7 437 438
f 8 437 7
f 12 433 11
f 12 13 432
f 432 433 12
f 3683 3539 3682
f 3682 3827 3683
f 5881 5737 5880
f 5882 5737 5881
f 5593 5737 5594
f 5727 5582 5726
f 2665 3026 3027
f 2665 2808 3026
f 3027 3028 2667
f 3319 3464 3320
f 3174 3318 3319
f 3172 3171 3316
f 3032 3176 3033
f 3029 3028 3172
f 3029 2667 3028
f 4629 4772 4773
f 4347 4346 4490
f 3042 3043 2682
f 3042 2680 3041
f 2681 2680 3042
f 2537 2680 2681
f 3042 2682 2681
f 2681 2682 2537
f 3472 3473 3328
f 3047 3190 3191
f 4195 4338 4339
f 3187 3043 3042
f 3187 3330 3331
f 3474 3330 3473
f 3328 3473 3329
f 3473 3330 3329
f 3619 3762 3763
f 3612 3468 3611
f 3611 3756 3612
f 3755 3611 3754
f 3755 3756 3611
f 5770 5914 5771
f 5769 5914 5770
f 5771 5626 5770
f 5770 5626 5769
f 4909 5054 4910
f 4909 5053 5054
f 4908 4909 4764
f 3486 3342 3341
f 2556 2413 2412
f 151 164 152
f 163 164 115
f 153 59 60
f 183 184 144
f 144 225 183
f 183 225 184
f 3140 2996 2995
f 3140 3285 3141
f 3284 3285 3140
f 3137 3281 3138
f 51 491 52
f 1928 1929 1784
f 1784 1783 1928
f 1783 1927 1928
f 504 361 39
f 2804 3021 2805
f 4805 4806 4661
f 4372 4373 4228
f 4948 4805 4804
f 4804 4805 4661
f 3081 2720 3080
f 3080 2720 2719
f 2719 2720 2575
f 2719 2718 3080
f 2575 2718 2719
f 3367 3368 3223
f 3221 3078 3077
f 3370 3513 3514
f 3513 3368 3512
f 3369 3513 3370
f 3369 3368 3513
f 3664 3663 3808
f 3662 3806 3663
f 3808 3663 3807
f 3663 3806 3807
f 4096 3952 3951
f 3951 3952 3808
f 3808 3807 3951
f 3951 3807 3806
f 3087 3088 2727
f 5823 5968 5824
f 5824 5968 5825
f 5824 5680 5823
f 5825 5680 5824
f 5107 4963 4962
f 4956 5100 4957
f 5100 5101 4957
f 4814 4957 4958
f 4204 4060 4203
f 4202 4346 4347
f 4347 4203 4202
f 3089 3234 3090
f 3089 2727 3088
f 3666 3523 3522
f 3522 3378 3377
f 3377 3521 3522
f 3236 3235 3379
f 3379 3235 3378
f 3378 3522 3379
f 3379 3522 3523
f 2705 3066 3067
f 3065 3066 2705
f 2705 2704 3065
f 3067 3210 3211
f 3211 3210 3355
f 75 76 243
f 74 245 73
f 3630 3774 3775
f 3775 3918 3919
f 3774 3918 3775
f 3008 3007 3151
f 3295 3296 3151
f 3297 3441 3298
f 3297 3296 3441
f 3295 3151 3294
f 3294 3151 3150
f 3730 3729 3874
f 3874 3729 3873
f 4018 4162 4163
f 4163 4019 4018
f 4018 3874 3873
f 4163 4162 4306
f 4164 4165 4021
f 4164 4019 4163
f 4013 4158 4014
f 4014 3870 4013
f 4015 3870 4014
f 4157 4158 4013
f 4015 4014 4159
f 4159 4014 4158
f 4015 3872 3871
f 3871 3870 4015
f 3587 3588 3443
f 3298 3442 3443
f 3586 3442 3441
f 3587 3443 3586
f 3586 3443 3442
f 3586 3729 3730
f 2792 3009 3010
f 3008 3009 2792
f 2792 2791 3008
f 3293 3294 3149
f 3149 3294 3150
f 3004 3149 3005
f 3148 3149 3004
f 3003 3148 3004
f 3718 3719 3575
f 3575 3719 3720
f 3437 3294 3293
f 3437 3436 3580
f 3293 3149 3292
f 3292 3149 3148
f 3292 3437 3293
f 3436 3437 3292
f 2205 2349 2350
f 3287 3288 3143
f 3003 3146 3147
f 3147 3146 3291
f 3147 3148 3003
f 3291 3292 3147
f 3147 3292 3148
f 3291 3146 3290
f 4585 4729 4730
f 4585 4440 4584
f 4584 4728 4585
f 4585 4728 4729
f 4873 5018 4874
f 4873 4728 4872
f 4729 4728 4873
f 4873 4874 4730
f 4730 4729 4873
f 4299 4300 4155
f 3862 4005 4006
f 4150 4151 4006
f 4004 4003 4148
f 4148 4005 4004
f 4152 4151 4295
f 4009 4008 4152
f 2800 3017 3018
f 2796 2795 3012
f 3012 3013 2796
f 2796 2797 2653
f 3158 3301 3302
f 3302 3159 3158
f 3155 3156 3011
f 3893 3748 3892
f 3893 3892 4036
f 3754 3897 3898
f 4756 4755 4899
f 4754 4755 4610
f 4610 4753 4754
f 5042 4898 5041
f 4899 4898 5042
f 4034 3889 4033
f 3890 3889 4034
f 4033 4177 4034
f 4034 3891 3890
f 4178 4034 4177
f 4041 4185 4042
f 4042 3898 4041
f 4041 3898 3897
f 4184 4185 4041
f 4761 4906 4762
f 4905 4906 4761
f 4326 4469 4470
f 4330 4185 4329
f 3018 3017 3162
f 3162 3019 3018
f 3449 3593 3450
f 3450 3593 3594
f 3165 3309 3166
f 3166 3021 3165
f 2806 2662 2805
f 3458 3457 3601
f 3313 3457 3458
f 3604 3459 3603
f 3603 3748 3604
f 3747 3748 3603
f 3603 3746 3747
f 3459 3458 3603
f 3738 3737 3881
f 3738 3739 3594
f 3738 3593 3737
f 3594 3593 3738
f 3883 4027 3884
f 3884 3739 3883
f 4024 3880 3879
f 4020 4164 4021
f 4019 4164 4020
f 4021 4165 4166
f 4310 4311 4166
f 4166 4311 4167
f 3879 3878 4023
f 4023 4024 3879
f 4167 4024 4023
f 4023 4166 4167
f 5187 5331 5188
f 5026 5025 5170
f 5170 5025 5169
f 5169 5025 5168
f 5169 5313 5170
f 5168 5313 5169
f 4593 4736 4737
f 4737 4738 4593
f 5176 5175 5320
f 5031 5174 5175
f 5031 5175 5176
f 5180 5181 5036
f 5460 5459 5603
f 3734 3590 3589
f 3588 3732 3589
f 5181 5325 5182
f 5182 5325 5326
f 5326 5325 5470
f 3453 3309 3452
f 3742 3599 3598
f 3598 3597 3742
f 3598 3455 3454
f 3599 3455 3598
f 3454 3453 3598
f 3598 3453 3597
f 3595 3739 3596
f 3596 3453 3452
f 3597 3453 3596
f 3600 3599 3744
f 3312 3455 3456
f 3313 3312 3456
f 3456 3457 3313
f 3601 3457 3456
f 3456 3600 3601
f 3456 3455 3599
f 3599 3600 3456
f 3312 3167 3311
f 3311 3455 3312
f 3745 3889 3890
f 3890 3746 3745
f 3744 3888 3745
f 3745 3888 3889
f 3601 3600 3745
f 3745 3600 3744
f 4032 3888 3887
f 4032 4177 4033
f 4033 3889 4032
f 3889 3888 4032
f 4601 4745 4602
f 4456 4600 4601
f 4601 4457 4456
f 4601 4600 4744
f 4744 4745 4601
f 4458 4601 4602
f 4457 4601 4458
f 4886 4742 4885
f 4742 4741 4885
f 4885 5028 5029
f 4887 5031 4888
f 4887 4742 4886
f 4887 4743 4742
f 4887 4888 4744
f 4744 4743 4887
f 4749 4893 4750
f 4748 4893 4749
f 4892 4893 4748
f 4314 4169 4313
f 4313 4458 4314
f 4457 4458 4313
f 4177 4032 4176
f 4173 4028 4172
f 4172 4028 4027
f 4030 3885 4029
f 3885 4028 4029
f 4029 4028 4173
f 4173 4174 4029
f 4174 4030 4029
f 3850 3706 3849
f 3994 3850 3849
f 3702 3558 3557
f 3703 3558 3702
f 3996 3851 3995
f 3995 3850 3994
f 3995 3851 3850
f 4431 4286 4430
f 4286 4429 4430
f 4139 4284 4140
f 4140 3995 4139
f 3996 3995 4140
f 4860 4715 4859
f 4859 5004 4860
f 4861 4862 4717
f 4717 4860 4861
f 4717 4716 4860
f 4715 4716 4572
f 4716 4717 4572
f 5439 5582 5583
f 5582 5727 5583
f 5294 5293 5437
f 5437 5438 5294
f 5582 5438 5437
f 4715 4570 4714
f 4714 4859 4715
f 4858 4859 4714
f 4425 4568 4569
f 4569 4570 4425
f 4713 4714 4569
f 4569 4714 4570
f 4426 4570 4427
f 4425 4570 4426
f 4427 4282 4426
f 4426 4282 4425
f 4283 4284 4139
f 4427 4284 4283
f 4283 4282 4427
f 4138 3995 3994
f 4139 3995 4138
f 4138 4283 4139
f 4282 4283 4138
f 4425 4282 4281
f 4424 4568 4425
f 4567 4568 4424
f 4424 4423 4567
f 4423 4424 4279
f 3566 3422 3565
f 3567 3422 3566
f 3710 3567 3566
f 3423 3422 3567
f 3423 3568 3424
f 3567 3568 3423
f 3278 3422 3423
f 3423 3279 3278
f 3136 2992 2991
f 3136 3281 3137
f 3277 3278 3133
f 3278 3134 3133
f 3278 3279 3135
f 3135 3134 3278
f 2991 3134 3135
f 3135 3136 2991
f 3421 3422 3277
f 3277 3420 3421
f 3565 3422 3421
f 3421 3420 3565
f 3276 3420 3277
f 3277 3133 3276
f 3276 3133 3132
f 3419 3420 3276
f 3571 3427 3570
f 3427 3426 3570
f 3286 3285 3429
f 3287 3143 3286
f 4879 4736 4735
f 4880 4736 4879
f 4735 4734 4879
f 4734 4878 4879
f 5024 5025 4880
f 4880 4879 5024
f 5024 4879 5023
f 5168 5025 5024
f 5024 5023 5168
f 5600 5744 5745
f 5170 5313 5314
f 5314 5313 5458
f 5458 5459 5314
f 5458 5313 5457
f 5457 5313 5456
f 4734 4589 4733
f 5019 5018 5163
f 4295 4440 4296
f 4296 4152 4295
f 4297 4152 4296
f 4727 4583 4726
f 4727 4728 4583
f 4149 4005 4148
f 4150 4006 4149
f 4149 4006 4005
f 4292 4149 4148
f 4293 4149 4292
f 4292 4436 4293
f 4295 4151 4294
f 4294 4151 4150
f 4294 4293 4437
f 4150 4149 4294
f 4294 4149 4293
f 4437 4436 4581
f 4581 4725 4726
f 4726 4583 4582
f 4582 4581 4726
f 3852 3853 3709
f 3709 3708 3852
f 3709 3854 3710
f 3853 3854 3709
f 3709 3566 3565
f 3710 3566 3709
f 3565 3420 3564
f 3564 3709 3565
f 3708 3709 3564
f 3712 3857 3713
f 3713 3857 3714
f 3714 3570 3713
f 4001 3857 4000
f 4001 4002 3857
f 4145 4002 4001
f 4001 4144 4145
f 4001 4000 4144
f 3858 4003 3859
f 4433 4432 4576
f 4431 4575 4576
f 4576 4432 4431
f 4287 4286 4431
f 4431 4288 4287
f 4287 4288 4144
f 4289 4288 4433
f 4433 4290 4289
f 4145 4288 4289
f 4289 4290 4145
f 4146 4002 4145
f 4145 4290 4146
f 4003 4002 4146
f 4146 4290 4291
f 4412 4413 4269
f 4267 4411 4412
f 4266 4410 4267
f 4410 4411 4267
f 4698 4554 4553
f 4698 4843 4699
f 4698 4842 4843
f 4556 4411 4555
f 4411 4554 4555
f 4555 4698 4699
f 4554 4698 4555
f 4265 4410 4266
f 4553 4410 4409
f 4409 4408 4553
f 4410 4265 4409
f 4119 4262 4263
f 4263 4262 4407
f 3258 3113 3257
f 3401 3258 3257
f 3402 3258 3401
f 2752 2753 2609
f 2753 2754 2609
f 2971 2754 2970
f 2970 2754 2753
f 2970 2753 2752
f 3115 3258 3259
f 3259 3260 3115
f 3115 3260 3116
f 2971 2970 3115
f 2971 3115 2972
f 2972 3115 3116
f 2972 2754 2971
f 2969 2970 2752
f 3113 2970 2969
f 2756 2972 2973
f 3117 3260 3261
f 3116 3260 3117
f 2973 2972 3117
f 3117 2972 3116
f 2974 2756 2973
f 2757 2756 2974
f 2973 3117 2974
f 2974 3117 3118
f 2974 3118 2975
f 3985 4129 4130
f 4130 4129 4273
f 3987 4131 3988
f 3987 4130 4131
f 3261 3260 3405
f 3550 3406 3405
f 3262 3117 3261
f 3118 3117 3262
f 3261 3405 3262
f 3262 3405 3406
f 2981 2763 2980
f 2975 3118 3119
f 3119 3262 3263
f 3118 3262 3119
f 4708 4709 4565
f 4709 4566 4565
f 4565 4566 4422
f 4967 4823 4822
f 4680 4823 4824
f 4824 4825 4680
f 5113 4968 5112
f 5112 4968 4967
f 4102 4246 4103
f 4103 4246 4247
f 4248 4103 4247
f 4961 4962 4817
f 4816 4960 4817
f 4817 4960 4961
f 4242 4241 4386
f 4532 4533 4388
f 4247 4246 4391
f 4245 4244 4388
f 4102 3957 4101
f 4101 4246 4102
f 4101 4245 4246
f 2162 2305 2306
f 3677 3534 3533
f 3090 3234 3091
f 3091 3234 3235
f 3091 3235 3236
f 3236 3092 3091
f 3095 3238 3239
f 3095 3094 3238
f 3096 2735 3095
f 2737 2593 2592
f 2736 2735 3096
f 3096 3097 2736
f 2736 2592 2735
f 2737 2592 2736
f 2954 2955 2737
f 2737 2736 2954
f 2954 2736 3097
f 5560 5704 5705
f 5559 5704 5560
f 5271 5270 5415
f 5415 5272 5271
f 5413 5270 5269
f 5269 5270 5126
f 5703 5559 5702
f 5703 5704 5559
f 5710 5566 5709
f 4113 3970 3969
f 4112 4113 3969
f 3969 3968 4112
f 3825 3824 3969
f 3969 3824 3968
f 3826 3970 3827
f 3682 3825 3826
f 3826 3827 3682
f 3825 3969 3826
f 3826 3969 3970
f 4259 4258 4402
f 3973 3829 3972
f 4682 4826 4683
f 4825 4826 4682
f 5114 5113 5257
f 4827 4826 4970
f 4970 4971 4827
f 4683 4826 4827
f 4684 4683 4827
f 4544 4689 4545
f 4545 4546 4402
f 4402 4401 4545
f 4690 4546 4545
f 4545 4689 4690
f 4544 4545 4400
f 4400 4545 4401
f 4257 4401 4258
f 4257 4258 4113
f 4113 4256 4257
f 4256 4400 4257
f 4257 4400 4401
f 4834 4979 4835
f 4836 4692 4835
f 4692 4691 4835
f 4690 4834 4835
f 4835 4691 4690
f 4684 4829 4685
f 4685 4829 4686
f 4972 4827 4971
f 4686 4829 4830
f 4688 4689 4544
f 4109 4110 3966
f 3966 3965 4109
f 3966 4110 3967
f 3820 3964 3821
f 3964 3965 3821
f 3965 3966 3821
f 4107 3963 4106
f 4254 4110 4109
f 3823 3824 3679
f 3967 3824 3823
f 174 88 173
f 176 157 175
f 159 107 158
f 179 159 178
f 2768 2985 2769
f 2768 2767 2985
f 3130 2985 3129
f 3129 2985 3128
f 2988 2987 3132
f 2771 2987 2988
f 3132 3133 2988
f 3131 2987 3130
f 3132 2987 3131
f 3131 3276 3132
f 3130 3274 3131
f 3415 3271 3414
f 3272 3271 3415
f 3414 3558 3415
f 3127 3271 3128
f 3270 3271 3127
f 3128 3272 3273
f 3273 3129 3128
f 3273 3274 3130
f 3130 3129 3273
f 323 100 101
f 101 322 323
f 95 250 251
f 330 329 459
f 330 331 252
f 459 331 330
f 330 252 251
f 251 329 330
f 4415 4559 4560
f 4415 4272 4271
f 4414 4559 4415
f 4557 4556 4700
f 4699 4843 4700
f 4700 4555 4699
f 4556 4555 4700
f 4559 4702 4703
f 4560 4559 4703
f 4703 4702 4846
f 6156 6012 6155
f 6161 6016 6160
f 6162 6163 6018
f 6018 6161 6162
f 6306 6163 6162
f 6162 6161 6306
f 6157 6013 6156
f 5870 5727 5726
f 5871 5727 5870
f 2302 2303 2158
f 431 15 430
f 3094 3095 2733
f 3093 3094 2733
f 21 425 20
f 20 426 19
f 20 425 426
f 424 425 21
f 424 21 1
f 1 423 424
f 9 435 436
f 8 9 436
f 436 437 8
f 3688 3831 3832
f 3828 3972 3829
f 3827 3971 3828
f 3971 3972 3828
f 3684 3828 3829
f 3539 3683 3684
f 3684 3683 3827
f 3827 3828 3684
f 2746 2745 2963
f 2963 3106 3107
f 3251 3252 3107
f 3107 3252 3108
f 2964 2746 2963
f 2747 2746 2964
f 2963 3107 2964
f 2964 3107 3108
f 2964 3108 2965
f 3251 3107 3250
f 3250 3107 3106
f 3251 3395 3396
f 3396 3252 3251
f 3396 3395 3539
f 3679 3534 3678
f 3678 3534 3677
f 3677 3821 3678
f 2811 2830 2829
f 5887 5886 6030
f 5887 5744 5743
f 5883 5740 5739
f 5295 5151 5294
f 5294 5439 5295
f 5150 5149 5294
f 5294 5151 5150
f 5005 5149 5150
f 5007 5151 5152
f 5152 5295 5296
f 5151 5295 5152
f 5297 5152 5296
f 5585 5441 5440
f 5439 5583 5440
f 5440 5295 5439
f 5296 5295 5440
f 5440 5297 5296
f 5441 5297 5440
f 5883 5882 6026
f 6026 5882 5881
f 5592 5448 5591
f 5737 5593 5592
f 4871 4727 4726
f 4872 4728 4871
f 4728 4727 4871
f 5448 5592 5449
f 5449 5592 5593
f 5449 5304 5448
f 5449 5593 5594
f 5594 5450 5449
f 5728 5727 5871
f 5728 5873 5729
f 5729 5585 5728
f 5728 5583 5727
f 5873 6016 6017
f 6017 6161 6018
f 6017 6016 6161
f 5871 6016 5872
f 5872 6016 5873
f 5872 5728 5871
f 5873 5728 5872
f 6159 6160 6015
f 6015 6160 6016
f 6015 6016 5871
f 5871 5870 6015
f 2808 2665 2664
f 2666 2665 3027
f 3027 2667 2666
f 366 33 34
f 3033 3176 3177
f 3177 3178 3033
f 2674 2673 3035
f 2530 2673 2674
f 2529 2673 2530
f 3033 3178 3034
f 3034 2673 3033
f 3034 3178 3035
f 3035 2673 3034
f 3033 2673 2672
f 2671 3032 2672
f 2672 3032 3033
f 3174 3319 3175
f 3320 3176 3175
f 3175 3319 3320
f 3748 3893 3749
f 3460 3459 3604
f 3460 3316 3459
f 3030 3029 3174
f 3173 3029 3172
f 3174 3029 3173
f 2667 3029 2668
f 4918 4773 4917
f 4917 4773 4772
f 4485 4629 4486
f 4485 4484 4629
f 4486 4342 4485
f 4339 4484 4340
f 4340 4195 4339
f 4196 4195 4340
f 4771 4772 4627
f 5063 5207 5064
f 5064 5207 5208
f 4629 4773 4774
f 4774 4773 4918
f 4918 4775 4774
f 3043 3187 3044
f 3044 3187 3188
f 3044 2682 3043
f 2394 2537 2538
f 2537 2682 2538
f 3903 3902 4047
f 3901 3902 3758
f 4047 3902 4046
f 4046 3902 3901
f 3471 3472 3328
f 3040 3041 2680
f 2680 2679 3040
f 3182 3183 3039
f 2394 2251 2250
f 2684 3044 3045
f 3045 3044 3189
f 3189 3044 3188
f 3334 3479 3335
f 3334 3189 3333
f 3190 3189 3334
f 3335 3191 3334
f 3334 3191 3190
f 3333 3477 3334
f 3046 2684 3045
f 2685 2684 3046
f 3045 3189 3046
f 3046 3189 3190
f 3046 3190 3047
f 4631 4774 4775
f 4633 4490 4489
f 4489 4488 4633
f 4489 4490 4346
f 3625 3482 3481
f 3908 4053 3909
f 3909 4053 4054
f 4197 4053 4196
f 4196 4053 4052
f 4051 4195 4052
f 4052 4195 4196
f 4052 3908 4051
f 4052 4053 3908
f 3186 3187 3042
f 3330 3187 3186
f 3331 3330 3475
f 3330 3474 3475
f 3332 3187 3331
f 3188 3187 3332
f 3331 3475 3332
f 3332 3475 3476
f 3333 3189 3332
f 3332 3189 3188
f 3332 3477 3333
f 3332 3476 3477
f 3761 3906 3762
f 3616 3471 3615
f 3472 3471 3616
f 3473 3472 3616
f 3616 3617 3473
f 3760 3761 3616
f 3616 3761 3617
f 3618 3762 3619
f 3618 3761 3762
f 3617 3761 3618
f 3619 3475 3618
f 3618 3475 3474
f 3618 3474 3473
f 3473 3617 3618
f 3619 3763 3764
f 4051 3908 3907
f 3907 3906 4051
f 3908 3764 3907
f 3907 3764 3763
f 3762 3906 3907
f 3907 3763 3762
f 3038 3182 3039
f 3039 3040 2678
f 2678 3040 2679
f 2678 3038 3039
f 2677 3038 2678
f 1526 1670 1671
f 57 56 372
f 3607 3606 3751
f 3751 3608 3607
f 3752 3608 3751
f 3466 3610 3611
f 3466 3465 3610
f 3610 3465 3609
f 3754 3610 3609
f 3464 3608 3609
f 3609 3465 3464
f 3608 3752 3609
f 4479 4334 4478
f 3901 3756 3900
f 3900 4044 3901
f 4042 4187 4043
f 4044 3900 4043
f 4042 4185 4186
f 4186 4187 4042
f 4186 4185 4330
f 4330 4187 4186
f 4044 4043 4188
f 4188 4043 4187
f 6937 7081 7082
f 5630 5773 5774
f 5771 5914 5915
f 5774 5773 5918
f 5918 5919 5774
f 6212 6069 6068
f 6068 6069 5924
f 5193 5192 5336
f 5193 5338 5194
f 5049 4906 4905
f 5336 5192 5191
f 5484 5339 5483
f 5045 5188 5189
f 5044 5188 5045
f 4615 4759 4760
f 5769 5626 5625
f 5625 5624 5769
f 5478 5623 5479
f 5340 5339 5484
f 5340 5196 5339
f 5054 5053 5197
f 4912 5055 5056
f 4768 4767 4912
f 5199 5055 5054
f 5199 5200 5056
f 5056 5055 5199
f 4482 4625 4626
f 4339 4338 4482
f 4048 3903 4047
f 4766 4909 4910
f 4768 4625 4624
f 3342 3199 3198
f 3054 3053 3198
f 3053 3197 3198
f 3341 3342 3198
f 3198 3197 3341
f 3054 3198 3055
f 3055 3198 3199
f 3200 3056 3055
f 3055 3199 3200
f 3056 2695 3055
f 3485 3484 3628
f 3485 3486 3341
f 3487 3486 3630
f 3632 3488 3487
f 2412 2413 2269
f 2269 2268 2412
f 2412 2268 2267
f 161 112 187
f 187 162 161
f 161 162 112
f 112 162 113
f 113 162 163
f 163 115 113
f 164 151 116
f 116 115 164
f 116 151 152
f 82 83 168
f 154 83 84
f 84 153 154
f 59 153 84
f 154 168 155
f 155 83 154
f 168 83 155
f 2692 3053 3054
f 1095 952 951
f 951 950 1095
f 184 225 226
f 222 221 284
f 221 283 284
f 287 286 387
f 287 225 224
f 224 286 287
f 2991 2992 2775
f 907 762 906
f 1483 1482 1627
f 2780 2996 2997
f 2997 3140 3141
f 2996 3140 2997
f 3139 3138 3283
f 2995 3138 3139
f 3139 3140 2995
f 3283 3284 3139
f 3284 3140 3139
f 3281 3426 3282
f 3282 3138 3281
f 3283 3138 3282
f 3282 3427 3283
f 3282 3426 3427
f 2994 3138 2995
f 2995 2777 2994
f 923 779 922
f 54 493 494
f 53 493 54
f 54 494 50
f 50 494 495
f 497 48 496
f 497 498 47
f 47 48 497
f 3005 3149 3006
f 3006 3149 3150
f 3006 3151 3007
f 3150 3151 3006
f 2788 3004 3005
f 2787 3004 2788
f 3005 3006 2788
f 2788 3006 2789
f 2788 2643 2787
f 3014 3013 3158
f 3014 2796 3013
f 2797 2796 3014
f 3014 3159 3015
f 3158 3159 3014
f 3015 2798 3014
f 2798 2797 3014
f 2077 2220 2221
f 2070 1927 1926
f 1926 1925 2070
f 2790 3007 3008
f 3008 2791 2790
f 2790 3006 3007
f 2789 3006 2790
f 1929 1928 2072
f 2072 1928 1927
f 1784 1929 1785
f 40 504 39
f 2376 2375 2520
f 1800 1799 1944
f 1803 1804 1660
f 1948 1804 1803
f 1515 1372 1371
f 2660 2804 2805
f 3306 3450 3307
f 7703 2952 7704
f 7560 7703 7704
f 7416 7560 7417
f 7286 7429 7430
f 6399 6400 6255
f 6400 6399 6544
f 5696 5551 5695
f 6508 6652 6509
f 6801 6945 6802
f 6801 6944 6945
f 4375 4518 4519
f 4661 4806 4662
f 4662 4518 4661
f 4662 4519 4518
f 5092 5093 4948
f 4949 4805 4948
f 4948 5093 4949
f 4806 4805 4949
f 4808 4665 4664
f 4952 4953 4808
f 4508 4653 4509
f 5080 5079 5224
f 4935 5078 5079
f 5079 5080 4935
f 3355 3210 3354
f 4370 4513 4514
f 4375 4376 4231
f 4517 4372 4516
f 4517 4373 4372
f 4518 4373 4517
f 4516 4661 4517
f 4661 4518 4517
f 3943 3942 4087
f 4229 4228 4373
f 4370 4371 4227
f 4227 4371 4372
f 4372 4228 4227
f 3940 3939 4084
f 4084 4227 4228
f 3794 3938 3795
f 3795 3938 3939
f 3652 3651 3795
f 4370 4225 4369
f 4369 4513 4370
f 4369 4368 4513
f 4367 4368 4224
f 4368 4369 4224
f 4224 4369 4225
f 4799 4655 4798
f 4947 4946 5090
f 4799 4798 4943
f 4943 4798 4942
f 4943 4942 5087
f 3509 3508 3652
f 2430 2573 2574
f 2573 2718 2574
f 2574 2575 2430
f 2574 2718 2575
f 2717 2718 2573
f 3078 2718 2717
f 3080 2718 3079
f 3079 3223 3080
f 3079 2718 3078
f 3078 3223 3079
f 3222 3223 3078
f 3078 3221 3222
f 4091 3948 3947
f 3804 3948 3949
f 4092 3948 4091
f 3949 3948 4092
f 3370 3514 3515
f 3658 3514 3513
f 3658 3801 3802
f 3659 3515 3658
f 3658 3515 3514
f 2720 3081 3082
f 3082 2721 2720
f 3655 3800 3656
f 3800 3801 3656
f 3513 3512 3656
f 3655 3656 3511
f 3511 3656 3512
f 3511 3368 3367
f 3511 3512 3368
f 3080 3223 3224
f 3224 3223 3368
f 1134 990 1133
f 1133 1278 1134
f 315 316 65
f 704 705 561
f 561 560 704
f 3083 3084 2722
f 2722 3082 3083
f 2721 3082 2722
f 3520 3664 3521
f 3663 3664 3520
f 4524 4380 4523
f 3518 3662 3663
f 4095 4239 4096
f 4096 3951 4095
f 4240 4241 4096
f 4096 4239 4240
f 4384 4241 4240
f 4240 4239 4384
f 4238 4095 4094
f 4239 4095 4238
f 3950 3806 3949
f 3950 3951 3806
f 3949 4094 3950
f 4094 4095 3950
f 3950 4095 3951
f 5820 5821 5676
f 5967 5968 5823
f 5964 5821 5820
f 5820 5963 5964
f 5807 5663 5662
f 5087 5232 5088
f 5088 4943 5087
f 4944 4943 5088
f 5940 5941 5797
f 5940 5795 5939
f 5797 5941 5942
f 5394 5250 5249
f 5248 5392 5249
f 5251 5250 5394
f 5535 5391 5534
f 4819 4962 4963
f 5681 5680 5825
f 5825 5682 5681
f 5534 5391 5390
f 5391 5246 5390
f 5245 5101 5100
f 5098 5099 4954
f 4954 4811 4810
f 5100 5099 5243
f 5098 5242 5243
f 5243 5099 5098
f 4664 4665 4520
f 4520 4519 4664
f 4520 4376 4375
f 4375 4519 4520
f 4956 4957 4812
f 4666 4665 4810
f 5071 4927 4926
f 4928 4927 5071
f 4929 4928 5073
f 6083 6226 6227
f 6083 5940 5939
f 6087 5942 6086
f 5509 5366 5365
f 5797 5942 5798
f 5798 5942 5799
f 3916 4060 4061
f 3919 3918 4063
f 1864 2007 2008
f 709 566 565
f 422 25 421
f 422 566 423
f 421 565 422
f 422 565 566
f 1143 999 998
f 3232 3089 3088
f 3232 3088 3087
f 2727 3089 2728
f 2728 3089 3090
f 3236 3379 3380
f 3380 3379 3523
f 243 76 201
f 197 170 196
f 3067 2707 2706
f 2706 2705 3067
f 3790 3646 3645
f 3360 3359 3504
f 3504 3359 3503
f 3794 3649 3793
f 244 75 243
f 74 75 244
f 244 245 74
f 245 244 307
f 246 247 72
f 246 73 245
f 245 307 246
f 72 73 246
f 309 310 71
f 71 247 309
f 72 247 71
f 2428 2573 2429
f 2428 2572 2573
f 990 847 846
f 68 69 312
f 312 313 68
f 421 25 24
f 3489 3488 3632
f 3057 3201 3202
f 3202 3058 3057
f 3057 3056 3200
f 3200 3201 3057
f 3057 2695 3056
f 3065 2704 2703
f 2703 3064 3065
f 2703 2704 2560
f 6871 6872 6727
f 3153 3297 3298
f 3010 3009 3153
f 3153 3009 3008
f 3296 3297 3153
f 3295 3294 3439
f 3439 3296 3295
f 3583 3439 3582
f 3584 3439 3583
f 3729 3584 3728
f 3728 3872 3729
f 3728 3583 3727
f 3584 3583 3728
f 3727 3871 3728
f 3728 3871 3872
f 4016 3872 4015
f 4015 4159 4016
f 4017 4161 4162
f 4162 4018 4017
f 4017 4018 3873
f 3873 3872 4017
f 3872 4016 4017
f 4598 4599 4454
f 4599 4455 4454
f 4310 4453 4454
f 4454 4311 4310
f 4455 4311 4454
f 4597 4742 4598
f 4597 4741 4742
f 4598 4454 4597
f 4597 4454 4453
f 4597 4453 4452
f 4309 4453 4310
f 4310 4166 4309
f 4309 4166 4165
f 4593 4738 4594
f 4448 4447 4592
f 4448 4592 4593
f 4593 4449 4448
f 4163 4306 4307
f 4162 4161 4305
f 4305 4306 4162
f 4449 4306 4305
f 4304 4448 4305
f 4305 4448 4449
f 4154 4010 4009
f 4011 4012 3867
f 4155 4012 4011
f 4011 4154 4155
f 4010 4154 4011
f 3577 3722 3578
f 3435 3292 3291
f 3436 3292 3435
f 3291 3290 3435
f 3580 3436 3435
f 4013 4012 4156
f 4156 4157 4013
f 4156 4012 4155
f 4155 4300 4156
f 4300 4445 4301
f 4301 4156 4300
f 4157 4156 4301
f 4158 4157 4301
f 4301 4445 4446
f 4446 4447 4303
f 4304 4159 4303
f 4303 4448 4304
f 4447 4448 4303
f 3582 3725 3726
f 3727 3583 3726
f 3726 3583 3582
f 3726 3725 3870
f 3726 3871 3727
f 3870 3871 3726
f 3869 4012 4013
f 4013 3870 3869
f 3870 3725 3869
f 3445 3300 3444
f 3300 3443 3444
f 3444 3443 3588
f 3444 3589 3445
f 3588 3589 3444
f 3585 3584 3729
f 3729 3586 3585
f 3441 3584 3585
f 3585 3586 3441
f 2648 2792 2649
f 2649 2792 2793
f 2793 2792 3010
f 2793 2794 2649
f 3010 2794 2793
f 3574 3573 3718
f 3718 3575 3574
f 3429 3573 3574
f 3721 3577 3720
f 3722 3577 3721
f 3578 3722 3723
f 3866 4011 3867
f 4010 4011 3866
f 3867 3723 3866
f 3866 3723 3722
f 3581 3437 3580
f 3582 3437 3581
f 3580 3725 3581
f 3581 3725 3582
f 2494 2349 2493
f 2494 2350 2349
f 2494 2495 2350
f 3576 3575 3720
f 3720 3577 3576
f 3432 3288 3287
f 3575 3576 3432
f 3432 3577 3433
f 3432 3576 3577
f 3000 3143 3144
f 3144 3143 3288
f 4440 4585 4441
f 4297 4296 4441
f 4441 4296 4440
f 5161 5018 5017
f 5018 4873 5017
f 4005 3861 3860
f 3860 4004 4005
f 4003 4004 3860
f 3860 3859 4003
f 3862 4006 3863
f 3718 3862 3863
f 3863 3719 3718
f 3720 3719 3863
f 3863 3864 3720
f 4007 4006 4151
f 4151 4152 4007
f 4007 4152 4008
f 4007 3863 4006
f 4007 4008 3864
f 3864 3863 4007
f 2369 2512 2513
f 2513 2370 2369
f 3161 3162 3017
f 3160 3159 3304
f 3015 3159 3160
f 3160 3016 3015
f 3017 3016 3160
f 3160 3161 3017
f 2512 2369 2368
f 2801 2800 3018
f 3018 3019 2801
f 3019 2802 2801
f 2513 2512 2656
f 2799 3016 3017
f 3017 2800 2799
f 2799 2798 3015
f 3015 3016 2799
f 2800 2656 2799
f 2652 2796 2653
f 3591 3448 3447
f 3299 3443 3300
f 3300 3156 3299
f 3156 3155 3299
f 3298 3443 3299
f 3299 3155 3298
f 4037 4181 4038
f 4037 3893 4036
f 4038 3893 4037
f 4325 4469 4326
f 4326 4181 4325
f 4184 4183 4328
f 4472 4329 4328
f 4328 4185 4184
f 4328 4329 4185
f 4182 4181 4326
f 4038 4181 4182
f 3750 3749 3893
f 3751 3606 3750
f 3606 3749 3750
f 4899 5044 4900
f 4900 4756 4899
f 5044 5045 4900
f 4755 4756 4612
f 4466 4610 4467
f 4465 4610 4466
f 4609 4610 4465
f 4753 4610 4609
f 5043 5044 4899
f 4899 5042 5043
f 5043 5042 5187
f 5187 5188 5043
f 5043 5188 5044
f 3891 4034 4035
f 4035 4178 4179
f 4034 4178 4035
f 4036 3892 4035
f 3892 3891 4035
f 4184 4041 4040
f 4616 4760 4761
f 4616 4472 4615
f 4615 4760 4616
f 4331 4187 4330
f 4331 4188 4187
f 4620 4764 4621
f 4330 4329 4473
f 4473 4329 4472
f 3023 3166 3167
f 3023 2806 2805
f 3313 3458 3314
f 3314 3458 3459
f 3746 3603 3602
f 3601 3745 3602
f 3602 3745 3746
f 3602 3458 3601
f 3602 3603 3458
f 3739 3738 3882
f 3882 3883 3739
f 3882 3738 3881
f 3882 4026 4027
f 4027 3883 3882
f 4168 4024 4167
f 4169 4024 4168
f 3881 3880 4025
f 3880 4024 4025
f 4025 3882 3881
f 4026 3882 4025
f 4025 4024 4169
f 4025 4169 4170
f 4170 4026 4025
f 3734 3589 3733
f 3733 3589 3732
f 3731 3586 3730
f 3587 3586 3731
f 3731 3588 3587
f 3731 3732 3588
f 4022 4023 3878
f 4021 4166 4022
f 4166 4023 4022
f 6169 6314 6170
f 6170 6026 6169
f 6168 6024 6167
f 6168 6169 6024
f 6022 6165 6166
f 6166 6167 6022
f 6310 6167 6166
f 2811 2873 2872
f 6607 6606 6751
f 6751 6608 6607
f 6466 6610 6467
f 6884 7027 7028
f 7028 7027 7172
f 6751 6606 6750
f 5187 5042 5186
f 5186 5042 5041
f 5041 5185 5186
f 5189 5188 5333
f 5616 5759 5760
f 5027 5028 4883
f 4881 4736 4880
f 4881 4737 4736
f 4880 5025 4881
f 5888 5744 5887
f 5745 5744 5888
f 5749 5894 5750
f 5893 5894 5749
f 5750 5606 5749
f 5611 5610 5754
f 5611 5466 5610
f 5611 5612 5468
f 5610 5466 5609
f 5464 5608 5609
f 5607 5606 5750
f 5607 5608 5464
f 5462 5606 5607
f 6041 5897 6040
f 6040 5897 5896
f 5029 5028 5173
f 5028 5172 5173
f 5173 5172 5317
f 5317 5174 5173
f 5318 5174 5317
f 5321 5466 5322
f 5321 5320 5464
f 5032 5031 5176
f 4888 5031 5032
f 5030 4885 5029
f 4886 4885 5030
f 5174 5031 5030
f 5030 4887 4886
f 5031 4887 5030
f 5029 5173 5030
f 5030 5173 5174
f 5467 5611 5468
f 5466 5611 5467
f 5324 5325 5181
f 5181 5180 5324
f 5461 5606 5462
f 5461 5318 5317
f 5462 5318 5461
f 5184 5185 5041
f 5041 5040 5184
f 5184 5040 5183
f 4896 5041 4897
f 4896 5040 5041
f 4895 5040 4896
f 4897 4753 4896
f 4753 4752 4896
f 4751 4895 4896
f 4896 4752 4751
f 5468 5612 5469
f 5469 5470 5325
f 5469 5324 5468
f 5325 5324 5469
f 3740 3739 3884
f 3740 3596 3739
f 3884 3885 3740
f 3167 3166 3310
f 3310 3311 3167
f 3310 3166 3309
f 3454 3455 3310
f 3455 3311 3310
f 3310 3453 3454
f 3309 3453 3310
f 4031 4032 3887
f 4031 3887 3886
f 3886 4030 4031
f 4031 4030 4174
f 4174 4175 4031
f 4175 4176 4031
f 4031 4176 4032
f 4883 5028 4884
f 5028 4885 4884
f 4745 4888 4889
f 4889 4890 4745
f 4747 4890 4891
f 4748 4604 4747
f 4747 4892 4748
f 4891 4892 4747
f 4891 4890 5035
f 5036 4892 5035
f 5035 4892 4891
f 4317 4318 4173
f 4748 4749 4605
f 4605 4604 4748
f 4605 4749 4750
f 4456 4457 4312
f 4457 4313 4312
f 4312 4311 4456
f 4167 4311 4312
f 4312 4168 4167
f 4312 4313 4169
f 4169 4168 4312
f 4320 4319 4463
f 4463 4464 4320
f 4175 4319 4320
f 4320 4176 4175
f 4177 4176 4320
f 4320 4464 4465
f 4171 4027 4170
f 4171 4172 4027
f 4315 4172 4171
f 4170 4314 4171
f 4314 4315 4171
f 3706 3561 3705
f 3705 3849 3706
f 3988 4131 4132
f 4131 4276 4132
f 3849 3705 3704
f 3990 3989 4134
f 3413 3414 3269
f 3413 3557 3414
f 3268 3413 3269
f 3412 3413 3268
f 3700 3557 3556
f 3557 3413 3556
f 3556 3413 3412
f 3698 3699 3555
f 3555 3554 3698
f 3555 3699 3700
f 3700 3556 3555
f 3411 3410 3555
f 3555 3410 3554
f 3555 3412 3411
f 3555 3556 3412
f 3701 3557 3700
f 3701 3702 3557
f 3700 3845 3701
f 3845 3702 3701
f 3846 3702 3845
f 3846 3847 3703
f 3703 3702 3846
f 3845 3989 3846
f 3989 3990 3846
f 4144 4000 3999
f 3856 3855 3999
f 3999 4000 3856
f 4285 4286 4141
f 4286 4142 4141
f 4141 4284 4285
f 4141 4140 4284
f 3997 3996 4141
f 3996 4140 4141
f 4429 4572 4573
f 4573 4572 4717
f 4718 4717 4862
f 4427 4572 4428
f 4428 4572 4429
f 4428 4284 4427
f 4429 4284 4428
f 4571 4570 4715
f 4715 4572 4571
f 4427 4570 4571
f 4571 4572 4427
f 5280 5279 5423
f 5423 5424 5280
f 5281 5136 5280
f 5004 4859 5003
f 5726 5582 5725
f 5725 5870 5726
f 5582 5437 5581
f 5437 5580 5581
f 5581 5725 5582
f 5580 5725 5581
f 4706 4707 4563
f 4563 4707 4708
f 5145 5146 5001
f 5138 4995 4994
f 5141 5140 5284
f 4852 4709 4708
f 4852 4853 4709
f 4711 4856 4712
f 4712 4568 4711
f 4713 4569 4712
f 4712 4569 4568
f 4857 4714 4713
f 4858 4714 4857
f 4713 4712 4857
f 4857 4712 4856
f 5001 4858 4857
f 4857 4856 5001
f 4855 4856 4711
f 5001 4856 5000
f 5000 5145 5001
f 3993 4138 3994
f 3994 3849 3993
f 3993 3849 3992
f 4280 4279 4424
f 4425 4281 4280
f 4280 4424 4425
f 3280 3423 3424
f 3279 3423 3280
f 3281 3136 3280
f 3280 3135 3279
f 3136 3135 3280
f 2990 3133 3134
f 2990 3134 2991
f 3569 3713 3570
f 3569 3568 3712
f 3712 3713 3569
f 3142 3286 3143
f 3142 2997 3141
f 2998 2997 3142
f 3141 3285 3142
f 3285 3286 3142
f 5168 5023 5167
f 5315 5314 5459
f 5456 5600 5601
f 5601 5457 5456
f 5601 5600 5745
f 4877 4733 4876
f 4877 5021 4878
f 4876 5021 4877
f 4877 4878 4734
f 4734 4733 4877
f 4732 4589 4588
f 4732 4733 4589
f 4876 4733 4732
f 4732 4731 4876
f 4730 4874 4875
f 4875 4731 4730
f 4876 4731 4875
f 4875 5019 4876
f 4874 5018 4875
f 5018 5019 4875
f 4876 5019 5020
f 5020 5021 4876
f 5020 5019 5163
f 4438 4439 4295
f 4295 4294 4438
f 4438 4294 4437
f 4437 4581 4438
f 4581 4582 4438
f 4583 4439 4438
f 4438 4582 4583
f 5009 4866 4865
f 4865 4864 5009
f 4725 4581 4580
f 4580 4581 4436
f 3563 3420 3419
f 3563 3564 3420
f 3563 3419 3562
f 3562 3706 3563
f 3563 3706 3707
f 3707 3708 3563
f 3708 3564 3563
f 3715 3714 3858
f 3858 3859 3715
f 3571 3570 3715
f 3715 3570 3714
f 3859 3860 3715
f 4143 4142 4286
f 4286 4287 4143
f 4143 4287 4144
f 4144 3999 4143
f 4143 3999 4142
f 4148 4003 4147
f 4003 4146 4147
f 4147 4146 4291
f 4147 4292 4148
f 4291 4292 4147
f 3833 3832 3976
f 3976 3832 3831
f 3976 4119 4120
f 4414 4415 4270
f 4270 4415 4271
f 4270 4413 4414
f 4270 4269 4413
f 4271 4127 4270
f 3981 4124 4125
f 4124 4269 4125
f 3983 4128 3984
f 3983 4127 4128
f 3409 3264 3408
f 4412 4269 4268
f 4268 4267 4412
f 4268 4269 4124
f 4266 4267 4123
f 4123 4268 4124
f 4267 4268 4123
f 4838 4982 4839
f 4839 4694 4838
f 4549 4692 4693
f 4693 4694 4549
f 3977 3976 4120
f 3833 3976 3977
f 3977 3834 3833
f 3978 3834 3977
f 4263 4407 4264
f 4264 4407 4408
f 4264 4265 4120
f 4408 4409 4264
f 4264 4409 4265
f 4264 4119 4263
f 4120 4119 4264
f 4262 4119 4118
f 4408 4407 4551
f 5133 4989 5132
f 5134 4989 5133
f 4991 4846 4990
f 4846 4989 4990
f 4990 4989 5134
f 4843 4842 4986
f 4842 4985 4986
f 3403 3260 3259
f 3403 3547 3548
f 3259 3258 3403
f 3403 3258 3402
f 3402 3401 3546
f 3546 3403 3402
f 3547 3403 3546
f 2610 2611 2466
f 2610 2754 2611
f 2466 2609 2610
f 2610 2609 2754
f 3258 3115 3114
f 3114 3115 2970
f 3113 3258 3114
f 3114 2970 3113
f 2607 2751 2752
f 2750 2751 2607
f 2318 2463 2319
f 2462 2463 2318
f 3257 3113 3256
f 3113 3112 3256
f 3256 3401 3257
f 3256 3112 3111
f 2752 2751 2968
f 2968 2969 2752
f 2968 2751 2750
f 3113 2969 2968
f 2968 3112 3113
f 3253 3396 3397
f 3252 3396 3253
f 3108 3252 3253
f 2965 3110 2966
f 2613 2614 2469
f 2613 2756 2757
f 2615 2614 2758
f 2975 2976 2758
f 2758 2974 2975
f 2757 2974 2758
f 2758 2613 2757
f 2614 2613 2758
f 2755 2756 2611
f 2972 2756 2755
f 2611 2754 2755
f 2754 2972 2755
f 4274 4130 4273
f 3842 3987 3843
f 3698 3842 3843
f 3843 3699 3698
f 3700 3699 3843
f 3843 3987 3988
f 3985 4130 3986
f 4130 3987 3986
f 3986 3987 3842
f 3695 3551 3550
f 3550 3405 3549
f 3549 3405 3548
f 3549 3693 3550
f 3548 3693 3549
f 3263 3264 3120
f 3120 3119 3263
f 3120 2976 2975
f 2975 3119 3120
f 4278 4135 4134
f 4279 4135 4278
f 4278 4277 4422
f 4422 4423 4278
f 4423 4279 4278
f 4966 5110 4967
f 4967 4822 4966
f 4966 5109 5110
f 4678 4822 4823
f 4535 4680 4536
f 4536 4680 4537
f 4537 4680 4681
f 4681 4680 4825
f 4967 5110 5111
f 5111 5112 4967
f 5255 5112 5111
f 4675 4530 4674
f 4669 4814 4670
f 4242 4386 4243
f 4243 4099 4242
f 4244 4099 4243
f 4530 4386 4385
f 4385 4241 4384
f 4385 4386 4241
f 4387 4532 4388
f 4387 4243 4386
f 4388 4244 4387
f 4244 4243 4387
f 4533 4532 4676
f 4676 4532 4675
f 4675 4819 4676
f 4676 4819 4820
f 4673 4528 4672
f 4673 4674 4530
f 4817 4674 4673
f 4673 4672 4816
f 4816 4817 4673
f 4535 4391 4390
f 4390 4391 4246
f 4246 4245 4390
f 4097 4241 4242
f 4096 4241 4097
f 4097 3952 4096
f 3811 3810 3954
f 4100 4099 4244
f 4244 4245 4100
f 4245 4101 4100
f 3956 4099 4100
f 4100 3957 3956
f 4100 4101 3957
f 3239 3384 3240
f 3240 3095 3239
f 3096 3095 3240
f 3668 3813 3669
f 3238 3237 3381
f 3381 3237 3236
f 3236 3380 3381
f 3962 4106 3963
f 4105 4249 3962
f 4249 4106 3962
f 3241 2954 3097
f 3241 3240 3384
f 3241 3097 3096
f 3096 3240 3241
f 3385 3241 3384
f 3521 3664 3665
f 3665 3810 3666
f 3665 3809 3810
f 3665 3664 3808
f 3808 3809 3665
f 3666 3522 3665
f 3665 3522 3521
f 1873 2016 2017
f 1585 1584 1729
f 1729 1730 1585
f 1873 1730 1729
f 2737 2955 2738
f 2449 2305 2448
f 2448 2592 2449
f 2449 2592 2593
f 3100 2957 2956
f 3099 3244 3100
f 3100 2955 3099
f 2956 2955 3100
f 3532 3533 3389
f 3389 3533 3534
f 3534 3390 3389
f 3090 3091 2729
f 2729 2728 3090
f 2735 2592 2591
f 5413 5556 5557
f 5559 5415 5414
f 5414 5270 5413
f 5414 5415 5270
f 5416 5560 5417
f 5272 5415 5416
f 5559 5560 5416
f 5416 5415 5559
f 5264 5119 5263
f 5120 5119 5264
f 5264 5121 5120
f 5265 5121 5264
f 5122 5121 5266
f 5266 5121 5265
f 5412 5267 5411
f 5412 5556 5413
f 5412 5411 5555
f 5555 5556 5412
f 5123 4979 5122
f 5124 4979 5123
f 5123 5267 5124
f 5122 5266 5123
f 5123 5266 5267
f 5122 4979 4978
f 4978 4979 4834
f 4978 5121 5122
f 5851 5996 5852
f 5851 5995 5996
f 5705 5850 5706
f 5706 5562 5705
f 5706 5851 5707
f 5850 5851 5706
f 5705 5704 5849
f 5849 5850 5705
f 5993 5850 5849
f 5567 5424 5423
f 5423 5422 5567
f 5567 5422 5566
f 5567 5566 5710
f 5711 5567 5710
f 5712 5567 5711
f 5713 5712 5856
f 5853 5709 5852
f 5853 5854 5710
f 5710 5709 5853
f 6142 6143 5998
f 5854 5853 5998
f 5708 5709 5564
f 5852 5709 5708
f 5708 5851 5852
f 5707 5851 5708
f 5564 5709 5565
f 5565 5709 5566
f 4402 4547 4403
f 4403 4259 4402
f 4114 4258 4115
f 4258 4259 4115
f 4115 3970 4114
f 3971 3970 4115
f 4261 4405 4262
f 4260 4405 4261
f 4550 4551 4407
f 4549 4694 4550
f 4406 4407 4262
f 4262 4405 4406
f 4406 4550 4407
f 4406 4405 4549
f 4549 4550 4406
f 5542 5541 5685
f 5255 5111 5254
f 5254 5111 5110
f 5254 5109 5253
f 5110 5109 5254
f 5397 5254 5253
f 5398 5254 5397
f 5397 5541 5542
f 5542 5398 5397
f 5113 5112 5256
f 5256 5257 5113
f 5256 5112 5255
f 5255 5400 5256
f 5400 5257 5256
f 5399 5543 5400
f 5399 5400 5255
f 5399 5398 5542
f 5542 5543 5399
f 5255 5254 5399
f 5399 5254 5398
f 5261 5262 5117
f 5400 5543 5544
f 5544 5545 5400
f 5406 5262 5405
f 5262 5261 5405
f 5118 5262 5263
f 5263 5119 5118
f 5117 5262 5118
f 4974 5117 5118
f 5118 5119 4974
f 4399 4400 4256
f 4973 5117 4974
f 4974 4830 4973
f 4973 4830 4829
f 4827 4972 4828
f 4828 4829 4684
f 4684 4827 4828
f 4828 4973 4829
f 4972 4973 4828
f 4686 4830 4687
f 4687 4830 4831
f 4687 4542 4686
f 4395 4251 4250
f 4250 4394 4395
f 4250 4251 4107
f 4107 4106 4250
f 4250 4106 4249
f 4537 4394 4250
f 4541 4685 4686
f 4686 4542 4541
f 4684 4685 4541
f 4255 4111 4110
f 4110 4254 4255
f 4256 4111 4255
f 4255 4399 4256
f 4255 4254 4398
f 4398 4399 4255
f 4109 4252 4253
f 4253 4254 4109
f 3822 3966 3967
f 3967 3823 3822
f 3822 3821 3966
f 3822 3678 3821
f 3822 3823 3679
f 3679 3678 3822
f 177 211 178
f 177 159 158
f 178 159 177
f 176 211 177
f 158 157 177
f 177 157 176
f 89 90 206
f 89 173 88
f 87 88 174
f 174 175 87
f 159 179 160
f 120 219 220
f 220 270 120
f 219 270 220
f 108 160 179
f 107 159 108
f 159 160 108
f 482 483 353
f 2340 2339 2484
f 2626 2769 2770
f 2770 2771 2626
f 2771 2627 2626
f 2337 2338 2194
f 2194 2338 2339
f 2336 2337 2193
f 2337 2194 2193
f 2193 2194 2050
f 2983 2767 2766
f 2983 3127 3128
f 2624 2768 2769
f 2771 2988 2772
f 3419 3276 3275
f 3276 3131 3275
f 3275 3274 3419
f 3275 3131 3274
f 3274 3273 3417
f 3417 3561 3562
f 2763 2981 2764
f 1469 1613 1470
f 321 322 102
f 322 101 102
f 448 320 319
f 319 320 104
f 319 447 448
f 94 95 251
f 94 252 93
f 251 252 94
f 441 3 4
f 5 440 4
f 440 441 4
f 203 252 253
f 252 331 253
f 1179 1322 1323
f 6993 7138 6994
f 5700 5556 5555
f 5994 5850 5993
f 5994 5993 6138
f 5994 5851 5850
f 5995 5851 5994
f 6145 6000 6144
f 6000 6143 6144
f 4706 4849 4850
f 4850 4849 4994
f 4706 4561 4705
f 4705 4849 4706
f 4416 4415 4560
f 4272 4415 4416
f 4560 4561 4416
f 4701 4702 4557
f 4557 4700 4701
f 4846 4702 4701
f 4844 4700 4843
f 4847 4703 4846
f 4847 4846 4991
f 6013 6157 6158
f 6161 6160 6304
f 2015 1870 2014
f 2014 2158 2015
f 1871 1870 2015
f 2015 2016 1871
f 1583 1584 1439
f 1583 1727 1584
f 2304 2303 2448
f 2448 2305 2304
f 2159 2016 2015
f 2015 2158 2159
f 2159 2158 2303
f 2303 2304 2159
f 1584 1727 1728
f 1728 1729 1584
f 1441 1584 1585
f 1297 1296 1441
f 2018 2017 2162
f 15 431 14
f 432 13 14
f 14 431 432
f 1007 1150 1151
f 1151 1150 1294
f 2734 2733 3095
f 2734 3095 2735
f 2302 2158 2301
f 856 857 712
f 712 711 856
f 427 426 570
f 426 425 570
f 429 428 572
f 572 573 429
f 861 717 860
f 1145 1290 1146
f 2961 2745 2744
f 2744 2960 2961
f 2962 3106 2963
f 2963 2745 2962
f 2961 3106 2962
f 2962 2745 2961
f 434 433 577
f 1153 1297 1298
f 1153 1296 1297
f 3831 3830 3975
f 3975 3976 3831
f 4119 3976 3975
f 3975 4118 4119
f 2745 2746 2602
f 2602 2746 2747
f 2747 2603 2602
f 2459 2602 2603
f 3394 3395 3251
f 3251 3250 3394
f 3539 3395 3394
f 3539 3684 3540
f 3540 3396 3539
f 7613 2861 2862
f 2811 2863 2862
f 2862 2861 2811
f 2860 2859 2811
f 2811 2861 2860
f 2860 2861 7613
f 2828 2827 2811
f 2811 2829 2828
f 6172 6173 6028
f 6028 6173 6029
f 6029 5885 6028
f 6029 6030 5886
f 5886 5885 6029
f 5741 5885 5886
f 5740 5885 5741
f 5741 5596 5740
f 5883 6028 5884
f 6028 5885 5884
f 5884 5740 5883
f 5884 5885 5740
f 5740 5596 5595
f 5595 5739 5740
f 5595 5450 5594
f 5595 5451 5450
f 5595 5596 5452
f 5452 5451 5595
f 5738 5882 5883
f 5883 5739 5738
f 5737 5882 5738
f 5594 5737 5738
f 5738 5595 5594
f 5739 5595 5738
f 5005 5150 5006
f 5006 4862 5005
f 5006 5151 5007
f 5006 5150 5151
f 5007 4863 5006
f 5006 4863 4862
f 5008 5152 5009
f 5007 5152 5008
f 5009 4864 5008
f 5008 4863 5007
f 4864 4863 5008
f 5874 6017 6018
f 5873 6017 5874
f 5729 5873 5874
f 5587 5731 5732
f 5737 5592 5736
f 5736 5880 5737
f 5736 5735 5880
f 5591 5735 5736
f 5736 5592 5591
f 5303 5446 5447
f 5447 5448 5303
f 5448 5304 5303
f 5304 5449 5305
f 5445 5589 5446
f 4867 4723 4866
f 5584 5728 5585
f 5583 5728 5584
f 5585 5440 5584
f 5584 5440 5583
f 6014 5870 6013
f 6014 6015 5870
f 6013 6158 6014
f 6159 6015 6014
f 6014 6158 6159
f 30 370 55
f 3168 3167 3312
f 3168 3023 3167
f 3024 3023 3168
f 2665 2666 2522
f 2522 2666 2667
f 2235 2234 2378
f 2378 2379 2235
f 2236 2091 2235
f 1516 1372 1515
f 1228 1085 1084
f 1084 1083 1228
f 2092 2091 2236
f 3037 3180 3181
f 3181 3182 3037
f 3182 3038 3037
f 3178 3177 3321
f 3320 3464 3321
f 3464 3465 3321
f 3321 3176 3320
f 3321 3177 3176
f 2673 2529 2528
f 2528 2672 2673
f 2528 2529 2385
f 3463 3319 3318
f 3318 3462 3463
f 3464 3319 3463
f 3463 3608 3464
f 3463 3607 3608
f 3463 3462 3606
f 3606 3607 3463
f 3316 3460 3461
f 3606 3462 3461
f 3461 3460 3604
f 1948 2092 1949
f 3176 3032 3031
f 3031 3175 3176
f 3174 3175 3031
f 3031 3030 3174
f 3031 3032 2671
f 2524 2668 2525
f 2667 2668 2524
f 3029 3030 2669
f 2669 2668 3029
f 2525 2668 2669
f 3030 3031 2669
f 4915 4772 4771
f 4484 4485 4341
f 4341 4340 4484
f 4341 4485 4342
f 4196 4340 4341
f 4341 4197 4196
f 4629 4484 4628
f 4628 4772 4629
f 4628 4627 4772
f 4919 4775 4918
f 4918 5063 4919
f 4919 5063 5064
f 5774 5919 5775
f 5635 5778 5779
f 5202 5201 5345
f 5345 5201 5200
f 4769 4625 4768
f 4768 4912 4769
f 4769 4912 4913
f 5057 5201 5202
f 4914 4913 5057
f 5056 5200 5057
f 5200 5201 5057
f 5057 4912 5056
f 4913 4912 5057
f 5066 4923 4922
f 5067 4923 5066
f 4776 4777 4633
f 4775 4919 4776
f 4922 4923 4778
f 4778 4923 4779
f 4633 4777 4778
f 4635 4778 4779
f 4636 4492 4635
f 4779 4923 4780
f 4780 4635 4779
f 4636 4635 4780
f 2682 3044 2683
f 3044 2684 2683
f 2248 2391 2392
f 3613 3612 3756
f 3469 3468 3613
f 3468 3612 3613
f 3902 3903 3759
f 3759 3758 3902
f 3759 3903 3760
f 3760 3616 3759
f 3759 3616 3615
f 4047 4046 4190
f 4189 4334 4190
f 4045 4188 4189
f 4044 4188 4045
f 4189 4190 4045
f 4045 4190 4046
f 3901 4044 4045
f 4045 4046 3901
f 3328 3183 3327
f 3327 3471 3328
f 3326 3471 3327
f 3327 3182 3326
f 3183 3182 3327
f 3041 3040 3185
f 3328 3329 3185
f 3042 3041 3185
f 3185 3186 3042
f 3185 3329 3330
f 3330 3186 3185
f 3325 3468 3469
f 3325 3324 3468
f 3469 3326 3325
f 3181 3180 3325
f 3325 3180 3324
f 3326 3182 3325
f 3325 3182 3181
f 1244 1388 1389
f 2541 2542 2397
f 2541 2684 2685
f 2543 2542 2686
f 3047 3048 2686
f 2686 3046 3047
f 2685 3046 2686
f 2686 2541 2685
f 2542 2541 2686
f 3478 3334 3477
f 3479 3334 3478
f 3478 3477 3622
f 3622 3479 3478
f 3481 3482 3337
f 3482 3338 3337
f 3194 3337 3338
f 3047 3191 3192
f 3192 3048 3047
f 3192 3191 3335
f 4343 4199 4342
f 4486 4631 4487
f 4487 4342 4486
f 4487 4343 4342
f 4633 4488 4632
f 4632 4776 4633
f 4488 4487 4632
f 4632 4487 4631
f 4632 4631 4775
f 4775 4776 4632
f 4486 4629 4630
f 4630 4631 4486
f 4629 4774 4630
f 4774 4631 4630
f 4345 4489 4346
f 4346 4202 4345
f 4202 4201 4345
f 3480 3625 3481
f 3623 3479 3622
f 3483 3482 3627
f 3627 3484 3483
f 3628 3484 3627
f 3772 3628 3627
f 4054 3911 3910
f 3910 3909 4054
f 3910 3911 3766
f 4342 4199 4198
f 4198 4341 4342
f 4197 4341 4198
f 4198 4199 4054
f 4054 4053 4198
f 4053 4197 4198
f 3765 3910 3766
f 3909 3910 3765
f 3765 3766 3622
f 3908 3909 3765
f 3765 3764 3908
f 2535 2391 2534
f 2534 2678 2535
f 2535 2678 2679
f 2535 2679 2680
f 1665 1666 1522
f 1523 1378 1522
f 1523 1522 1667
f 1667 1522 1666
f 1379 1378 1523
f 1523 1380 1379
f 1669 1670 1526
f 1815 1671 1670
f 1523 1667 1668
f 1668 1667 1812
f 1812 1669 1668
f 515 370 514
f 514 659 515
f 801 946 802
f 3897 3752 3896
f 3751 3895 3896
f 3896 3752 3751
f 3896 4041 3897
f 3896 4040 4041
f 3753 3897 3754
f 3753 3752 3897
f 3754 3609 3753
f 3753 3609 3752
f 3611 3468 3467
f 3467 3466 3611
f 4621 4478 4477
f 4477 4478 4334
f 3899 3755 3754
f 3754 3898 3899
f 3756 3755 3899
f 3899 3900 3756
f 3899 4043 3900
f 3899 3898 4042
f 4042 4043 3899
f 6938 7082 6939
f 6938 6937 7082
f 6937 6938 6794
f 6798 6942 6799
f 6797 6941 6798
f 6941 6942 6798
f 6203 6202 6346
f 5485 5340 5484
f 5484 5628 5485
f 5773 5628 5772
f 5627 5626 5771
f 5771 5772 5627
f 5627 5772 5628
f 5627 5628 5484
f 5484 5483 5627
f 6060 6059 6203
f 6203 6204 6060
f 5923 6068 5924
f 5923 5779 5778
f 6357 6214 6213
f 6212 6356 6213
f 6213 6356 6357
f 6213 6069 6212
f 6069 6213 6070
f 6070 6213 6214
f 6498 6643 6499
f 6208 6351 6352
f 6498 6499 6354
f 6507 6652 6508
f 6058 5915 5914
f 6059 5915 6058
f 6203 6059 6058
f 6058 6202 6203
f 6058 6201 6202
f 6057 6201 6058
f 5337 5193 5336
f 5338 5193 5337
f 5192 5193 5048
f 5193 5049 5048
f 5047 5191 5048
f 5048 5191 5192
f 5050 5193 5194
f 5050 5049 5193
f 5194 5051 5050
f 4906 5049 5050
f 5050 5051 4906
f 5046 5191 5047
f 5046 5045 5189
f 4614 4470 4469
f 4615 4470 4614
f 4614 4759 4615
f 4614 4758 4759
f 4905 4761 4904
f 4761 4760 4904
f 4759 4903 4904
f 4904 4760 4759
f 4904 5049 4905
f 4904 5048 5049
f 4904 4903 5047
f 5047 5048 4904
f 5482 5625 5626
f 5626 5627 5482
f 5482 5627 5483
f 5338 5337 5482
f 5482 5339 5338
f 5482 5483 5339
f 5336 5191 5335
f 5478 5479 5335
f 4906 5051 4907
f 4908 4764 4907
f 4764 4763 4907
f 4762 4906 4907
f 4907 4763 4762
f 5052 5051 5196
f 5196 5197 5052
f 5052 5197 5053
f 5052 4909 4908
f 5053 4909 5052
f 4908 4907 5052
f 5052 4907 5051
f 5195 5051 5194
f 5196 5051 5195
f 5339 5196 5195
f 5194 5338 5195
f 5338 5339 5195
f 5196 5340 5341
f 5341 5197 5196
f 5340 5485 5341
f 5055 4912 4911
f 4910 5054 4911
f 5054 5055 4911
f 4911 4912 4767
f 4911 4766 4910
f 4767 4766 4911
f 5054 5197 5198
f 5198 5199 5054
f 5197 5341 5198
f 4626 4627 4483
f 4483 4482 4626
f 4483 4628 4484
f 4627 4628 4483
f 4483 4484 4339
f 4339 4482 4483
f 4625 4482 4481
f 4335 4334 4479
f 4479 4336 4335
f 3760 3903 3904
f 3903 4048 3904
f 3904 3761 3760
f 4338 4195 4194
f 4192 4336 4337
f 4337 4193 4192
f 4336 4481 4337
f 4338 4194 4337
f 4337 4194 4193
f 4337 4482 4338
f 4337 4481 4482
f 4049 4048 4192
f 4192 4193 4049
f 4193 4194 4049
f 4765 4764 4909
f 4909 4766 4765
f 4621 4764 4765
f 4765 4766 4621
f 4622 4766 4767
f 4479 4478 4622
f 4622 4478 4621
f 4621 4766 4622
f 3054 3055 2693
f 2693 2692 3054
f 2549 2692 2693
f 2694 3055 2695
f 2695 2551 2694
f 2694 2693 3055
f 2549 2693 2694
f 3630 3486 3629
f 3486 3485 3629
f 3629 3485 3628
f 3629 3774 3630
f 3629 3773 3774
f 3629 3628 3772
f 3772 3773 3629
f 3631 3487 3630
f 3632 3487 3631
f 3630 3775 3631
f 3631 3775 3632
f 3344 3487 3488
f 1694 1550 1549
f 2701 2556 2700
f 3064 2703 3063
f 1549 1550 1406
f 1837 1836 1980
f 2697 3057 3058
f 2411 2556 2412
f 2412 2267 2411
f 2267 2410 2411
f 190 164 163
f 540 395 539
f 144 184 128
f 148 116 152
f 152 153 148
f 148 153 60
f 1260 1116 1115
f 971 827 826
f 1548 1691 1692
f 1692 1691 1836
f 1825 1970 1826
f 2408 2265 2264
f 2406 2551 2407
f 2407 2262 2406
f 2263 2262 2407
f 2407 2551 2408
f 2408 2264 2407
f 2407 2264 2263
f 2404 2259 2403
f 522 521 665
f 1107 1250 1251
f 1397 1398 1254
f 1686 1687 1542
f 2197 2052 2196
f 2196 2340 2197
f 2991 2775 2774
f 181 110 180
f 180 215 181
f 181 215 216
f 1482 1483 1338
f 1195 1194 1338
f 2058 1913 2057
f 2348 2349 2205
f 619 762 763
f 762 907 763
f 1628 1483 1627
f 2347 2203 2202
f 2778 2777 2995
f 2779 2996 2780
f 2995 2996 2779
f 2779 2778 2995
f 2202 2058 2201
f 2201 2058 2057
f 2488 2631 2632
f 2631 2775 2632
f 2632 2775 2776
f 2777 2776 2993
f 2993 2994 2777
f 3137 3138 2993
f 3138 2994 2993
f 2993 3136 3137
f 2992 3136 2993
f 2993 2775 2992
f 2776 2775 2993
f 635 491 490
f 492 53 52
f 492 52 491
f 493 53 492
f 491 635 492
f 49 50 495
f 495 496 49
f 49 496 48
f 46 47 498
f 1495 1639 1640
f 1640 1783 1784
f 1640 1639 1783
f 1784 1785 1640
f 2645 2788 2789
f 2502 2501 2645
f 2789 2790 2645
f 2500 2645 2501
f 2214 2070 2213
f 357 145 356
f 1494 1639 1495
f 2365 2366 2221
f 2221 2220 2365
f 2221 2366 2222
f 2222 2366 2223
f 2502 2645 2646
f 2646 2645 2790
f 1929 2072 2073
f 2073 2074 1929
f 2216 2217 2073
f 2073 2072 2216
f 2071 2072 1927
f 2216 2072 2071
f 1927 2070 2071
f 1498 1497 1642
f 1642 1499 1498
f 1929 2074 1930
f 1354 1497 1498
f 1065 1209 1066
f 923 922 1066
f 1066 1067 923
f 2219 2074 2218
f 2218 2362 2219
f 2217 2362 2218
f 2074 2073 2218
f 2218 2073 2217
f 2361 2362 2217
f 2361 2217 2216
f 2216 2360 2361
f 643 500 499
f 499 500 45
f 499 46 498
f 45 46 499
f 45 500 44
f 501 43 44
f 44 500 501
f 502 503 42
f 42 43 502
f 502 43 501
f 42 503 41
f 504 40 41
f 41 503 504
f 1948 1803 1947
f 2091 2092 1947
f 1947 2092 1948
f 1659 1803 1660
f 1659 1516 1515
f 1660 1516 1659
f 1226 1371 1227
f 1227 1083 1226
f 1227 1228 1083
f 1227 1371 1372
f 1372 1228 1227
f 1363 1362 1507
f 1650 1651 1507
f 3019 3020 2803
f 2803 2802 3019
f 3021 2804 2803
f 2803 3020 3021
f 3451 3307 3450
f 3595 3596 3451
f 3451 3596 3452
f 3451 3594 3595
f 3451 3450 3594
f 3164 3020 3019
f 3165 3021 3164
f 3021 3020 3164
f 3164 3309 3165
f 3019 3162 3163
f 3163 3164 3019
f 3307 3164 3163
f 3163 3162 3306
f 3306 3307 3163
f 7422 7566 7423
f 7135 6991 7134
f 7140 7284 7285
f 7429 7286 7285
f 7284 7428 7285
f 7285 7428 7429
f 7136 6991 7135
f 7140 6996 7139
f 7139 7284 7140
f 7139 6994 7138
f 7015 6872 6871
f 7012 7011 7155
f 7013 6869 7012
f 7410 7555 7411
f 6543 6542 6686
f 6543 6688 6544
f 6543 6544 6399
f 6544 6688 6545
f 6087 6086 6231
f 6686 6542 6541
f 5408 5264 5263
f 5409 5265 5408
f 5265 5264 5408
f 5699 5700 5555
f 5554 5699 5555
f 5971 5827 5970
f 5970 6114 5971
f 6797 6798 6654
f 6508 6509 6365
f 6365 6364 6508
f 6364 6365 6220
f 5931 5787 5930
f 5930 6075 5931
f 6074 6075 5930
f 6662 6517 6661
f 6659 6514 6658
f 6658 6801 6802
f 6802 6803 6658
f 6658 6803 6659
f 6227 6226 6371
f 6371 6228 6227
f 6800 6799 6944
f 6944 6801 6800
f 6656 6799 6800
f 6800 6801 6656
f 6944 6799 6943
f 6799 6942 6943
f 4664 4519 4663
f 4519 4662 4663
f 4807 4808 4663
f 4663 4808 4664
f 4663 4806 4807
f 4663 4662 4806
f 5819 5963 5820
f 5093 5092 5236
f 5240 5241 5097
f 5097 4953 4952
f 5097 5242 5098
f 5097 5241 5242
f 5098 4954 5097
f 5097 4954 4953
f 4809 4808 4953
f 4809 4954 4810
f 4953 4954 4809
f 4810 4665 4809
f 4665 4808 4809
f 4652 4653 4508
f 4512 4368 4367
f 4513 4368 4512
f 4510 4509 4653
f 4510 4366 4509
f 4367 4366 4510
f 3935 3791 3790
f 5079 5078 5223
f 5224 5079 5223
f 3632 3775 3776
f 3353 3210 3209
f 3353 3354 3210
f 3353 3352 3497
f 3355 3354 3499
f 3351 3352 3207
f 3208 3209 3065
f 3065 3064 3208
f 3208 3353 3209
f 3352 3353 3208
f 3207 3352 3208
f 3208 3063 3207
f 3064 3063 3208
f 3781 3636 3780
f 3786 3642 3785
f 3785 3929 3786
f 3641 3642 3497
f 3497 3640 3641
f 3641 3785 3642
f 3352 3351 3495
f 4516 4372 4515
f 4372 4371 4515
f 4515 4371 4370
f 4370 4514 4515
f 4375 4231 4374
f 4374 4518 4375
f 4374 4373 4518
f 4232 4231 4376
f 3798 3797 3942
f 3942 3943 3798
f 3941 3797 3940
f 3942 3797 3941
f 3940 4084 3941
f 4087 3942 4086
f 4086 4231 4087
f 3074 3073 3218
f 3218 3075 3074
f 3650 3649 3794
f 3794 3795 3650
f 3650 3795 3651
f 3363 3218 3362
f 4080 4224 4081
f 4081 4224 4225
f 4226 4225 4370
f 4370 4227 4226
f 4082 4081 4226
f 4226 4081 4225
f 4083 4084 3939
f 4083 3938 4082
f 3939 3938 4083
f 4227 4084 4083
f 4082 4226 4083
f 4083 4226 4227
f 3796 3939 3940
f 3796 3795 3939
f 3940 3797 3796
f 3796 3797 3652
f 3652 3795 3796
f 4222 4078 4221
f 4221 4366 4222
f 4078 4222 4223
f 4367 4224 4223
f 4223 4366 4367
f 4223 4222 4366
f 4653 4798 4654
f 4654 4798 4655
f 4654 4510 4653
f 4655 4510 4654
f 4941 4942 4797
f 4942 4798 4797
f 4797 4940 4941
f 4796 4940 4797
f 4797 4798 4653
f 4653 4652 4797
f 4797 4652 4796
f 4944 5088 4945
f 5090 4946 4945
f 4657 4514 4513
f 4513 4512 4657
f 4799 4943 4800
f 4800 4943 4944
f 4801 4657 4800
f 4944 4945 4800
f 4800 4945 4801
f 4800 4655 4799
f 3652 3797 3653
f 3653 3509 3652
f 3366 3511 3367
f 3510 3511 3366
f 3367 3223 3366
f 3223 3222 3366
f 3365 3509 3366
f 3366 3509 3510
f 3366 3221 3365
f 3366 3222 3221
f 3806 3662 3661
f 3661 3518 3517
f 3662 3518 3661
f 3803 3947 3948
f 3948 3804 3803
f 3802 3947 3803
f 3803 3658 3802
f 3659 3658 3803
f 4236 4092 4091
f 4236 4380 4237
f 4237 4238 4093
f 4093 4238 4094
f 4093 4236 4237
f 4092 4236 4093
f 4093 4094 3949
f 3949 4092 4093
f 3371 3227 3370
f 3370 3515 3371
f 3371 3515 3372
f 3225 3082 3081
f 3225 3369 3370
f 3225 3081 3080
f 3080 3224 3225
f 3368 3369 3225
f 3225 3224 3368
f 2724 3084 3085
f 3085 3084 3228
f 3228 3371 3372
f 3227 3371 3228
f 3083 3227 3228
f 3228 3084 3083
f 2582 2725 2726
f 3087 2727 2726
f 2726 2727 2582
f 3231 3232 3087
f 3085 3230 3086
f 3086 2724 3085
f 2725 2724 3086
f 3087 2726 3086
f 3086 2726 2725
f 3086 3231 3087
f 3230 3231 3086
f 3801 3658 3657
f 3657 3656 3801
f 3657 3658 3513
f 3513 3656 3657
f 1998 2142 2143
f 2143 1999 1998
f 1279 1422 1423
f 1278 1422 1279
f 1423 1424 1279
f 990 1134 1135
f 1135 1134 1278
f 1278 1279 1135
f 1565 1709 1710
f 1422 1421 1565
f 315 65 66
f 64 65 316
f 416 316 315
f 704 560 703
f 703 846 847
f 706 561 705
f 705 850 706
f 2578 2433 2577
f 2577 2722 2578
f 2721 2722 2577
f 2720 2721 2577
f 1429 1428 1573
f 3376 3521 3377
f 3376 3520 3521
f 3377 3232 3376
f 3375 3520 3376
f 3376 3231 3375
f 3232 3231 3376
f 4525 4524 4669
f 4380 4524 4525
f 3663 3520 3519
f 3519 3518 3663
f 3519 3520 3375
f 3375 3518 3519
f 3517 3518 3373
f 3373 3372 3517
f 3373 3228 3372
f 3374 3518 3375
f 3375 3231 3374
f 3374 3231 3230
f 3230 3373 3374
f 3374 3373 3518
f 4239 4238 4383
f 4384 4239 4383
f 4383 4528 4384
f 4527 4528 4383
f 5534 5390 5533
f 5533 5678 5534
f 5822 5678 5821
f 5823 5680 5679
f 5679 5822 5823
f 5678 5822 5679
f 5534 5678 5679
f 5679 5535 5534
f 6255 6111 6110
f 6106 6107 5963
f 6107 6106 6251
f 5963 6107 6108
f 6108 5964 5963
f 6107 6251 6108
f 5090 4945 5089
f 5089 4945 5088
f 5081 5080 5224
f 5796 5940 5797
f 5795 5940 5796
f 5968 5967 6112
f 6112 5967 6111
f 6112 6111 6255
f 6115 6114 6259
f 5971 6114 6115
f 5394 5249 5393
f 5393 5249 5392
f 5248 5249 5104
f 5104 5103 5248
f 4960 5103 5104
f 5106 5249 5250
f 5107 4962 5106
f 5106 5251 5107
f 5250 5251 5106
f 5107 5251 5108
f 5253 5109 5108
f 5385 5241 5240
f 5242 5241 5385
f 5671 5816 5672
f 5672 5527 5671
f 5680 5681 5536
f 5536 5679 5680
f 5535 5679 5536
f 5536 5393 5392
f 5392 5391 5536
f 5391 5535 5536
f 5395 5251 5394
f 5395 5539 5540
f 5248 5103 5247
f 5247 5103 5246
f 5247 5246 5391
f 5247 5392 5248
f 5247 5391 5392
f 5246 5103 5102
f 5102 5245 5246
f 5101 5245 5102
f 4958 4957 5102
f 5102 4957 5101
f 4955 4954 5099
f 4955 5100 4956
f 4955 5099 5100
f 4811 4954 4955
f 4956 4812 4955
f 4955 4812 4811
f 4377 4378 4234
f 4377 4232 4376
f 4376 4520 4377
f 4523 4380 4379
f 4379 4378 4523
f 3944 3943 4087
f 3800 3943 3944
f 3944 3801 3800
f 3944 3945 3801
f 3946 3947 3802
f 3802 3801 3946
f 3801 3945 3946
f 4957 4814 4813
f 4813 4812 4957
f 4813 4814 4669
f 4669 4812 4813
f 4811 4812 4668
f 4668 4524 4523
f 4669 4524 4668
f 4668 4812 4669
f 4665 4666 4522
f 4523 4378 4522
f 4959 4814 4958
f 4959 4815 4814
f 4959 5103 4960
f 4959 4960 4816
f 4816 4815 4959
f 4958 5102 4959
f 4959 5102 5103
f 5364 5219 5363
f 5364 5509 5365
f 5075 4931 5074
f 5072 4928 5071
f 5072 5073 4928
f 5071 5215 5072
f 5072 5215 5216
f 5217 5072 5216
f 5073 5072 5217
f 5361 5506 5362
f 5362 5506 5363
f 6225 6368 6369
f 6224 6368 6225
f 6227 6228 6084
f 6084 6083 6227
f 5940 6083 6084
f 5070 5215 5071
f 5071 4926 5070
f 5216 5215 5359
f 5363 5506 5507
f 5507 5364 5363
f 5514 5515 5371
f 5514 5659 5515
f 5654 5798 5799
f 5799 5655 5654
f 5654 5653 5797
f 5797 5798 5654
f 5654 5509 5653
f 3774 3773 3917
f 3917 3918 3774
f 3917 3773 3772
f 3772 3916 3917
f 4061 3918 3917
f 3917 3916 4061
f 4060 3916 3915
f 3915 3916 3772
f 4062 3918 4061
f 4062 4063 3918
f 1863 2007 1864
f 1575 1432 1431
f 1577 1722 1578
f 2009 1865 1864
f 1864 2008 2009
f 25 422 2
f 2 423 1
f 2 422 423
f 1431 1432 1287
f 856 711 855
f 998 999 855
f 710 711 566
f 710 566 709
f 3233 3232 3377
f 3089 3232 3233
f 3377 3234 3233
f 3234 3089 3233
f 2151 2295 2296
f 2582 2727 2583
f 195 237 196
f 194 237 195
f 170 197 171
f 198 79 197
f 198 78 79
f 199 78 198
f 242 304 243
f 303 304 242
f 1989 2133 1990
f 2709 3069 3070
f 2708 3069 2709
f 3068 2707 3067
f 3068 2708 2707
f 3069 2708 3068
f 2422 2566 2423
f 2707 2708 2563
f 2562 2706 2563
f 2563 2706 2707
f 2560 2704 2561
f 2704 2705 2561
f 2561 2706 2562
f 2705 2706 2561
f 3072 3216 3073
f 3505 3504 3649
f 3649 3504 3648
f 3937 3938 3794
f 3794 3793 3937
f 3937 3936 4080
f 4080 4081 3937
f 4082 3938 3937
f 3937 4081 4082
f 305 244 243
f 243 304 305
f 308 307 408
f 308 246 307
f 308 408 309
f 309 247 308
f 247 246 308
f 70 71 310
f 3074 3075 2714
f 2714 2713 3074
f 2714 2569 2713
f 2711 3072 2712
f 2712 3072 3073
f 2713 2569 2712
f 2712 3073 3074
f 3074 2713 2712
f 1706 1562 1705
f 3077 3078 2716
f 3078 2717 2716
f 2573 2572 2716
f 2716 2717 2573
f 3076 3221 3077
f 3077 2716 3076
f 3076 2716 2715
f 3076 2714 3075
f 2715 2714 3076
f 311 312 69
f 69 70 311
f 311 70 310
f 418 563 419
f 3633 3489 3632
f 3202 3201 3345
f 3345 3201 3200
f 3200 3344 3345
f 3488 3489 3345
f 3345 3344 3488
f 3203 3347 3348
f 3634 3633 3778
f 3490 3489 3634
f 3489 3633 3634
f 3780 3636 3635
f 3635 3634 3778
f 2559 2703 2560
f 2558 2703 2559
f 6433 6577 6578
f 6576 6577 6433
f 7020 7163 7164
f 3154 3153 3298
f 3010 3153 3154
f 3298 3155 3154
f 3011 3010 3154
f 3154 3155 3011
f 3152 3153 3008
f 3296 3153 3152
f 3008 3151 3152
f 3152 3151 3296
f 3294 3437 3438
f 3438 3439 3294
f 3438 3437 3582
f 3582 3439 3438
f 3441 3296 3440
f 3296 3439 3440
f 3440 3584 3441
f 3440 3439 3584
f 4160 4016 4159
f 4160 4159 4304
f 4161 4017 4160
f 4160 4017 4016
f 4304 4305 4160
f 4160 4305 4161
f 4738 4739 4595
f 4595 4594 4738
f 4596 4595 4739
f 4596 4597 4452
f 4450 4306 4449
f 4450 4449 4593
f 4593 4594 4450
f 4594 4595 4450
f 4308 4164 4163
f 4163 4307 4308
f 4165 4164 4308
f 4308 4309 4165
f 4452 4453 4308
f 4453 4309 4308
f 4153 4152 4297
f 4009 4152 4153
f 4153 4154 4009
f 3578 3435 3434
f 3433 3577 3434
f 3434 3577 3578
f 3434 3290 3433
f 3434 3435 3290
f 4158 4301 4302
f 4302 4159 4158
f 4302 4303 4159
f 4302 4301 4446
f 4446 4303 4302
f 3867 4012 3868
f 4012 3869 3868
f 3868 3869 3725
f 3430 3286 3429
f 3429 3574 3430
f 3430 3574 3575
f 3287 3286 3430
f 3579 3723 3580
f 3578 3723 3579
f 3580 3435 3579
f 3579 3435 3578
f 3722 3721 3865
f 3865 3866 3722
f 3720 3864 3865
f 3865 3721 3720
f 3865 4008 4009
f 3864 4008 3865
f 4009 4010 3865
f 4010 3866 3865
f 2639 2784 2640
f 2640 2495 2639
f 2205 2350 2206
f 2206 2062 2205
f 2780 2997 2781
f 2781 2997 2998
f 3002 3146 3003
f 3002 2785 2784
f 3289 3290 3146
f 3146 3145 3289
f 3433 3290 3289
f 3289 3432 3433
f 3288 3432 3289
f 3289 3144 3288
f 3145 3144 3289
f 4297 4441 4298
f 4298 4153 4297
f 4154 4153 4298
f 4298 4299 4155
f 4155 4154 4298
f 4586 4585 4730
f 4730 4731 4586
f 1938 2082 1939
f 1939 1794 1938
f 1795 1794 1939
f 1795 1651 1650
f 1650 1794 1795
f 3306 3162 3305
f 3162 3161 3305
f 3449 3450 3305
f 3305 3450 3306
f 3304 3449 3305
f 3305 3160 3304
f 3161 3160 3305
f 2513 2656 2657
f 2657 2658 2513
f 2800 2801 2657
f 2657 2656 2800
f 2657 2801 2802
f 2802 2658 2657
f 2511 2656 2512
f 2363 2220 2219
f 2219 2362 2363
f 2362 2506 2363
f 3446 3590 3591
f 3591 3447 3446
f 3445 3589 3446
f 3446 3589 3590
f 3446 3301 3445
f 3446 3302 3301
f 3303 3448 3304
f 3303 3447 3448
f 3304 3159 3303
f 3159 3302 3303
f 3302 3446 3303
f 3303 3446 3447
f 4469 4325 4324
f 4324 4325 4181
f 4472 4328 4471
f 4615 4472 4471
f 4471 4470 4615
f 3894 3750 3893
f 3894 3893 4038
f 3894 3895 3751
f 3751 3750 3894
f 4757 4756 4901
f 4756 4900 4901
f 4901 4900 5045
f 4901 4758 4757
f 4467 4612 4468
f 4468 4612 4469
f 4468 4324 4467
f 4469 4324 4468
f 4611 4610 4755
f 4755 4612 4611
f 4467 4610 4611
f 4611 4612 4467
f 4322 4178 4177
f 4465 4466 4322
f 4322 4466 4467
f 4179 4178 4322
f 4465 4464 4608
f 4608 4609 4465
f 4463 4607 4608
f 4608 4464 4463
f 4608 4607 4751
f 4751 4752 4608
f 4608 4752 4753
f 4753 4609 4608
f 4039 4183 4184
f 4184 4040 4039
f 4038 4182 4039
f 4039 4182 4183
f 4039 3894 4038
f 3895 3894 4039
f 4039 3896 3895
f 4040 3896 4039
f 4619 4763 4764
f 4764 4620 4619
f 4619 4618 4762
f 4762 4763 4619
f 4330 4473 4474
f 4474 4331 4330
f 4475 4331 4474
f 4618 4619 4474
f 4474 4619 4475
f 4617 4616 4761
f 4618 4474 4617
f 4617 4474 4473
f 4472 4616 4617
f 4617 4473 4472
f 4762 4618 4617
f 4617 4761 4762
f 3022 3023 2805
f 3166 3023 3022
f 2805 3021 3022
f 3021 3166 3022
f 2662 2806 2807
f 2807 2663 2662
f 2806 3023 2807
f 2807 3023 3024
f 2807 3024 2808
f 2808 2664 2807
f 2664 2663 2807
f 2520 2375 2519
f 2519 2664 2520
f 2519 2663 2664
f 2662 2663 2519
f 3170 3314 3171
f 3027 3026 3170
f 3170 3171 3027
f 3171 3314 3315
f 3315 3314 3459
f 3315 3316 3171
f 3459 3316 3315
f 3877 3878 3734
f 3734 3733 3877
f 4021 4022 3877
f 3877 4022 3878
f 3877 3733 3732
f 3877 4020 4021
f 3730 3874 3875
f 3875 3731 3730
f 3875 4018 4019
f 3874 4018 3875
f 6309 6452 6453
f 6308 6452 6309
f 6310 6166 6309
f 6309 6166 6165
f 6307 6163 6306
f 6307 6308 6163
f 6163 6308 6164
f 6164 6020 6163
f 6165 6020 6164
f 6164 6309 6165
f 6308 6309 6164
f 6312 6168 6167
f 6169 6168 6312
f 6598 6453 6597
f 6459 6314 6458
f 6458 6602 6459
f 6023 6024 5880
f 6022 6167 6023
f 6167 6024 6023
f 5881 5880 6025
f 5880 6024 6025
f 6025 6026 5881
f 6025 6169 6026
f 6024 6169 6025
f 7167 7022 7166
f 2871 2870 2811
f 2811 2872 2871
f 2866 7617 2865
f 2811 2866 2865
f 2864 2865 7617
f 2864 2863 2811
f 2811 2865 2864
f 6606 6607 6462
f 6610 6609 6754
f 6757 6613 6612
f 6751 6895 6896
f 6739 6884 6740
f 6740 6595 6739
f 7026 7027 6882
f 7170 7027 7026
f 6597 6741 6742
f 6742 6598 6597
f 7171 7027 7170
f 7171 7172 7027
f 6601 6600 6745
f 6745 6602 6601
f 6748 6749 6605
f 6605 6750 6606
f 6605 6749 6750
f 6606 6462 6605
f 6605 6462 6461
f 5473 5618 5474
f 5330 5186 5185
f 5473 5474 5330
f 5330 5331 5187
f 5187 5186 5330
f 5332 5188 5331
f 5332 5333 5188
f 5898 5897 6041
f 5612 5611 5756
f 5171 5026 5170
f 5171 5027 5026
f 5171 5172 5028
f 5028 5027 5171
f 5170 5314 5171
f 5314 5315 5171
f 4738 4737 4882
f 4737 4881 4882
f 4883 4739 4882
f 4882 4739 4738
f 4882 5027 4883
f 5026 5027 4882
f 5025 5026 4882
f 4882 4881 5025
f 6032 5888 5887
f 5747 5748 5603
f 5603 5746 5747
f 5745 5888 5889
f 5889 5746 5745
f 5464 5609 5465
f 5465 5609 5466
f 5465 5321 5464
f 5466 5321 5465
f 5894 6039 5895
f 5895 6040 5896
f 5895 6039 6040
f 5753 5609 5608
f 5608 5752 5753
f 5754 5610 5753
f 5610 5609 5753
f 5753 5898 5754
f 5897 5898 5753
f 5896 5897 5753
f 5753 5752 5896
f 5751 5752 5608
f 5608 5607 5751
f 5751 5607 5750
f 5750 5894 5751
f 5894 5895 5751
f 5896 5752 5751
f 5751 5895 5896
f 5175 5174 5319
f 5174 5318 5319
f 5319 5320 5175
f 5464 5320 5319
f 5319 5318 5462
f 5322 5466 5323
f 5466 5467 5323
f 5323 5324 5180
f 5323 5467 5468
f 5468 5324 5323
f 5606 5461 5605
f 5605 5749 5606
f 4894 5038 4895
f 4894 4895 4750
f 4750 4893 4894
f 5039 5182 5183
f 5039 5038 5182
f 5183 5040 5039
f 5039 5040 4895
f 4895 5038 5039
f 5181 5182 5037
f 5182 5038 5037
f 5036 5181 5037
f 5037 4892 5036
f 4893 4892 5037
f 5037 4894 4893
f 5038 4894 5037
f 5470 5469 5613
f 5613 5614 5470
f 5613 5469 5612
f 5612 5756 5613
f 3597 3596 3741
f 3596 3740 3741
f 3742 3597 3741
f 3741 3885 3742
f 3741 3740 3885
f 4890 4889 5033
f 4888 5032 5033
f 5033 4889 4888
f 4602 4745 4746
f 4745 4890 4746
f 4890 4747 4746
f 5179 5180 5036
f 5036 5035 5179
f 5179 5323 5180
f 5322 5323 5179
f 4316 4172 4315
f 4315 4460 4316
f 4173 4172 4316
f 4316 4317 4173
f 4606 4607 4463
f 4606 4605 4750
f 4750 4751 4606
f 4751 4607 4606
f 4463 4318 4462
f 4462 4606 4463
f 4459 4460 4315
f 4459 4315 4314
f 4314 4458 4459
f 4133 4278 4134
f 4277 4278 4133
f 4134 3989 4133
f 4276 4277 4133
f 4133 4132 4276
f 4133 3989 3988
f 3988 4132 4133
f 3849 3704 3848
f 3992 3849 3848
f 3703 3847 3848
f 3848 3704 3703
f 3561 3417 3560
f 3560 3705 3561
f 3560 3704 3705
f 3703 3704 3560
f 3267 3410 3411
f 3266 3410 3267
f 3411 3412 3267
f 3412 3268 3267
f 3265 3266 3122
f 3122 3121 3265
f 3409 3410 3265
f 3265 3410 3266
f 3265 3264 3409
f 3265 3120 3264
f 3121 3120 3265
f 3855 3854 3998
f 3998 3999 3855
f 3998 3853 3997
f 3998 3854 3853
f 4142 3999 3998
f 3997 4141 3998
f 3998 4141 4142
f 4574 4573 4717
f 4717 4718 4574
f 4574 4575 4431
f 4431 4430 4574
f 4574 4430 4429
f 4429 4573 4574
f 6002 6001 6145
f 6145 6146 6002
f 6002 6146 6147
f 6147 6003 6002
f 6147 6148 6004
f 6004 6003 6147
f 6004 6148 6149
f 5859 6003 6004
f 5279 5280 5135
f 5135 5280 5136
f 4991 4990 5135
f 5135 4990 5134
f 4992 4849 4848
f 4992 4847 4991
f 4848 4847 4992
f 4991 5135 4992
f 4992 5135 5136
f 5570 5426 5425
f 5425 5280 5424
f 5281 5280 5425
f 5002 4859 4858
f 5002 5003 4859
f 5002 4858 5001
f 5001 5146 5002
f 5146 5003 5002
f 5292 5437 5293
f 5293 5149 5292
f 6012 6013 5868
f 5868 5723 5867
f 4708 4565 4564
f 4564 4563 4708
f 5146 5145 5289
f 5433 5434 5289
f 5284 5140 5139
f 5139 5140 4995
f 4995 5138 5139
f 5142 5143 4998
f 4998 5141 5142
f 5285 5141 5284
f 4853 4852 4997
f 4997 5141 4998
f 4708 4707 4851
f 4851 4852 4708
f 4851 4707 4706
f 4706 4850 4851
f 4995 4852 4851
f 4994 4995 4851
f 4851 4850 4994
f 4854 4711 4710
f 4854 4855 4711
f 4710 4709 4854
f 4709 4853 4854
f 4854 4997 4998
f 4853 4997 4854
f 5144 5000 5143
f 5145 5000 5144
f 4999 4854 4998
f 4855 4854 4999
f 4998 5143 4999
f 5143 5000 4999
f 4856 4855 4999
f 4999 5000 4856
f 4138 3993 4137
f 4282 4138 4137
f 4137 4281 4282
f 4137 3993 3992
f 4137 4280 4281
f 3991 3990 4134
f 4134 4135 3991
f 3992 3848 3991
f 3991 3848 3847
f 3847 3846 3991
f 3991 3846 3990
f 3424 3568 3425
f 3568 3569 3425
f 3425 3426 3281
f 3425 3570 3426
f 3425 3569 3570
f 3425 3280 3424
f 3281 3280 3425
f 5168 5167 5311
f 5452 5596 5453
f 5744 5600 5599
f 5599 5743 5744
f 5459 5460 5316
f 5316 5315 5459
f 5316 5461 5317
f 5460 5461 5316
f 5317 5172 5316
f 5172 5171 5316
f 5316 5171 5315
f 5603 5458 5602
f 5602 5746 5603
f 5458 5457 5602
f 5457 5601 5602
f 5745 5746 5602
f 5602 5601 5745
f 5021 5020 5164
f 5164 5165 5021
f 5164 5020 5163
f 5310 5311 5166
f 5166 5311 5167
f 5021 5165 5166
f 5166 5167 5023
f 4575 4574 4719
f 4719 4574 4718
f 4719 4576 4575
f 4719 4718 4862
f 4862 4863 4719
f 4579 4580 4436
f 3716 3715 3860
f 3716 3860 3861
f 3980 4124 3981
f 3980 4123 4124
f 4127 3983 3982
f 3839 3838 3982
f 3982 3983 3839
f 4126 4270 4127
f 4127 3982 4126
f 4269 4270 4126
f 4126 4125 4269
f 3981 4125 4126
f 4126 3982 3981
f 3692 3693 3548
f 3692 3547 3691
f 3548 3547 3692
f 3691 3835 3692
f 3838 3693 3837
f 3981 3982 3837
f 3837 3982 3838
f 3407 3264 3263
f 3407 3408 3264
f 3263 3262 3407
f 3407 3262 3406
f 3407 3406 3550
f 3550 3551 3407
f 4266 4123 4122
f 4122 4123 3978
f 4122 4265 4266
f 3978 3977 4122
f 4697 4698 4553
f 4553 4696 4697
f 4695 4694 4839
f 4696 4551 4695
f 4695 4550 4694
f 4551 4550 4695
f 4980 4979 5124
f 4836 4835 4980
f 4980 4835 4979
f 5125 5269 5126
f 5124 5269 5125
f 5126 4982 5125
f 4982 4981 5125
f 5125 4980 5124
f 4981 4980 5125
f 4837 4981 4982
f 4982 4838 4837
f 4836 4980 4837
f 4837 4980 4981
f 4837 4692 4836
f 4837 4693 4692
f 4837 4838 4694
f 4694 4693 4837
f 4553 4408 4552
f 4408 4551 4552
f 4552 4696 4553
f 4552 4551 4696
f 5564 5419 5563
f 5419 5562 5563
f 5563 5708 5564
f 5707 5708 5563
f 5563 5706 5707
f 5562 5706 5563
f 5418 5562 5419
f 5419 5274 5418
f 5417 5560 5561
f 5561 5418 5417
f 5562 5418 5561
f 5561 5560 5705
f 5705 5562 5561
f 5275 5274 5419
f 5273 5416 5417
f 5272 5416 5273
f 5417 5418 5273
f 5273 5418 5274
f 4843 4986 4987
f 5129 5273 5130
f 5130 5273 5274
f 5130 4985 5129
f 5130 4986 4985
f 5274 5275 5130
f 5130 4987 4986
f 4840 4984 4985
f 4840 4697 4696
f 4840 4695 4839
f 4696 4695 4840
f 4839 4982 4983
f 4983 4840 4839
f 4984 4840 4983
f 3404 3405 3260
f 3260 3403 3404
f 3548 3405 3404
f 3404 3403 3548
f 3691 3547 3690
f 3547 3546 3690
f 3690 3835 3691
f 3834 3835 3690
f 3545 3546 3401
f 3829 3830 3686
f 3110 3253 3254
f 3397 3398 3254
f 3254 3253 3397
f 2034 2178 2179
f 2179 2035 2034
f 597 742 598
f 741 742 597
f 2177 2178 2034
f 2034 2033 2177
f 594 738 739
f 1743 1599 1598
f 1598 1599 1455
f 2031 2030 2174
f 29 28 445
f 445 28 444
f 26 3 442
f 442 3 441
f 1167 1022 1166
f 1166 1310 1167
f 2608 2607 2752
f 2752 2609 2608
f 2609 2464 2608
f 2608 2464 2463
f 2463 2607 2608
f 2176 2177 2033
f 2463 2464 2320
f 2320 2319 2463
f 2320 2176 2319
f 2750 2607 2606
f 2606 2607 2463
f 2463 2462 2606
f 3401 3256 3400
f 2967 2968 2750
f 2750 2966 2967
f 3111 3112 2967
f 3112 2968 2967
f 2967 3110 3111
f 2967 2966 3110
f 2965 3108 3109
f 3108 3253 3109
f 3109 3110 2965
f 3109 3253 3110
f 2760 2616 2615
f 249 97 248
f 96 97 249
f 249 250 96
f 250 95 96
f 98 99 325
f 98 248 97
f 328 250 249
f 328 457 329
f 251 250 328
f 328 329 251
f 2328 2184 2327
f 2184 2183 2327
f 4563 4564 4420
f 4420 4564 4565
f 4131 4130 4275
f 4130 4274 4275
f 4275 4276 4131
f 4275 4420 4276
f 4417 4274 4273
f 4417 4416 4561
f 4273 4272 4417
f 4272 4416 4417
f 3844 3845 3700
f 3700 3843 3844
f 3844 3843 3988
f 3988 3989 3844
f 3844 3989 3845
f 3841 3842 3698
f 3698 3697 3841
f 3985 3986 3841
f 3841 3986 3842
f 3841 3697 3696
f 3841 3984 3985
f 3698 3554 3553
f 3553 3697 3698
f 3553 3410 3409
f 3554 3410 3553
f 3696 3697 3553
f 3409 3408 3553
f 3694 3693 3838
f 3694 3838 3839
f 3839 3695 3694
f 3550 3693 3694
f 3694 3695 3550
f 2618 2762 2763
f 4965 4822 4821
f 4965 4966 4822
f 5109 4966 4965
f 4821 4820 4965
f 4534 4678 4535
f 4533 4678 4534
f 4535 4390 4534
f 4534 4390 4533
f 4823 4680 4679
f 4679 4678 4823
f 4679 4680 4535
f 4535 4678 4679
f 4249 4248 4392
f 4392 4536 4537
f 4392 4248 4247
f 4247 4391 4392
f 4392 4391 4535
f 4535 4536 4392
f 4538 4394 4537
f 4537 4681 4538
f 4538 4539 4395
f 4395 4394 4538
f 4683 4539 4538
f 4538 4682 4683
f 4825 4682 4538
f 4538 4681 4825
f 4103 4248 4104
f 4104 4249 4105
f 4104 4248 4249
f 4105 3962 3961
f 3961 4104 4105
f 3960 4104 3961
f 4818 4674 4817
f 4818 4817 4962
f 4962 4819 4818
f 4818 4819 4675
f 4675 4674 4818
f 4814 4815 4671
f 4671 4670 4814
f 4816 4672 4671
f 4671 4815 4816
f 4672 4528 4671
f 4671 4528 4527
f 4384 4528 4529
f 4529 4385 4384
f 4530 4385 4529
f 4529 4673 4530
f 4528 4673 4529
f 4532 4387 4531
f 4531 4530 4675
f 4675 4532 4531
f 4531 4386 4530
f 4531 4387 4386
f 4677 4820 4821
f 4677 4676 4820
f 4821 4822 4677
f 4822 4678 4677
f 4677 4678 4533
f 4533 4676 4677
f 4388 4533 4389
f 4533 4390 4389
f 4389 4245 4388
f 4389 4390 4245
f 3956 3811 3955
f 3811 3954 3955
f 3955 4099 3956
f 3955 3954 4099
f 4099 3954 4098
f 4098 3954 4097
f 4242 4099 4098
f 4098 4097 4242
f 3810 3809 3953
f 3953 3954 3810
f 3808 3952 3953
f 3953 3809 3808
f 3952 4097 3953
f 4097 3954 3953
f 3384 3527 3528
f 3528 3385 3384
f 3383 3384 3239
f 3383 3527 3384
f 3238 3381 3382
f 3239 3238 3382
f 3382 3383 3239
f 3526 3527 3382
f 3527 3383 3382
f 3524 3381 3380
f 3524 3523 3668
f 3524 3380 3523
f 3820 3821 3676
f 3676 3821 3677
f 3676 3533 3532
f 3677 3533 3676
f 3819 3963 3820
f 3820 3676 3819
f 3819 3676 3675
f 3819 3675 3674
f 3819 3962 3963
f 2954 3241 3098
f 3099 2955 3098
f 2955 2954 3098
f 2161 2017 2016
f 2161 2304 2305
f 2161 2305 2162
f 2162 2017 2161
f 2594 2593 2737
f 2737 2738 2594
f 2594 2449 2593
f 2448 2303 2447
f 2447 2592 2448
f 2447 2591 2592
f 5702 5559 5558
f 5559 5414 5558
f 5413 5557 5558
f 5558 5414 5413
f 5411 5267 5410
f 5267 5266 5410
f 5410 5265 5409
f 5410 5266 5265
f 5555 5411 5410
f 5410 5554 5555
f 5267 5412 5268
f 5268 5269 5124
f 5124 5267 5268
f 5413 5269 5268
f 5268 5412 5413
f 5120 5121 4976
f 4976 5119 5120
f 5704 5703 5847
f 5847 5703 5702
f 5423 5279 5278
f 5278 5422 5423
f 5279 5135 5278
f 5278 5135 5134
f 5710 5854 5855
f 5855 5711 5710
f 5854 5998 5855
f 5856 5712 5855
f 5712 5711 5855
f 5855 6000 5856
f 6001 6002 5858
f 5858 6003 5859
f 5858 6002 6003
f 5716 5572 5715
f 5715 5858 5859
f 5569 5713 5570
f 5570 5425 5569
f 5999 6143 6000
f 5999 5998 6143
f 6000 5855 5999
f 5999 5855 5998
f 5996 6140 5997
f 5997 5998 5853
f 5852 5996 5997
f 5997 5853 5852
f 4260 4259 4404
f 4259 4403 4404
f 4404 4405 4260
f 4548 4549 4404
f 4549 4405 4404
f 4404 4547 4548
f 4404 4403 4547
f 4116 3972 3971
f 3971 4115 4116
f 4260 4261 4116
f 4116 4259 4260
f 4116 4115 4259
f 3973 3972 4116
f 5687 5543 5542
f 5116 5259 5260
f 5116 4972 4971
f 5116 5261 5117
f 5260 5261 5116
f 5117 4973 5116
f 5116 4973 4972
f 5546 5547 5403
f 5403 5402 5546
f 5546 5545 5689
f 5546 5402 5545
f 5403 5259 5258
f 5258 5402 5403
f 5545 5402 5258
f 5114 5257 5258
f 5547 5546 5691
f 5691 5546 5690
f 5971 6115 5972
f 4398 4542 4543
f 4543 4399 4398
f 4542 4687 4543
f 4544 4400 4543
f 4400 4399 4543
f 4543 4688 4544
f 4543 4687 4688
f 4684 4541 4540
f 4540 4683 4684
f 4540 4539 4683
f 4395 4539 4540
f 752 751 895
f 1189 1188 1332
f 93 203 92
f 206 173 172
f 172 89 206
f 173 89 172
f 207 173 206
f 206 257 207
f 174 173 207
f 207 208 174
f 256 257 206
f 334 257 256
f 335 257 334
f 335 463 464
f 334 463 335
f 464 465 335
f 86 87 175
f 617 761 762
f 219 218 268
f 217 117 216
f 217 118 117
f 218 118 217
f 217 268 218
f 216 117 111
f 110 181 111
f 109 179 180
f 109 108 179
f 180 110 109
f 353 125 352
f 271 122 121
f 121 270 271
f 120 270 121
f 272 122 271
f 123 122 272
f 273 123 272
f 769 914 770
f 2196 2052 2195
f 2195 2340 2196
f 2339 2340 2195
f 2195 2194 2339
f 2484 2339 2483
f 2483 2626 2627
f 2769 2626 2625
f 2625 2624 2769
f 2482 2338 2337
f 2482 2625 2626
f 2626 2483 2482
f 2339 2338 2482
f 2482 2483 2339
f 2050 1905 2049
f 2049 2193 2050
f 2984 2983 3128
f 2767 2983 2984
f 3128 2985 2984
f 2985 2767 2984
f 2765 2983 2766
f 2983 2765 2982
f 2982 2764 2981
f 2982 2765 2764
f 2624 2625 2480
f 2480 2337 2336
f 2484 2483 2628
f 2628 2483 2627
f 2628 2485 2484
f 2628 2627 2771
f 2771 2772 2628
f 2989 2988 3133
f 2989 2772 2988
f 3133 2990 2989
f 2990 2772 2989
f 1611 1755 1756
f 3562 3419 3418
f 3418 3417 3562
f 3419 3274 3418
f 3274 3417 3418
f 895 751 750
f 750 894 895
f 1901 1756 1900
f 1900 2045 1901
f 1901 2045 1902
f 2763 2764 2620
f 895 894 1039
f 1039 1183 1040
f 2191 2334 2335
f 2191 2335 2336
f 1902 1903 1758
f 1758 1903 1759
f 1758 1901 1902
f 1469 1470 1326
f 1326 1183 1182
f 1471 1326 1470
f 2048 2049 1905
f 2048 1903 2047
f 321 102 103
f 103 320 321
f 104 320 103
f 739 596 595
f 595 594 739
f 453 596 597
f 325 324 453
f 453 324 323
f 105 319 104
f 105 106 447
f 7140 7285 7141
f 7286 7142 7141
f 7141 7285 7286
f 6997 6996 7140
f 7140 7141 6997
f 7142 6998 6997
f 6997 7141 7142
f 6995 7139 6996
f 6994 7139 6995
f 6853 6997 6998
f 6853 6852 6996
f 6996 6997 6853
f 6852 6853 6708
f 6573 6572 6716
f 6138 5993 6137
f 5841 5985 5986
f 5702 5558 5701
f 5701 5558 5557
f 5701 5557 5556
f 5556 5700 5701
f 6139 6284 6140
f 6139 5994 6138
f 5995 5994 6139
f 6139 6140 5996
f 5996 5995 6139
f 4704 4561 4560
f 4704 4705 4561
f 4560 4703 4704
f 4704 4847 4848
f 4703 4847 4704
f 4848 4849 4704
f 4849 4705 4704
f 4846 4701 4845
f 4845 4989 4846
f 4845 4844 4989
f 4845 4701 4700
f 4700 4844 4845
f 6012 5868 6011
f 6011 5868 5867
f 6011 6155 6012
f 6011 6154 6155
f 6149 6148 6293
f 6293 6148 6292
f 6439 6584 6440
f 6298 6154 6153
f 6301 6158 6157
f 6301 6157 6156
f 6301 6444 6445
f 6596 6595 6740
f 6596 6741 6597
f 6596 6740 6741
f 6597 6453 6596
f 6453 6452 6596
f 6595 6596 6451
f 6451 6596 6452
f 6451 6307 6306
f 6451 6452 6308
f 6308 6307 6451
f 6594 6739 6595
f 6595 6451 6594
f 6305 6449 6306
f 6306 6161 6305
f 6161 6304 6305
f 6426 6571 6427
f 6145 6144 6288
f 6288 6289 6145
f 6288 6144 6143
f 6433 6289 6288
f 1438 1294 1437
f 1438 1583 1439
f 1438 1582 1583
f 1870 1871 1726
f 1726 1871 1727
f 1727 1583 1726
f 1583 1582 1726
f 1437 1294 1293
f 2016 2159 2160
f 2160 2159 2304
f 2160 2161 2016
f 2304 2161 2160
f 1873 1729 1872
f 1729 1728 1872
f 1872 2016 1873
f 1872 1871 2016
f 1727 1871 1872
f 1872 1728 1727
f 1584 1441 1440
f 1440 1441 1296
f 1439 1584 1440
f 1440 1296 1439
f 1442 1443 1298
f 1298 1297 1442
f 1297 1441 1442
f 1442 1441 1585
f 1874 1730 1873
f 1873 2017 1874
f 2017 2018 1874
f 1154 1153 1298
f 575 431 430
f 1152 1151 1296
f 1296 1153 1152
f 1295 1151 1294
f 1295 1438 1439
f 1294 1438 1295
f 1439 1296 1295
f 1296 1151 1295
f 2589 2588 2733
f 2444 2588 2589
f 2158 2014 2157
f 2157 2301 2158
f 3093 2733 2732
f 2733 2588 2732
f 1146 1290 1147
f 1578 1435 1434
f 1434 1435 1290
f 1434 1290 1433
f 1433 1577 1434
f 1434 1577 1578
f 1437 1293 1436
f 425 424 568
f 427 570 571
f 571 428 427
f 571 572 428
f 713 712 857
f 859 858 1003
f 1003 860 859
f 715 571 714
f 714 571 570
f 714 859 715
f 858 859 714
f 857 858 714
f 714 713 857
f 716 571 715
f 572 571 716
f 715 859 716
f 716 859 860
f 716 860 717
f 717 573 716
f 573 572 716
f 1433 1290 1289
f 1290 1145 1289
f 1001 1145 1146
f 1001 858 857
f 440 439 584
f 728 727 871
f 2600 2744 2745
f 2600 2457 2456
f 2960 2744 2743
f 2743 2959 2960
f 2958 2959 2741
f 2741 2957 2958
f 437 436 581
f 581 582 437
f 869 725 724
f 725 581 724
f 434 577 578
f 578 435 434
f 3973 4118 3974
f 4118 3975 3974
f 3974 3975 3830
f 3974 3829 3973
f 3974 3830 3829
f 2458 2459 2314
f 2602 2459 2458
f 3682 3539 3538
f 3539 3394 3538
f 3391 3390 3534
f 3391 3246 3390
f 2958 2957 3102
f 3102 2959 2958
f 3103 2959 3102
f 7612 2860 7613
f 2859 2860 7612
f 7429 7428 7573
f 7430 7429 7573
f 6171 6026 6170
f 6170 6314 6171
f 6171 6172 6028
f 5742 5741 5886
f 5742 5886 5887
f 5887 5743 5742
f 5598 5741 5742
f 5742 5599 5598
f 5743 5599 5742
f 5010 5154 5155
f 5156 5012 5155
f 5155 5300 5156
f 5152 5297 5153
f 5009 5152 5153
f 5153 5010 5009
f 5153 5154 5010
f 5298 5441 5442
f 5298 5297 5441
f 5298 5153 5297
f 5154 5153 5298
f 5589 5733 5590
f 5591 5446 5590
f 5446 5589 5590
f 5590 5735 5591
f 5880 5735 5879
f 5735 5878 5879
f 5879 6023 5880
f 5879 5878 6022
f 6022 6023 5879
f 5734 5878 5735
f 5733 5878 5734
f 5735 5590 5734
f 5734 5590 5733
f 5876 5733 5732
f 5875 6020 5876
f 5732 5731 5876
f 5876 5731 5875
f 6019 6020 5875
f 6019 5874 6018
f 5875 5874 6019
f 6018 6163 6019
f 6163 6020 6019
f 6021 6165 6022
f 6021 6020 6165
f 6021 5876 6020
f 5586 5587 5442
f 5442 5441 5586
f 5586 5441 5585
f 5156 5300 5157
f 5157 5012 5156
f 4868 4869 4725
f 4723 4867 4868
f 5306 5449 5450
f 5306 5305 5449
f 5450 5451 5306
f 5306 5451 5307
f 5306 5307 5163
f 5589 5445 5444
f 800 656 799
f 514 370 369
f 369 513 514
f 369 370 30
f 368 513 369
f 512 513 368
f 656 513 512
f 512 511 656
f 657 513 656
f 657 800 801
f 656 800 657
f 801 802 657
f 514 513 657
f 57 372 373
f 373 58 57
f 374 58 373
f 378 377 522
f 378 278 377
f 282 283 141
f 141 140 282
f 141 283 221
f 3169 3312 3313
f 3169 3168 3312
f 3313 3314 3169
f 3314 3170 3169
f 3024 3168 3169
f 3169 3170 3026
f 2523 2522 2667
f 2667 2524 2523
f 2523 2379 2378
f 2378 2522 2523
f 34 35 365
f 365 366 34
f 38 362 37
f 39 361 38
f 361 362 38
f 37 362 363
f 363 36 37
f 798 797 941
f 368 32 367
f 367 512 368
f 511 512 367
f 367 32 33
f 33 366 367
f 799 656 655
f 656 511 655
f 1085 1228 1229
f 3035 3178 3179
f 3324 3180 3179
f 2676 3038 2677
f 2676 3037 3038
f 2676 2532 2531
f 3036 2674 3035
f 3180 3037 3036
f 3037 2676 3036
f 3035 3179 3036
f 3036 3179 3180
f 3465 3466 3322
f 3322 3321 3465
f 3178 3321 3322
f 3322 3179 3178
f 2385 2241 2384
f 2384 2528 2385
f 3317 3462 3318
f 3317 3461 3462
f 3317 3318 3174
f 3174 3173 3317
f 3316 3461 3317
f 3172 3316 3317
f 3317 3173 3172
f 3605 3461 3604
f 3606 3461 3605
f 3605 3749 3606
f 3604 3748 3605
f 3748 3749 3605
f 1085 1229 1230
f 1805 1804 1948
f 1948 1949 1805
f 1660 1804 1805
f 2670 3031 2671
f 2670 2669 3031
f 2525 2669 2670
f 2236 2235 2380
f 2380 2235 2379
f 2380 2524 2525
f 2379 2523 2380
f 2380 2523 2524
f 4916 4917 4772
f 4772 4915 4916
f 5631 5630 5774
f 5774 5775 5631
f 5776 5775 5919
f 5776 5631 5775
f 5202 5347 5203
f 5347 5204 5203
f 4918 4917 5061
f 4917 4916 5061
f 5346 5347 5202
f 5202 5345 5346
f 5352 5208 5207
f 5348 5204 5347
f 5348 5349 5204
f 5924 6069 5925
f 6069 6070 5925
f 5925 6070 5926
f 6071 6072 5927
f 5927 6070 6071
f 5926 6070 5927
f 4770 4913 4914
f 4770 4769 4913
f 4770 4915 4771
f 4914 4915 4770
f 4771 4627 4770
f 4770 4627 4626
f 4626 4625 4770
f 4625 4769 4770
f 5212 5067 5211
f 5212 5068 5067
f 5213 5068 5212
f 5211 5356 5212
f 5212 5356 5213
f 5067 5068 4924
f 4924 4923 5067
f 4924 4780 4923
f 5211 5067 5210
f 5067 5066 5210
f 4777 4776 4921
f 5064 5065 4921
f 4922 4778 4921
f 4921 4778 4777
f 4921 5066 4922
f 4921 5065 5066
f 4490 4635 4491
f 4491 4635 4492
f 4347 4490 4491
f 4491 4492 4347
f 4634 4490 4633
f 4634 4635 4490
f 4633 4778 4634
f 4778 4635 4634
f 4925 4926 4781
f 4781 4924 4925
f 4780 4924 4781
f 2394 2538 2539
f 2539 2683 2684
f 2539 2538 2682
f 2682 2683 2539
f 2391 2248 2247
f 2247 2104 2103
f 2247 2248 2104
f 3757 3613 3756
f 3758 3613 3757
f 3757 3756 3901
f 3901 3758 3757
f 3614 3613 3758
f 3614 3759 3615
f 3758 3759 3614
f 3615 3471 3614
f 3328 3185 3184
f 3184 3185 3040
f 3184 3183 3328
f 3039 3183 3184
f 3184 3040 3039
f 1531 1674 1675
f 279 137 278
f 668 525 524
f 525 381 524
f 524 381 380
f 1820 1676 1675
f 2254 2111 2110
f 2543 2686 2687
f 2687 2686 3048
f 3195 3194 3338
f 3337 3194 3193
f 3193 3192 3337
f 4344 4487 4488
f 4343 4487 4344
f 4488 4489 4344
f 4489 4345 4344
f 4200 4199 4344
f 4199 4343 4344
f 4344 4201 4200
f 4344 4345 4201
f 3481 3337 3336
f 3336 3480 3481
f 3337 3192 3336
f 3336 3192 3335
f 3335 3479 3336
f 3479 3480 3336
f 3622 3766 3767
f 3767 3623 3622
f 3766 3911 3767
f 3625 3480 3624
f 3623 3767 3624
f 3624 3480 3479
f 3479 3623 3624
f 3482 3625 3626
f 3626 3627 3482
f 3622 3477 3621
f 3621 3765 3622
f 2392 2391 2536
f 2391 2535 2536
f 2536 2535 2680
f 2536 2680 2537
f 2537 2392 2536
f 1521 1522 1378
f 1665 1522 1521
f 1521 1664 1665
f 1665 1664 1809
f 946 1089 1090
f 1235 1379 1380
f 1956 2100 2101
f 1381 1380 1525
f 1525 1526 1381
f 1525 1669 1526
f 1526 1671 1527
f 1527 1383 1526
f 1671 1528 1527
f 1527 1528 1383
f 2103 2104 1959
f 1095 950 1094
f 1094 1238 1095
f 1526 1383 1382
f 1383 1238 1382
f 1381 1526 1382
f 1236 1235 1380
f 1092 1235 1236
f 1524 1380 1523
f 1523 1668 1524
f 1524 1525 1380
f 1524 1668 1669
f 1669 1525 1524
f 371 55 370
f 370 515 371
f 56 55 371
f 371 372 56
f 371 515 372
f 660 659 804
f 660 515 659
f 3468 3324 3323
f 3323 3467 3468
f 3324 3179 3323
f 3179 3322 3323
f 3466 3467 3323
f 3323 3322 3466
f 4475 4619 4476
f 4476 4619 4620
f 4476 4331 4475
f 4476 4620 4621
f 4621 4477 4476
f 4189 4188 4333
f 4333 4334 4189
f 4333 4477 4334
f 6796 6941 6797
f 6796 6940 6941
f 6936 6937 6792
f 6792 6935 6936
f 6791 6935 6792
f 6203 6346 6347
f 5630 5485 5629
f 5629 5485 5628
f 5773 5630 5629
f 5629 5628 5773
f 5916 5915 6059
f 6059 6060 5916
f 5916 6060 6061
f 5773 5772 5916
f 5771 5915 5916
f 5916 5772 5771
f 5922 5923 5778
f 5922 6066 5923
f 6068 5923 6067
f 5923 6066 6067
f 5919 6063 6064
f 6355 6499 6356
f 6355 6354 6499
f 6208 6352 6353
f 6650 6507 6506
f 6506 6507 6362
f 6061 6060 6205
f 6205 6060 6204
f 6350 6349 6493
f 6350 6205 6349
f 6206 6205 6350
f 6061 6205 6062
f 6062 6205 6206
f 5919 5918 6062
f 6062 6063 5919
f 6208 6064 6207
f 6207 6064 6063
f 6207 6351 6208
f 6063 6062 6207
f 6207 6062 6206
f 6207 6350 6351
f 6206 6350 6207
f 5047 4903 4902
f 4902 5046 5047
f 4758 4901 4902
f 5045 5046 4902
f 4902 4901 5045
f 4902 4903 4759
f 4759 4758 4902
f 4757 4758 4613
f 4758 4614 4613
f 4613 4756 4757
f 4613 4612 4756
f 4469 4612 4613
f 4613 4614 4469
f 5624 5625 5480
f 5480 5623 5624
f 5480 5479 5623
f 5336 5335 5480
f 5480 5335 5479
f 5480 5337 5336
f 5478 5335 5334
f 5334 5477 5478
f 5334 5333 5477
f 5189 5333 5334
f 5488 5489 5345
f 5487 5631 5488
f 5344 5345 5200
f 5200 5199 5344
f 5199 5343 5344
f 5344 5488 5345
f 5344 5343 5487
f 5487 5488 5344
f 5199 5198 5342
f 5342 5343 5199
f 5342 5198 5341
f 5342 5341 5485
f 5487 5343 5342
f 4480 4624 4625
f 4625 4481 4480
f 4480 4336 4479
f 4480 4481 4336
f 4191 4336 4192
f 4191 4335 4336
f 4047 4190 4191
f 4191 4190 4334
f 4334 4335 4191
f 4191 4048 4047
f 4192 4048 4191
f 3906 3761 3905
f 3761 3904 3905
f 3905 4049 3906
f 3905 3904 4048
f 4048 4049 3905
f 4051 3906 4050
f 3906 4049 4050
f 4050 4049 4194
f 4050 4195 4051
f 4050 4194 4195
f 4479 4622 4623
f 4623 4480 4479
f 4624 4480 4623
f 4623 4622 4767
f 4623 4767 4768
f 4768 4624 4623
f 2550 2551 2406
f 2550 2694 2551
f 2549 2694 2550
f 3200 3199 3343
f 3343 3344 3200
f 3487 3344 3343
f 3343 3199 3342
f 3342 3486 3343
f 3486 3487 3343
f 1694 1837 1838
f 2271 2270 2414
f 2558 2559 2414
f 2413 2558 2414
f 2414 2269 2413
f 2414 2270 2269
f 2269 2270 2126
f 2126 2270 2271
f 3062 2701 2700
f 3062 3063 2701
f 2413 2556 2557
f 2556 2701 2557
f 2557 2558 2413
f 2557 2701 2558
f 2558 2701 2702
f 2701 3063 2702
f 2702 2703 2558
f 2702 3063 2703
f 1549 1406 1405
f 1405 1406 1261
f 1548 1549 1405
f 1261 1260 1405
f 1261 1406 1262
f 1693 1694 1549
f 1693 1837 1694
f 1693 1549 1548
f 1548 1692 1693
f 1836 1837 1693
f 1693 1692 1836
f 2121 2264 2265
f 3057 2697 2696
f 2695 3057 2696
f 2696 2551 2695
f 2554 2411 2410
f 2410 2553 2554
f 2554 2697 2698
f 2554 2553 2697
f 1257 1258 1113
f 294 395 295
f 296 295 395
f 166 153 152
f 154 153 166
f 826 827 683
f 185 128 184
f 129 128 185
f 185 186 129
f 129 186 130
f 187 112 130
f 130 186 187
f 541 397 540
f 827 971 828
f 1117 1260 1261
f 1116 1260 1117
f 1117 1262 1118
f 1261 1262 1117
f 398 298 397
f 398 541 542
f 397 541 398
f 236 237 194
f 236 298 237
f 1548 1405 1404
f 1404 1405 1260
f 1114 1258 1115
f 1115 971 1114
f 1114 1113 1258
f 1835 1691 1690
f 1836 1691 1835
f 1980 1836 1835
f 1835 1979 1980
f 2122 2121 2265
f 1545 1544 1689
f 1545 1546 1402
f 1545 1689 1690
f 1690 1546 1545
f 1403 1404 1260
f 1548 1404 1403
f 1970 1825 1969
f 1397 1396 1540
f 1539 1540 1396
f 1539 1683 1684
f 1684 1540 1539
f 1255 1254 1399
f 1399 1254 1398
f 1398 1542 1399
f 1688 1544 1687
f 1689 1544 1688
f 1686 1685 1829
f 1828 1973 1829
f 1829 1684 1828
f 1829 1685 1684
f 2118 1974 1973
f 1831 1687 1686
f 1831 1688 1687
f 2548 2404 2403
f 2548 2692 2549
f 2117 2118 1973
f 521 377 520
f 377 376 520
f 520 665 521
f 275 276 134
f 1095 1238 1239
f 1239 1238 1383
f 1529 1386 1385
f 1385 1528 1529
f 953 809 952
f 952 1097 953
f 1096 1097 952
f 1096 952 1095
f 2249 2248 2392
f 2104 2248 2249
f 2394 2250 2249
f 1671 1815 1672
f 1672 1528 1671
f 1673 1674 1529
f 1529 1528 1673
f 1528 1672 1673
f 531 675 676
f 819 675 818
f 387 531 388
f 291 229 228
f 228 229 187
f 187 186 228
f 2198 2197 2341
f 2341 2197 2340
f 2484 2485 2341
f 2341 2340 2484
f 2052 2197 2053
f 2053 2197 2198
f 2486 2341 2485
f 2773 2990 2991
f 2991 2774 2773
f 2773 2772 2990
f 2773 2628 2772
f 1478 1621 1622
f 1477 1621 1478
f 1480 1336 1335
f 1189 1190 1045
f 1045 1190 1046
f 178 211 212
f 1482 1338 1481
f 1481 1336 1480
f 1195 1338 1339
f 1339 1338 1483
f 1051 1194 1195
f 1051 1050 1194
f 1051 907 906
f 906 1050 1051
f 1627 1770 1771
f 1771 1770 1915
f 1914 1770 1913
f 1913 2058 1914
f 1915 1770 1914
f 1916 1915 2059
f 2202 2203 2059
f 2059 2058 2202
f 1915 1914 2059
f 2059 1914 2058
f 2205 2062 2061
f 2062 1917 2061
f 2061 1917 1916
f 2780 2781 2636
f 1916 1917 1772
f 1772 1915 1916
f 1772 1771 1915
f 1772 1628 1627
f 1627 1771 1772
f 2489 2490 2346
f 2202 2201 2346
f 2346 2347 2202
f 2491 2347 2346
f 2346 2490 2491
f 2491 2490 2634
f 2489 2346 2345
f 2345 2346 2201
f 632 488 487
f 490 633 634
f 634 635 490
f 1065 1066 921
f 921 1066 922
f 921 920 1065
f 489 633 490
f 489 359 488
f 488 632 489
f 489 632 633
f 1931 1930 2074
f 1787 1930 1931
f 1356 1500 1357
f 780 779 923
f 642 786 643
f 642 499 498
f 643 499 642
f 642 498 497
f 643 786 787
f 787 786 931
f 931 786 930
f 2499 2500 2356
f 2788 2645 2644
f 2645 2500 2644
f 2643 2788 2644
f 2499 2643 2644
f 2644 2500 2499
f 131 125 353
f 132 355 133
f 356 145 133
f 133 355 356
f 354 355 132
f 132 131 354
f 483 355 354
f 354 131 353
f 353 483 354
f 1347 1203 1346
f 2212 2213 2069
f 2069 2070 1925
f 2069 2213 2070
f 2357 2501 2502
f 2502 2358 2357
f 2357 2358 2214
f 2214 2213 2357
f 2357 2500 2501
f 2357 2356 2500
f 2357 2213 2212
f 2212 2356 2357
f 145 357 146
f 1782 1925 1926
f 1926 1927 1782
f 1782 1927 1783
f 1783 1639 1782
f 2509 2652 2653
f 2366 2365 2509
f 2078 2077 2221
f 2221 2222 2078
f 1933 2077 2078
f 2078 2222 2223
f 2223 2079 2078
f 2359 2360 2216
f 2504 2360 2359
f 2359 2358 2502
f 2214 2358 2359
f 1641 1642 1497
f 1785 1642 1641
f 1497 1640 1641
f 1641 1640 1785
f 1499 1642 1643
f 1643 1642 1787
f 1643 1500 1499
f 1786 1785 1929
f 1929 1930 1786
f 1786 1642 1785
f 1787 1642 1786
f 1786 1930 1787
f 1498 1499 1355
f 1355 1354 1498
f 1499 1500 1355
f 1355 1500 1356
f 1209 1354 1210
f 1210 1066 1209
f 1354 1355 1210
f 2649 2794 2650
f 2505 2506 2362
f 2362 2361 2505
f 2649 2650 2505
f 2505 2650 2506
f 2505 2648 2649
f 2504 2648 2505
f 2505 2360 2504
f 2505 2361 2360
f 1509 1653 1510
f 503 502 647
f 792 647 791
f 791 647 790
f 1368 1224 1223
f 1368 1511 1512
f 1656 1799 1800
f 1512 1511 1656
f 505 362 361
f 505 792 649
f 2088 2087 2231
f 2231 2232 2088
f 2375 2376 2231
f 2376 2232 2231
f 1801 1944 2088
f 2088 1945 1801
f 2088 2232 2089
f 2089 1945 2088
f 2089 2232 2376
f 643 787 788
f 931 932 788
f 788 787 931
f 1074 1218 1219
f 1219 1362 1363
f 1219 1218 1362
f 1943 1944 1799
f 1943 2087 2088
f 2088 1944 1943
f 1803 1659 1658
f 1658 1659 1515
f 797 652 796
f 796 941 797
f 1508 1653 1509
f 1650 1507 1506
f 1506 1507 1362
f 2371 2370 2515
f 2371 2227 2370
f 2226 2227 2082
f 2370 2227 2226
f 2226 2369 2370
f 2514 2370 2513
f 2513 2658 2514
f 2515 2370 2514
f 2659 2658 2802
f 2802 2803 2659
f 2515 2514 2659
f 2659 2514 2658
f 2804 2660 2659
f 2659 2803 2804
f 3452 3309 3308
f 3309 3164 3308
f 3308 3164 3307
f 3308 3451 3452
f 3307 3451 3308
f 7554 7555 7410
f 7410 7553 7554
f 7552 7407 7551
f 2811 2809 2810
f 7656 7655 2903
f 7277 7276 7420
f 7420 7276 7275
f 7275 7419 7420
f 7278 7134 7277
f 7277 7422 7278
f 7281 7425 7426
f 7567 7423 7566
f 6994 6995 6851
f 6996 6852 6851
f 6851 6995 6996
f 6989 7134 6990
f 6990 7134 6991
f 7440 7441 7296
f 7296 7439 7440
f 7155 7298 7299
f 7292 7148 7147
f 7147 7291 7292
f 6872 7015 7016
f 6866 6865 7010
f 7010 6865 7009
f 7155 7011 7010
f 7156 7012 7155
f 7156 7301 7157
f 7157 7013 7156
f 7013 7012 7156
f 7155 7299 7156
f 6868 7012 6869
f 6868 6869 6724
f 7296 7152 7151
f 7153 7152 7296
f 7009 7152 7153
f 7413 7412 7556
f 7556 7411 7555
f 7556 7412 7411
f 7703 7560 7559
f 7263 7407 7264
f 7263 7264 7120
f 7682 7539 7538
f 6400 6544 6401
f 6544 6545 6401
f 6547 6548 6404
f 6833 6834 6690
f 6687 6543 6686
f 6688 6543 6687
f 6690 6545 6689
f 6689 6545 6688
f 6689 6833 6690
f 6689 6688 6832
f 6832 6833 6689
f 6547 6402 6546
f 6690 6547 6546
f 6546 6545 6690
f 6402 6401 6546
f 6546 6401 6545
f 6807 6663 6662
f 6229 6228 6373
f 6957 6813 6812
f 6672 6527 6671
f 6667 6812 6668
f 6813 6669 6668
f 6668 6812 6813
f 6960 6961 6816
f 6959 6958 7102
f 7102 6957 7101
f 7102 6958 6957
f 7114 6970 6969
f 6969 6824 6968
f 6969 6970 6826
f 6973 6974 6830
f 6830 6829 6973
f 6686 6829 6830
f 6685 6829 6686
f 6686 6541 6685
f 6826 6970 6827
f 6970 6971 6827
f 6680 6824 6681
f 5407 5263 5406
f 5407 5408 5263
f 5406 5551 5407
f 5551 5408 5407
f 5550 5551 5406
f 5406 5405 5550
f 5405 5549 5550
f 5692 5691 5835
f 5547 5691 5692
f 5404 5549 5405
f 5403 5547 5404
f 5404 5259 5403
f 5260 5259 5404
f 5404 5261 5260
f 5404 5405 5261
f 5843 5986 5987
f 5551 5696 5552
f 5552 5408 5551
f 5699 5554 5698
f 5984 6127 6128
f 5983 6127 5984
f 5684 5541 5540
f 5684 5685 5541
f 5825 5968 5969
f 5969 5970 5825
f 5968 6112 5969
f 5825 5970 5826
f 5826 5970 5827
f 5826 5682 5825
f 7372 7228 7371
f 7091 7092 6947
f 6653 6509 6652
f 6653 6654 6509
f 6797 6654 6653
f 6653 6796 6797
f 6652 6796 6653
f 6655 6799 6656
f 6655 6798 6799
f 6655 6654 6798
f 6222 6365 6366
f 6076 5931 6075
f 5931 6076 5932
f 5787 5931 5932
f 5643 5787 5644
f 5930 5787 5786
f 5786 5785 5930
f 5786 5787 5643
f 6073 6074 5930
f 6660 6661 6517
f 6659 6803 6660
f 6663 6807 6664
f 6656 6801 6657
f 6801 6658 6657
f 6369 6514 6370
f 6514 6371 6370
f 6370 6371 6226
f 6370 6225 6369
f 6226 6225 6370
f 6516 6517 6373
f 6659 6660 6516
f 6516 6660 6517
f 6373 6228 6372
f 6228 6371 6372
f 6372 6516 6373
f 6371 6516 6372
f 6934 6935 6791
f 6791 6790 6934
f 6642 6643 6498
f 6498 6641 6642
f 6787 6643 6642
f 6495 6352 6351
f 6351 6350 6495
f 5820 5676 5675
f 5675 5819 5820
f 5963 5819 5818
f 5819 5675 5818
f 5093 5236 5237
f 5237 5236 5381
f 5091 4947 5090
f 5091 5092 4948
f 4948 4947 5091
f 5381 5236 5380
f 5096 5097 4952
f 5096 5095 5240
f 5240 5097 5096
f 4951 5094 5095
f 4807 4806 4951
f 4951 4808 4807
f 4952 4808 4951
f 4951 5096 4952
f 5095 5096 4951
f 5083 4940 4939
f 4508 4364 4507
f 4796 4652 4651
f 4651 4507 4506
f 4651 4652 4508
f 4508 4507 4651
f 4220 4364 4221
f 4509 4366 4365
f 4508 4509 4365
f 4365 4364 4508
f 4365 4366 4221
f 4221 4364 4365
f 4511 4512 4367
f 4367 4510 4511
f 4655 4512 4511
f 4511 4510 4655
f 4080 3936 4079
f 3936 3935 4079
f 4079 3935 4078
f 4078 4223 4079
f 4079 4224 4080
f 4079 4223 4224
f 3786 3929 3930
f 3790 3645 3789
f 4076 3932 4075
f 4075 4220 4076
f 5076 4931 5075
f 5075 5219 5076
f 5366 5223 5222
f 5222 5223 5078
f 5078 5077 5222
f 4935 4791 4934
f 5078 4935 4934
f 4933 5077 4934
f 4934 5077 5078
f 4936 4935 5080
f 4936 5081 4937
f 5080 5081 4936
f 4792 4936 4937
f 4792 4791 4935
f 4935 4936 4792
f 3644 3499 3643
f 3643 3499 3642
f 3644 3645 3500
f 3500 3499 3644
f 3355 3499 3500
f 3498 3499 3354
f 3498 3353 3497
f 3354 3353 3498
f 3497 3642 3498
f 3642 3499 3498
f 3350 3351 3207
f 3494 3495 3350
f 3350 3495 3351
f 3637 3781 3638
f 3636 3781 3637
f 3637 3638 3494
f 3494 3493 3637
f 4072 3929 3928
f 3497 3352 3496
f 3352 3495 3496
f 3496 3640 3497
f 3496 3495 3640
f 4230 4374 4231
f 4231 4086 4230
f 4230 4229 4373
f 4373 4374 4230
f 4087 4231 4088
f 4231 4232 4088
f 4088 3944 4087
f 3799 3800 3655
f 3655 3798 3799
f 3799 3943 3800
f 3799 3798 3943
f 3942 3941 4085
f 4085 4086 3942
f 4085 3941 4084
f 4228 4229 4085
f 4085 4084 4228
f 4229 4230 4085
f 4085 4230 4086
f 3073 3216 3217
f 3217 3218 3073
f 3507 3363 3362
f 3507 3650 3651
f 3507 3651 3652
f 3652 3508 3507
f 3364 3509 3365
f 3508 3509 3364
f 3365 3221 3364
f 3364 3507 3508
f 3363 3507 3364
f 4658 4515 4514
f 4514 4657 4658
f 4655 4800 4656
f 4656 4800 4657
f 4656 4512 4655
f 4656 4657 4512
f 3654 3798 3655
f 3797 3798 3654
f 3654 3653 3797
f 3655 3511 3654
f 3654 3511 3510
f 3510 3509 3654
f 3509 3653 3654
f 704 703 848
f 848 703 847
f 2002 1858 1857
f 1713 1712 1857
f 849 850 705
f 849 705 704
f 704 848 849
f 3806 3661 3805
f 3805 3661 3804
f 3949 3806 3805
f 3805 3804 3949
f 3804 3661 3660
f 3659 3803 3660
f 3660 3803 3804
f 3660 3515 3659
f 3226 3225 3370
f 3082 3225 3226
f 3370 3227 3226
f 3226 3227 3083
f 3083 3082 3226
f 1855 1999 2000
f 1998 1999 1855
f 1855 1854 1998
f 1710 1854 1855
f 1855 1711 1710
f 1423 1422 1567
f 1710 1711 1567
f 2575 2432 2431
f 2430 2575 2431
f 2432 2433 2288
f 2433 2289 2288
f 2000 1999 2144
f 1999 2143 2144
f 2144 2289 2145
f 2144 2288 2289
f 1280 1279 1424
f 1136 1135 1280
f 1280 1135 1279
f 1277 1278 1133
f 1277 1422 1278
f 1277 1421 1422
f 1566 1565 1710
f 1422 1565 1566
f 1710 1567 1566
f 1566 1567 1422
f 1564 1565 1421
f 1709 1565 1564
f 315 66 314
f 313 413 314
f 68 313 67
f 313 314 67
f 67 314 66
f 317 64 316
f 560 561 417
f 417 416 560
f 417 561 418
f 316 416 417
f 417 317 316
f 418 63 417
f 417 63 64
f 64 317 417
f 560 416 415
f 415 416 315
f 315 314 415
f 418 561 562
f 561 706 562
f 562 563 418
f 562 706 563
f 2576 2433 2432
f 2576 2577 2433
f 2720 2577 2576
f 2575 2720 2576
f 2576 2432 2575
f 2145 2289 2290
f 2290 2289 2433
f 2578 2722 2579
f 2724 2580 2579
f 2579 2580 2436
f 1285 1428 1429
f 709 852 853
f 1571 1715 1572
f 1572 1428 1571
f 1572 1573 1428
f 1286 1285 1429
f 1141 1285 1286
f 1286 1287 1143
f 4526 4671 4527
f 4670 4671 4526
f 4527 4383 4526
f 4669 4670 4526
f 4526 4525 4669
f 4381 4238 4237
f 4237 4380 4381
f 4380 4525 4381
f 3229 3230 3085
f 3229 3373 3230
f 3085 3228 3229
f 3228 3373 3229
f 5677 5533 5676
f 5678 5533 5677
f 5677 5676 5821
f 5821 5678 5677
f 5389 5533 5390
f 5389 5390 5246
f 5246 5245 5389
f 6111 5967 5966
f 5966 6110 6111
f 6109 6110 5966
f 5966 5822 5821
f 5966 5967 5823
f 5823 5822 5966
f 6398 6541 6542
f 6398 6399 6255
f 6542 6543 6398
f 6398 6543 6399
f 5800 5655 5799
f 5662 5661 5805
f 5371 5515 5516
f 5515 5659 5516
f 5516 5661 5517
f 5374 5375 5231
f 5231 5232 5087
f 5231 5375 5232
f 4941 4940 5085
f 5085 4942 4941
f 5224 5368 5369
f 5369 5512 5513
f 5368 5512 5369
f 5225 5226 5082
f 5082 5081 5225
f 5225 5081 5224
f 5224 5369 5225
f 6261 6404 6405
f 5105 4962 4961
f 5105 5106 4962
f 4961 4960 5105
f 4960 5104 5105
f 5105 5104 5249
f 5249 5106 5105
f 4964 4963 5107
f 5107 5108 4964
f 4964 4965 4820
f 4964 5108 5109
f 5109 4965 4964
f 4964 4819 4963
f 4820 4819 4964
f 5531 5387 5386
f 5242 5385 5386
f 5386 5243 5242
f 5386 5387 5243
f 5384 5385 5240
f 5538 5681 5682
f 5538 5395 5394
f 5539 5395 5538
f 5394 5393 5538
f 5396 5395 5540
f 5540 5541 5396
f 5541 5397 5396
f 5396 5397 5253
f 5676 5533 5532
f 5531 5675 5532
f 5532 5675 5676
f 4234 4378 4235
f 4378 4379 4235
f 4235 4236 4091
f 4380 4236 4235
f 4235 4379 4380
f 4667 4668 4523
f 4523 4522 4667
f 4667 4522 4666
f 4811 4668 4667
f 4810 4811 4667
f 4667 4666 4810
f 4521 4377 4520
f 4521 4520 4665
f 4665 4522 4521
f 4378 4377 4521
f 4521 4522 4378
f 4784 4928 4929
f 4640 4784 4641
f 4930 5074 4931
f 4929 5073 4930
f 5073 5074 4930
f 5218 5219 5075
f 5075 5074 5218
f 5218 5074 5073
f 5073 5217 5218
f 5363 5219 5218
f 5218 5362 5363
f 5218 5217 5361
f 5361 5362 5218
f 4932 4787 4931
f 4931 5076 4932
f 4932 5077 4933
f 4932 5076 5077
f 5649 5650 5506
f 6224 6225 6080
f 6082 5938 5937
f 6082 6083 5939
f 5939 5938 6082
f 6226 6083 6082
f 6082 6225 6226
f 5941 5940 6085
f 5940 6084 6085
f 6085 5942 5941
f 6085 6086 5942
f 6085 6084 6228
f 6228 6229 6085
f 5214 5070 5213
f 5215 5070 5214
f 5069 5068 5213
f 5213 5070 5069
f 4925 4924 5069
f 5069 4924 5068
f 5069 4926 4925
f 5069 5070 4926
f 5509 5364 5508
f 5364 5507 5508
f 5506 5650 5651
f 5651 5507 5506
f 5367 5512 5368
f 5367 5223 5366
f 5367 5368 5224
f 5224 5223 5367
f 5511 5654 5655
f 5655 5512 5511
f 5511 5367 5366
f 5512 5367 5511
f 4203 4060 4059
f 4060 3915 4059
f 4059 4202 4203
f 3912 3767 3911
f 4055 4199 4200
f 4200 4056 4055
f 4054 4199 4055
f 4055 3911 4054
f 4055 3912 3911
f 4056 3912 4055
f 4207 4063 4206
f 4063 4062 4206
f 4206 4350 4207
f 4206 4062 4061
f 3924 3781 3780
f 3925 3781 3924
f 4209 4352 4353
f 3919 4063 3920
f 4063 4064 3920
f 3920 3775 3919
f 3920 3776 3775
f 1720 1575 1719
f 1720 1863 1864
f 1719 1863 1720
f 1864 1865 1720
f 854 855 711
f 711 710 854
f 998 855 854
f 854 853 998
f 854 710 709
f 709 853 854
f 2153 2009 2152
f 2152 2009 2008
f 2151 2296 2152
f 2007 2151 2152
f 2152 2008 2007
f 2440 2295 2439
f 2440 2296 2295
f 196 170 169
f 169 195 196
f 169 170 81
f 81 82 169
f 169 82 168
f 168 194 169
f 194 195 169
f 81 170 80
f 170 171 80
f 197 79 80
f 80 171 197
f 302 303 240
f 240 198 197
f 2133 1989 2132
f 200 201 76
f 243 201 200
f 200 242 243
f 303 242 241
f 241 240 303
f 241 200 199
f 242 200 241
f 199 198 241
f 198 240 241
f 692 549 548
f 549 404 548
f 1990 1846 1845
f 1845 1989 1990
f 3214 3069 3213
f 3214 3070 3069
f 2564 2708 2709
f 2564 2563 2708
f 3213 3069 3212
f 3069 3068 3212
f 3067 3211 3212
f 3212 3068 3067
f 1990 2133 2134
f 2709 2566 2565
f 2566 2422 2565
f 2565 2564 2709
f 2420 2275 2419
f 2419 2564 2420
f 2563 2564 2419
f 2562 2563 2419
f 2275 2130 2274
f 2274 2419 2275
f 2273 2274 2129
f 2129 2274 2130
f 2129 2272 2273
f 2129 2128 2272
f 2273 2272 2417
f 2417 2274 2273
f 403 303 302
f 403 548 404
f 403 304 303
f 403 404 304
f 2711 2566 2710
f 2710 3072 2711
f 2710 2566 2709
f 3501 3645 3646
f 3501 3500 3645
f 3649 3650 3506
f 3506 3505 3649
f 3650 3507 3506
f 3362 3505 3506
f 3506 3507 3362
f 3647 3504 3503
f 3647 3648 3504
f 3790 3791 3647
f 3647 3646 3790
f 3792 3647 3791
f 3648 3647 3792
f 3792 3793 3649
f 3649 3648 3792
f 3791 3935 3792
f 3792 3935 3936
f 3936 3937 3792
f 3792 3937 3793
f 304 404 405
f 405 305 304
f 405 404 549
f 549 550 405
f 244 305 306
f 306 307 244
f 305 405 306
f 695 839 840
f 551 550 695
f 550 694 695
f 838 839 695
f 695 694 838
f 840 839 983
f 309 408 409
f 409 310 309
f 840 841 696
f 696 841 697
f 551 695 696
f 696 695 840
f 310 409 410
f 988 1132 1133
f 2426 2569 2570
f 2569 2714 2570
f 2711 2712 2567
f 2567 2566 2711
f 2423 2566 2567
f 987 988 844
f 2278 2422 2423
f 2423 2279 2278
f 2278 2277 2422
f 2278 2134 2133
f 2133 2277 2278
f 1128 983 1127
f 2285 2286 2142
f 2285 2429 2430
f 2430 2286 2285
f 2285 2428 2429
f 1710 1709 1853
f 1853 1854 1710
f 1998 1854 1853
f 1853 1997 1998
f 708 852 709
f 709 565 708
f 565 564 708
f 421 24 420
f 420 565 421
f 420 564 565
f 420 24 23
f 23 419 420
f 563 564 420
f 420 419 563
f 1140 1285 1141
f 3202 3345 3346
f 3346 3489 3490
f 3346 3345 3489
f 3346 3203 3202
f 3347 3203 3346
f 3780 3635 3779
f 3779 3635 3778
f 3492 3635 3636
f 3636 3637 3492
f 3492 3637 3493
f 3349 3205 3348
f 3348 3492 3349
f 3349 3492 3493
f 3349 3350 3205
f 3349 3493 3494
f 3494 3350 3349
f 2271 2414 2415
f 2415 2414 2559
f 6721 6578 6577
f 6577 6576 6721
f 6723 6724 6580
f 6723 6868 6724
f 6574 6719 6575
f 6719 6576 6575
f 6431 6575 6576
f 6431 6430 6574
f 6574 6575 6431
f 6590 6445 6589
f 6880 6879 7024
f 6879 6880 6735
f 6592 6591 6735
f 6735 6590 6734
f 6735 6591 6590
f 6877 7022 6878
f 7022 6879 6878
f 6878 6735 6734
f 6879 6735 6878
f 7024 6879 7023
f 7023 6879 7022
f 7023 7167 7024
f 7023 7022 7167
f 6870 6726 6869
f 6871 6727 6870
f 6727 6726 6870
f 6870 7015 6871
f 6870 7014 7015
f 6870 6869 7013
f 7013 7014 6870
f 6724 6869 6725
f 6869 6726 6725
f 6580 6724 6581
f 6724 6725 6581
f 6581 6437 6580
f 6583 6726 6727
f 6727 6584 6583
f 6584 6439 6583
f 6440 6584 6441
f 4741 4597 4740
f 4597 4596 4740
f 4740 4596 4739
f 4740 4885 4741
f 4740 4884 4885
f 4740 4739 4883
f 4883 4884 4740
f 4451 4450 4595
f 4451 4596 4452
f 4595 4596 4451
f 4452 4308 4451
f 4451 4308 4307
f 4451 4307 4306
f 4306 4450 4451
f 3724 3723 3867
f 3867 3868 3724
f 3724 3868 3725
f 3724 3725 3580
f 3580 3723 3724
f 3575 3432 3431
f 3431 3430 3575
f 3431 3432 3287
f 3287 3430 3431
f 2495 2640 2496
f 1918 2062 1919
f 1918 1917 2062
f 1628 1772 1629
f 2207 2206 2350
f 2062 2206 2207
f 2783 2782 3000
f 3000 2784 2783
f 2783 2784 2639
f 2639 2495 2638
f 2495 2494 2638
f 2638 2783 2639
f 2782 2783 2638
f 2781 2782 2638
f 2999 3143 3000
f 3000 2782 2999
f 2998 3142 2999
f 2999 3142 3143
f 2999 2781 2998
f 2999 2782 2781
f 3001 3145 3146
f 3146 3002 3001
f 3001 3002 2784
f 3001 2784 3000
f 3000 3144 3001
f 3001 3144 3145
f 3003 3004 2786
f 2786 3004 2787
f 2787 2643 2786
f 2786 3002 3003
f 2785 3002 2786
f 2355 2354 2499
f 2499 2356 2355
f 2355 2356 2212
f 2785 2786 2641
f 2641 2496 2640
f 2784 2785 2641
f 2641 2640 2784
f 4587 4588 4444
f 4587 4586 4731
f 4587 4732 4588
f 4731 4732 4587
f 1649 1794 1650
f 1649 1793 1794
f 1650 1506 1649
f 2081 2226 2082
f 2082 1938 2081
f 2223 2366 2367
f 2367 2368 2223
f 2512 2368 2367
f 2367 2511 2512
f 2655 2799 2656
f 2656 2511 2655
f 2652 2509 2508
f 2508 2509 2365
f 2795 2796 2651
f 2796 2652 2651
f 2652 2508 2651
f 2506 2650 2651
f 2794 2795 2651
f 2651 2650 2794
f 4180 4324 4181
f 4036 4035 4180
f 4180 4035 4179
f 4180 4037 4036
f 4181 4037 4180
f 4326 4470 4327
f 4470 4471 4327
f 4327 4471 4328
f 4327 4328 4183
f 4327 4182 4326
f 4183 4182 4327
f 4177 4320 4321
f 4321 4322 4177
f 4321 4320 4465
f 4465 4322 4321
f 4179 4322 4323
f 4323 4180 4179
f 4324 4180 4323
f 4467 4324 4323
f 4323 4322 4467
f 3876 3877 3732
f 3732 3731 3876
f 3731 3875 3876
f 4020 3877 3876
f 4019 4020 3876
f 3876 3875 4019
f 6314 6169 6313
f 6169 6312 6313
f 6457 6313 6312
f 6600 6601 6457
f 6458 6314 6457
f 6314 6313 6457
f 6457 6602 6458
f 6457 6601 6602
f 6455 6312 6311
f 6311 6167 6310
f 6311 6312 6167
f 6600 6455 6599
f 6455 6598 6599
f 6453 6598 6454
f 6454 6598 6455
f 6310 6309 6454
f 6454 6309 6453
f 6454 6311 6310
f 6455 6311 6454
f 7021 7022 6877
f 6877 7020 7021
f 7167 7312 7168
f 7024 7167 7168
f 7315 7171 7170
f 7172 7171 7315
f 7167 7166 7311
f 7311 7312 7167
f 7614 7470 7613
f 7615 7470 7614
f 7613 2862 7614
f 2863 7615 7614
f 7614 2862 2863
f 7613 7470 7469
f 7469 7612 7613
f 7468 7612 7469
f 7469 7325 7468
f 7469 7470 7325
f 7184 7183 7328
f 7328 7183 7327
f 7327 7472 7328
f 7181 7325 7182
f 7175 7320 7176
f 6894 6895 6751
f 6751 6750 6894
f 7180 7325 7181
f 2894 2893 2811
f 2811 2895 2894
f 2811 2897 2896
f 2896 2895 2811
f 7648 2895 2896
f 2811 2870 2869
f 2869 2868 2811
f 2867 2866 2811
f 2811 2868 2867
f 6464 6607 6608
f 6608 6609 6464
f 6469 6612 6613
f 6757 6612 6756
f 6756 6901 6757
f 6467 6610 6611
f 6611 6612 6467
f 6898 6754 6897
f 6898 6897 7042
f 6900 7044 6901
f 6901 6756 6900
f 6900 6756 6899
f 6738 6737 6882
f 6882 6739 6738
f 6738 6594 6737
f 6739 6594 6738
f 6883 6739 6882
f 6884 6739 6883
f 6882 7027 6883
f 7027 6884 6883
f 6742 6886 6743
f 6743 6886 6887
f 6600 6599 6743
f 6598 6742 6743
f 6743 6599 6598
f 7173 7172 7317
f 7317 7174 7173
f 7319 7320 7175
f 7175 7174 7319
f 6748 6605 6604
f 6604 6605 6461
f 5617 5473 5616
f 5617 5618 5473
f 5619 5618 5763
f 5616 5473 5472
f 5472 5471 5616
f 5470 5614 5615
f 5615 5471 5470
f 5616 5471 5615
f 5615 5759 5616
f 5326 5470 5327
f 5470 5471 5327
f 5183 5182 5327
f 5327 5182 5326
f 5329 5330 5185
f 5473 5330 5329
f 6042 5898 6041
f 5755 5611 5754
f 5755 5756 5611
f 5754 5898 5755
f 6047 6046 6190
f 6188 6044 6187
f 6475 6619 6620
f 6623 6478 6622
f 6614 6613 6757
f 6614 6469 6613
f 6614 6615 6471
f 6615 6614 6759
f 6038 6039 5894
f 6322 6466 6467
f 6174 6175 6030
f 6030 6029 6174
f 6174 6029 6173
f 6032 6175 6176
f 6030 6175 6031
f 6031 6175 6032
f 5887 6030 6031
f 6031 6032 5887
f 5888 6032 6033
f 6033 5889 5888
f 6033 6034 5889
f 6177 6034 6033
f 6033 6176 6177
f 6032 6176 6033
f 5891 5747 5746
f 5891 6034 6035
f 6035 6036 5891
f 5748 5747 5891
f 5464 5319 5463
f 5463 5319 5462
f 5463 5607 5464
f 5462 5607 5463
f 5604 5460 5603
f 5603 5748 5604
f 5604 5461 5460
f 5604 5605 5461
f 5748 5749 5604
f 5749 5605 5604
f 5614 5613 5758
f 5759 5615 5758
f 5758 5615 5614
f 5034 5035 4890
f 4890 5033 5034
f 5034 5179 5035
f 5177 5032 5176
f 5177 5033 5032
f 5176 5320 5177
f 5320 5321 5177
f 5177 5321 5322
f 5177 5034 5033
f 4604 4605 4461
f 4461 4460 4604
f 4605 4606 4461
f 4606 4462 4461
f 4317 4316 4461
f 4461 4316 4460
f 4318 4317 4461
f 4461 4462 4318
f 4604 4460 4603
f 4460 4459 4603
f 4603 4747 4604
f 4603 4458 4602
f 4603 4459 4458
f 4602 4746 4603
f 4603 4746 4747
f 3415 3560 3416
f 3416 3560 3417
f 3272 3415 3416
f 3416 3273 3272
f 3416 3417 3273
f 3559 3558 3703
f 3703 3560 3559
f 3559 3415 3558
f 3559 3560 3415
f 3122 3266 3123
f 3266 3267 3123
f 3123 3267 3268
f 4994 4849 4993
f 4849 4992 4993
f 5291 5434 5435
f 5435 5292 5291
f 5148 5292 5149
f 5005 5004 5148
f 5148 5149 5005
f 5574 5430 5573
f 5571 5426 5570
f 5571 5715 5572
f 5430 5285 5429
f 5429 5573 5430
f 5579 5723 5580
f 5580 5435 5579
f 5579 5435 5434
f 5724 5725 5580
f 5580 5723 5724
f 5724 5868 5725
f 5723 5868 5724
f 6013 5870 5869
f 5869 5868 6013
f 5870 5725 5869
f 5725 5868 5869
f 5290 5291 5146
f 5146 5289 5290
f 5290 5434 5291
f 5290 5289 5434
f 5284 5139 5283
f 5283 5139 5138
f 5286 5285 5430
f 5143 5142 5286
f 5286 5142 5141
f 5141 5285 5286
f 5140 5141 4996
f 5141 4997 4996
f 4995 5140 4996
f 4996 4852 4995
f 4996 4997 4852
f 5287 5144 5143
f 5287 5431 5432
f 5143 5286 5287
f 5430 5431 5287
f 5287 5286 5430
f 4136 4137 3992
f 3992 3991 4136
f 4136 3991 4135
f 4280 4137 4136
f 4136 4135 4279
f 4279 4280 4136
f 5312 5313 5168
f 5168 5311 5312
f 5456 5313 5312
f 5456 5312 5455
f 5455 5312 5311
f 5310 5454 5455
f 5455 5311 5310
f 5455 5600 5456
f 5455 5599 5600
f 5455 5454 5598
f 5598 5599 5455
f 5598 5454 5597
f 5454 5453 5597
f 5597 5453 5596
f 5597 5741 5598
f 5596 5741 5597
f 5165 5164 5309
f 5452 5453 5309
f 5310 5166 5309
f 5309 5166 5165
f 5309 5454 5310
f 5309 5453 5454
f 5022 5166 5023
f 5021 5166 5022
f 4878 5021 5022
f 5022 4879 4878
f 5023 4879 5022
f 4576 4719 4720
f 4720 4863 4864
f 4720 4719 4863
f 4864 4865 4720
f 4865 4721 4720
f 4722 4865 4866
f 4722 4721 4865
f 4866 4723 4722
f 4434 4579 4435
f 4435 4579 4436
f 4435 4291 4434
f 4435 4292 4291
f 4436 4292 4435
f 3572 3716 3573
f 3573 3428 3572
f 3571 3715 3572
f 3715 3716 3572
f 3572 3427 3571
f 3572 3428 3427
f 3718 3573 3717
f 3573 3716 3717
f 3717 3861 3718
f 3717 3716 3861
f 3979 3834 3978
f 3979 3835 3834
f 3978 4123 3979
f 4123 3980 3979
f 3693 3692 3836
f 3836 3837 3693
f 3836 3692 3835
f 3835 3979 3836
f 3836 3979 3980
f 3836 3980 3981
f 3981 3837 3836
f 4121 3977 4120
f 4121 4122 3977
f 4120 4265 4121
f 4265 4122 4121
f 4988 4844 4843
f 4843 4987 4988
f 4989 4844 4988
f 5132 4989 4988
f 4988 4987 5132
f 5131 5275 5132
f 5131 5130 5275
f 5132 4987 5131
f 4987 5130 5131
f 4841 4985 4842
f 4841 4840 4985
f 4697 4840 4841
f 4842 4698 4841
f 4698 4697 4841
f 5127 4982 5126
f 5127 4983 4982
f 5126 5270 5127
f 5127 5270 5271
f 4984 4983 5127
f 5271 5272 5127
f 3833 3834 3689
f 3834 3690 3689
f 3688 3832 3689
f 3689 3832 3833
f 3689 3690 3546
f 3546 3545 3689
f 3685 3684 3829
f 3829 3686 3685
f 3255 3256 3111
f 3111 3110 3255
f 3110 3254 3255
f 2611 2756 2612
f 2612 2613 2469
f 2756 2613 2612
f 2035 2179 2180
f 1172 1171 1316
f 883 884 739
f 1027 1171 1028
f 1028 1171 1172
f 1028 883 1027
f 884 883 1028
f 740 596 739
f 739 884 740
f 597 596 740
f 740 741 597
f 740 884 885
f 885 741 740
f 454 455 325
f 325 453 454
f 597 598 454
f 454 453 597
f 2321 2322 2178
f 2178 2177 2321
f 2466 2322 2321
f 2321 2320 2464
f 2177 2176 2321
f 2176 2320 2321
f 449 320 448
f 321 320 449
f 738 594 737
f 1023 1022 1167
f 1023 879 1022
f 1742 1743 1598
f 1167 1310 1311
f 1310 1455 1311
f 1598 1455 1454
f 1454 1455 1310
f 444 28 27
f 29 445 446
f 446 106 29
f 447 106 446
f 446 591 447
f 26 442 443
f 443 27 26
f 444 27 443
f 1887 2030 2031
f 1743 1742 1887
f 1888 1745 1744
f 1743 1887 1744
f 1744 1887 1888
f 2175 2176 2031
f 2319 2176 2175
f 2031 2174 2175
f 2318 2319 2175
f 2175 2174 2318
f 2031 2176 2032
f 2032 1887 2031
f 1888 1887 2032
f 2032 2176 2033
f 3544 3545 3401
f 3401 3400 3544
f 3688 3689 3544
f 3544 3689 3545
f 2759 2760 2615
f 2976 2760 2759
f 2615 2758 2759
f 2759 2758 2976
f 2977 2760 2976
f 2976 3120 2977
f 2977 3120 3121
f 2977 3121 3122
f 599 743 600
f 455 454 599
f 599 454 598
f 599 598 742
f 742 743 599
f 889 745 888
f 325 455 326
f 326 98 325
f 248 98 326
f 459 329 458
f 458 602 459
f 329 457 458
f 459 602 603
f 603 602 747
f 603 747 748
f 601 745 602
f 601 458 457
f 602 458 601
f 457 328 456
f 600 601 456
f 456 601 457
f 456 326 455
f 455 599 456
f 456 599 600
f 1751 1895 1896
f 2326 2327 2183
f 2183 2182 2326
f 4421 4277 4276
f 4276 4420 4421
f 4422 4277 4421
f 4421 4565 4422
f 4421 4420 4565
f 4418 4417 4561
f 4274 4417 4418
f 4418 4275 4274
f 3984 3841 3840
f 3840 3983 3984
f 3839 3983 3840
f 3840 3841 3696
f 3840 3695 3839
f 3696 3695 3840
f 3696 3553 3552
f 3551 3695 3552
f 3552 3695 3696
f 3552 3553 3408
f 3552 3407 3551
f 3408 3407 3552
f 2475 2331 2474
f 4393 4250 4249
f 4249 4392 4393
f 4537 4250 4393
f 4393 4392 4537
f 3960 3961 3817
f 3670 3527 3526
f 3958 3957 4102
f 4102 4103 3958
f 3668 3669 3525
f 3525 3524 3668
f 3525 3670 3526
f 3669 3670 3525
f 3381 3524 3525
f 3526 3382 3525
f 3525 3382 3381
f 3818 3961 3962
f 3962 3819 3818
f 3818 3819 3674
f 3674 3817 3818
f 3818 3817 3961
f 3532 3389 3388
f 3388 3387 3532
f 3388 3389 3244
f 3244 3387 3388
f 3241 3385 3242
f 3242 3098 3241
f 3099 3098 3242
f 3532 3387 3531
f 3531 3676 3532
f 3675 3676 3531
f 3674 3675 3531
f 2449 2594 2450
f 2450 2306 2305
f 2305 2449 2450
f 2730 2729 3091
f 2591 2447 2590
f 2735 2591 2590
f 2590 2734 2735
f 2733 2734 2590
f 2590 2589 2733
f 5121 4978 4977
f 4977 4976 5121
f 4977 4978 4834
f 4975 4830 4974
f 4831 4830 4975
f 4974 5119 4975
f 5119 4976 4975
f 5848 5849 5704
f 5704 5847 5848
f 5566 5422 5421
f 5421 5565 5566
f 5857 5713 5856
f 5857 5858 5713
f 6001 5858 5857
f 5856 6000 5857
f 5857 6000 6001
f 5570 5713 5714
f 5714 5571 5570
f 5715 5571 5714
f 5713 5858 5714
f 5858 5715 5714
f 5568 5425 5424
f 5568 5569 5425
f 5424 5567 5568
f 5568 5567 5712
f 5712 5713 5568
f 5713 5569 5568
f 6141 5997 6140
f 6141 6285 6142
f 6142 5998 6141
f 5998 5997 6141
f 6141 6284 6285
f 6140 6284 6141
f 4117 4118 3973
f 3973 4116 4117
f 4117 4116 4261
f 4262 4118 4117
f 4117 4261 4262
f 5542 5685 5686
f 5686 5687 5542
f 5689 5545 5688
f 5545 5544 5688
f 5688 5544 5543
f 5543 5687 5688
f 5115 5116 4971
f 5115 4970 5114
f 5115 4971 4970
f 5259 5116 5115
f 5114 5258 5115
f 5115 5258 5259
f 5401 5257 5400
f 5401 5258 5257
f 5400 5545 5401
f 5545 5258 5401
f 6412 6556 6413
f 6269 6412 6413
f 6123 6267 6124
f 6125 5980 6124
f 5835 5691 5834
f 5834 5691 5690
f 5828 5827 5971
f 5971 5972 5828
f 5828 5972 5829
f 5829 5685 5828
f 5685 5684 5828
f 4396 4252 4395
f 4395 4540 4396
f 209 175 174
f 174 208 209
f 176 175 209
f 896 752 895
f 896 1039 1040
f 895 1039 896
f 753 752 896
f 751 752 607
f 607 750 751
f 464 463 607
f 208 207 258
f 258 207 257
f 257 335 258
f 258 209 208
f 259 209 258
f 337 259 258
f 609 752 753
f 1189 1332 1333
f 1333 1332 1477
f 1477 1478 1333
f 1477 1332 1476
f 260 209 259
f 260 259 337
f 85 86 157
f 158 62 85
f 85 157 158
f 156 175 157
f 157 86 156
f 156 86 175
f 342 343 264
f 759 615 614
f 471 343 342
f 471 614 615
f 618 617 762
f 618 762 619
f 619 475 618
f 475 474 618
f 473 344 343
f 473 618 474
f 617 618 473
f 616 471 615
f 475 347 346
f 119 219 120
f 119 218 219
f 119 118 218
f 182 181 216
f 216 111 182
f 182 111 181
f 273 351 274
f 351 352 274
f 274 352 125
f 481 482 353
f 353 352 481
f 350 351 273
f 273 272 350
f 350 272 271
f 913 914 769
f 1345 1488 1489
f 483 482 627
f 2050 2194 2051
f 2194 2195 2051
f 2051 2195 2052
f 2481 2482 2337
f 2625 2482 2481
f 2337 2480 2481
f 2481 2480 2625
f 3127 2983 3126
f 2983 2982 3126
f 3270 3127 3126
f 3126 3269 3270
f 3126 3125 3269
f 2981 3125 3126
f 3126 2982 2981
f 1899 1755 1898
f 1899 2043 1900
f 1900 1756 1899
f 1756 1755 1899
f 1323 1322 1466
f 1898 1755 1754
f 1754 1753 1898
f 1468 1611 1612
f 1612 1611 1756
f 1612 1756 1613
f 1469 1468 1612
f 1612 1613 1469
f 894 750 893
f 893 1037 894
f 893 1036 1037
f 1613 1756 1757
f 1756 1901 1757
f 1757 1758 1613
f 1901 1758 1757
f 2619 2620 2475
f 2763 2620 2619
f 2619 2618 2763
f 2475 2474 2619
f 2619 2474 2618
f 2476 2331 2475
f 2475 2620 2476
f 2333 2476 2477
f 2477 2476 2620
f 2622 2478 2477
f 2477 2334 2333
f 2477 2478 2334
f 2764 2765 2621
f 2621 2620 2764
f 2621 2477 2620
f 2622 2477 2621
f 2766 2622 2621
f 2621 2765 2766
f 1182 1183 1038
f 1183 1039 1038
f 1038 1039 894
f 1038 1037 1182
f 894 1037 1038
f 2046 2191 2047
f 1902 2045 2046
f 2046 1903 1902
f 2047 1903 2046
f 1759 1616 1615
f 1616 1471 1615
f 1760 1616 1759
f 1759 1903 1760
f 2192 2191 2336
f 2336 2193 2192
f 2047 2191 2192
f 2192 2048 2047
f 2193 2049 2192
f 2049 2048 2192
f 323 322 452
f 452 453 323
f 596 453 452
f 451 322 321
f 594 595 451
f 451 452 322
f 451 595 596
f 596 452 451
f 447 319 318
f 318 105 447
f 319 105 318
f 2745 2602 2601
f 2601 2600 2745
f 2457 2600 2601
f 2602 2458 2601
f 2601 2458 2457
f 2314 2170 2169
f 891 1034 1035
f 1035 1034 1179
f 1035 1036 891
f 1179 1036 1035
f 1322 1179 1178
f 1179 1034 1178
f 891 747 890
f 890 1034 891
f 890 745 889
f 889 1034 890
f 1180 1036 1179
f 1037 1036 1180
f 6854 6853 6998
f 6854 6999 6855
f 6998 6999 6854
f 6855 6710 6854
f 6710 6853 6854
f 6281 6137 6136
f 6279 6136 6135
f 6135 5990 6134
f 6278 6423 6279
f 6279 6135 6278
f 6278 6135 6134
f 6421 6278 6277
f 6276 6421 6277
f 6433 6578 6434
f 6578 6435 6434
f 6292 6291 6436
f 6291 6435 6436
f 6436 6293 6292
f 6437 6293 6436
f 6580 6437 6436
f 6436 6435 6580
f 6580 6435 6579
f 6579 6435 6578
f 6579 6723 6580
f 6578 6723 6579
f 6294 6439 6295
f 6155 6154 6299
f 6154 6298 6299
f 6156 6155 6299
f 6299 6298 6442
f 6448 6592 6449
f 6448 6591 6592
f 6447 6591 6448
f 6449 6305 6448
f 6448 6305 6304
f 6446 6301 6445
f 6445 6590 6446
f 6446 6591 6447
f 6590 6591 6446
f 6593 6592 6737
f 6737 6594 6593
f 6449 6592 6593
f 6593 6594 6449
f 6449 6594 6450
f 6450 6594 6451
f 6306 6449 6450
f 6450 6451 6306
f 6574 6430 6429
f 6429 6573 6574
f 6285 6284 6429
f 1004 860 1003
f 861 860 1004
f 1004 1005 861
f 1004 1147 1148
f 1003 1147 1004
f 1294 1150 1149
f 1149 1293 1294
f 1149 1004 1148
f 1005 1004 1149
f 1585 1730 1586
f 1586 1442 1585
f 1153 1154 1009
f 866 865 1009
f 866 1009 1010
f 1010 1009 1154
f 574 575 430
f 574 573 717
f 574 430 429
f 429 573 574
f 1007 1151 1008
f 1151 1152 1008
f 1008 1152 1153
f 1153 1009 1008
f 2013 2157 2014
f 2013 2156 2157
f 2012 1868 1867
f 2156 2013 2012
f 2444 2301 2300
f 2300 2443 2444
f 2301 2157 2300
f 2157 2156 2300
f 1580 1436 1435
f 1292 1436 1293
f 1292 1149 1148
f 1293 1149 1292
f 1148 1147 1292
f 1435 1436 1292
f 711 712 567
f 712 568 567
f 423 566 567
f 566 711 567
f 567 424 423
f 567 568 424
f 569 568 712
f 712 713 569
f 425 568 569
f 569 570 425
f 569 714 570
f 713 714 569
f 1288 1432 1433
f 1433 1289 1288
f 1288 1287 1432
f 1143 1287 1288
f 1002 1001 1146
f 858 1001 1002
f 1003 858 1002
f 1002 1147 1003
f 1146 1147 1002
f 583 584 439
f 439 582 583
f 728 584 583
f 583 727 728
f 728 871 872
f 1015 1159 1160
f 1015 1158 1159
f 870 1015 871
f 869 1013 870
f 1014 1013 1157
f 1157 1158 1014
f 1014 870 1013
f 1158 1015 1014
f 1015 870 1014
f 2959 2743 2742
f 2742 2741 2959
f 2598 2597 2742
f 2597 2741 2742
f 2744 2600 2599
f 2599 2743 2744
f 2598 2742 2599
f 2599 2742 2743
f 580 581 436
f 580 724 581
f 580 436 435
f 1155 1010 1154
f 1155 1154 1298
f 722 578 577
f 866 723 722
f 723 578 722
f 435 578 579
f 579 578 723
f 579 580 435
f 723 724 579
f 724 580 579
f 1593 1594 1450
f 1883 1739 1882
f 1882 1739 1738
f 1738 1739 1594
f 2314 2459 2315
f 2460 2315 2459
f 3537 3681 3682
f 3682 3538 3537
f 3680 3681 3537
f 3535 3534 3679
f 3535 3391 3534
f 3246 3391 3247
f 3103 3102 3247
f 3247 3102 3246
f 3245 3100 3244
f 3246 3102 3245
f 3244 3389 3245
f 3245 3389 3390
f 3390 3246 3245
f 2849 2848 2811
f 2811 2850 2849
f 7602 2849 2850
f 2859 7610 2858
f 2811 2859 2858
f 7611 7610 2859
f 2859 7612 7611
f 2811 2841 2840
f 2840 2839 2811
f 2838 2837 2811
f 2811 2839 2838
f 2811 2837 2836
f 2842 2841 2811
f 6027 6171 6028
f 6026 6171 6027
f 6027 6028 5883
f 5883 6026 6027
f 6314 6459 6315
f 6459 6316 6315
f 6315 6171 6314
f 6172 6171 6315
f 6315 6316 6172
f 6461 6316 6460
f 6460 6316 6459
f 6460 6604 6461
f 6459 6604 6460
f 6173 6172 6317
f 6172 6316 6317
f 6317 6316 6461
f 5010 5155 5011
f 5011 5155 5012
f 5011 4866 5010
f 5011 4867 4866
f 5012 4868 5011
f 5011 4868 4867
f 5299 5155 5154
f 5154 5298 5299
f 5300 5155 5299
f 5299 5298 5442
f 5299 5444 5300
f 5876 6021 5877
f 5877 5878 5733
f 5733 5876 5877
f 6022 5878 5877
f 5877 6021 6022
f 5731 5587 5730
f 5587 5586 5730
f 5729 5874 5730
f 5730 5585 5729
f 5730 5586 5585
f 5875 5731 5730
f 5730 5874 5875
f 5160 5303 5304
f 5160 5305 5161
f 5304 5305 5160
f 4870 4871 4726
f 4726 4725 4870
f 4725 4869 4870
f 5014 5157 5158
f 5012 5157 5013
f 5013 5157 5014
f 5013 4868 5012
f 4869 4868 5013
f 5013 4870 4869
f 5014 4870 5013
f 4724 4868 4725
f 4723 4868 4724
f 4725 4580 4724
f 4724 4579 4723
f 4580 4579 4724
f 5161 5305 5162
f 5305 5306 5162
f 5162 5306 5163
f 5163 5018 5162
f 5162 5018 5161
f 5589 5444 5588
f 5588 5444 5587
f 5588 5587 5732
f 5732 5733 5588
f 5588 5733 5589
f 5442 5587 5443
f 5587 5444 5443
f 5443 5299 5442
f 5444 5299 5443
f 31 369 30
f 31 32 368
f 368 369 31
f 514 657 658
f 658 657 802
f 658 659 514
f 658 802 659
f 517 373 372
f 517 518 374
f 374 373 517
f 948 949 804
f 1092 949 948
f 134 276 135
f 142 221 222
f 142 141 221
f 3026 2808 3025
f 3025 3169 3026
f 2808 3024 3025
f 3024 3169 3025
f 653 652 797
f 36 363 364
f 35 36 364
f 363 508 364
f 364 365 35
f 654 655 511
f 798 799 654
f 799 655 654
f 654 797 798
f 654 653 797
f 2674 3036 2675
f 2675 2531 2530
f 2530 2674 2675
f 2675 2676 2531
f 2675 3036 2676
f 2240 2241 2097
f 2240 2384 2241
f 798 941 942
f 942 941 1085
f 1663 1664 1519
f 1088 1087 1231
f 1231 1087 1230
f 2093 2237 2238
f 2093 1949 2092
f 2093 2092 2236
f 2236 2237 2093
f 1661 1516 1660
f 1660 1805 1661
f 2525 2670 2526
f 2381 2380 2525
f 2238 2237 2381
f 2381 2237 2236
f 2236 2380 2381
f 5921 5776 5920
f 5920 5776 5919
f 5920 6064 5921
f 5919 6064 5920
f 5777 5776 5921
f 5921 5922 5777
f 5777 5922 5778
f 5058 4915 4914
f 5058 5057 5202
f 4914 5057 5058
f 5059 5203 5204
f 4915 5058 5059
f 5202 5203 5059
f 5059 5058 5202
f 5207 5063 5062
f 5062 5063 4918
f 4918 5061 5062
f 5204 5349 5205
f 5205 5061 5204
f 5490 5346 5345
f 5345 5489 5490
f 5643 5499 5498
f 5497 5498 5354
f 5351 5352 5207
f 5349 5348 5492
f 5924 5925 5781
f 5928 5927 6072
f 5784 5928 5785
f 5927 5928 5784
f 5066 5065 5209
f 5209 5210 5066
f 5064 5208 5209
f 5209 5065 5064
f 4920 4919 5064
f 5064 4921 4920
f 4920 4776 4919
f 4920 4921 4776
f 4350 4349 4494
f 2395 2251 2394
f 2394 2539 2395
f 2395 2396 2251
f 2539 2396 2395
f 3470 3614 3471
f 3470 3326 3469
f 3470 3471 3326
f 3469 3613 3470
f 3613 3614 3470
f 1530 1674 1531
f 1531 1386 1530
f 1529 1674 1530
f 1530 1386 1529
f 2106 2250 2251
f 2106 2249 2250
f 2108 1965 1964
f 1964 1963 2108
f 2540 2541 2397
f 2397 2396 2540
f 2684 2541 2540
f 2540 2539 2684
f 2540 2396 2539
f 1819 1675 1674
f 1962 1963 1819
f 1819 1820 1675
f 1819 1963 1964
f 1964 1820 1819
f 281 140 139
f 282 140 281
f 281 381 282
f 522 523 379
f 379 378 522
f 380 279 379
f 278 378 379
f 379 279 278
f 379 524 380
f 523 524 379
f 137 279 138
f 810 665 809
f 667 523 522
f 667 810 811
f 668 524 667
f 667 524 523
f 384 284 283
f 1246 1389 1390
f 1246 1102 1101
f 1531 1675 1532
f 1675 1676 1532
f 1532 1389 1388
f 2398 2542 2543
f 2397 2542 2398
f 2398 2254 2397
f 2111 2254 2255
f 2254 2398 2255
f 2256 2112 2255
f 2255 2112 2111
f 2397 2254 2253
f 1676 1820 1821
f 1821 1820 1964
f 1964 1965 1821
f 1390 1389 1534
f 3048 3192 3049
f 3192 3193 3049
f 3049 3193 3194
f 3341 3197 3196
f 3196 3197 3053
f 3769 3625 3768
f 3625 3624 3768
f 3768 3624 3767
f 3767 3912 3768
f 3627 3626 3770
f 3770 3625 3769
f 3770 3626 3625
f 3477 3476 3620
f 3620 3621 3477
f 3620 3475 3619
f 3476 3475 3620
f 3619 3764 3620
f 3764 3765 3620
f 3765 3621 3620
f 1378 1233 1377
f 1377 1521 1378
f 945 946 801
f 945 1089 946
f 1953 1809 1808
f 1808 1809 1664
f 1954 1809 1953
f 1954 1953 2097
f 2097 2098 1954
f 2244 2100 2243
f 2388 2244 2243
f 1234 1233 1378
f 1234 1089 1233
f 1234 1090 1089
f 1378 1379 1234
f 1379 1235 1234
f 946 1090 947
f 947 948 804
f 1092 948 947
f 2103 1959 2102
f 1813 1669 1812
f 1812 1956 1813
f 1238 1094 1237
f 1092 1236 1237
f 1381 1382 1237
f 1237 1382 1238
f 1237 1380 1381
f 1237 1236 1380
f 372 515 516
f 515 660 516
f 516 517 372
f 516 660 661
f 661 517 516
f 4332 4476 4477
f 4477 4333 4332
f 4331 4476 4332
f 4188 4331 4332
f 4332 4333 4188
f 6348 6204 6203
f 6203 6347 6348
f 6349 6205 6348
f 6348 6205 6204
f 6493 6349 6348
f 6348 6492 6493
f 6348 6347 6491
f 6491 6492 6348
f 5917 5918 5773
f 5773 5916 5917
f 5917 5916 6061
f 6061 6062 5917
f 5917 6062 5918
f 5921 6064 6065
f 6065 5922 5921
f 6066 5922 6065
f 6065 6210 6066
f 6357 6356 6501
f 6506 6362 6505
f 6505 6650 6506
f 6359 6503 6360
f 6211 6067 6066
f 6066 6210 6211
f 6212 6068 6211
f 6068 6067 6211
f 6211 6356 6212
f 6211 6355 6356
f 6354 6355 6211
f 6211 6210 6354
f 6354 6210 6209
f 6209 6353 6354
f 6208 6353 6209
f 6210 6065 6209
f 6209 6064 6208
f 6209 6065 6064
f 6652 6507 6651
f 6507 6650 6651
f 6794 6650 6793
f 6937 6794 6793
f 6793 6792 6937
f 6363 6362 6507
f 6508 6364 6363
f 6363 6507 6508
f 6217 6216 6360
f 6217 6362 6218
f 6218 6074 6217
f 6074 6073 6217
f 6072 6216 6217
f 6217 6073 6072
f 5906 5907 5763
f 6053 6052 6197
f 6052 6053 5909
f 5909 6053 5910
f 6344 6200 6199
f 5625 5482 5481
f 5481 5480 5625
f 5481 5482 5337
f 5337 5480 5481
f 5189 5334 5190
f 5190 5046 5189
f 5191 5046 5190
f 5190 5335 5191
f 5190 5334 5335
f 5487 5342 5486
f 5486 5342 5485
f 5486 5485 5630
f 5486 5631 5487
f 5630 5631 5486
f 1550 1694 1551
f 1694 1695 1551
f 1551 1406 1550
f 1983 2128 1984
f 1981 1837 1980
f 1981 2126 1982
f 1982 1838 1981
f 1981 1838 1837
f 3061 3062 2700
f 3205 3062 3061
f 2700 3060 3061
f 3061 3060 3205
f 1690 1689 1833
f 1689 1688 1833
f 2264 2121 2120
f 2409 2410 2265
f 2409 2553 2410
f 2409 2265 2408
f 2408 2553 2409
f 2697 2553 2552
f 2552 2696 2697
f 2552 2553 2408
f 2408 2551 2552
f 2551 2696 2552
f 2699 3060 2700
f 2700 2556 2699
f 2699 2554 2698
f 3348 3205 3204
f 3205 3060 3204
f 3204 3203 3348
f 3059 2699 2698
f 3060 2699 3059
f 3203 3204 3059
f 3059 3204 3060
f 2698 2697 3059
f 3059 2697 3058
f 3059 3058 3202
f 3202 3203 3059
f 1111 966 1110
f 1111 1254 1255
f 1110 1254 1111
f 294 232 231
f 232 190 231
f 1257 1113 1256
f 1256 1111 1255
f 1255 1399 1256
f 396 395 540
f 396 296 395
f 540 397 396
f 397 296 396
f 167 166 192
f 192 193 167
f 154 166 167
f 167 168 154
f 167 194 168
f 167 193 194
f 235 193 192
f 298 236 235
f 194 193 235
f 235 236 194
f 184 226 227
f 227 185 184
f 226 289 227
f 289 228 227
f 186 185 227
f 227 228 186
f 830 974 831
f 542 541 686
f 684 541 540
f 684 828 829
f 540 539 684
f 539 683 684
f 684 683 827
f 827 828 684
f 1116 1117 972
f 972 828 971
f 1115 1116 972
f 972 971 1115
f 970 971 826
f 970 1114 971
f 1113 1114 970
f 2123 2122 2267
f 1979 2122 2123
f 2123 2267 2268
f 2268 2124 2123
f 2123 2124 1980
f 1980 1979 2123
f 1979 1835 1834
f 1834 1835 1690
f 1690 1833 1834
f 2265 2410 2266
f 2266 2122 2265
f 2266 2410 2267
f 2267 2122 2266
f 1401 1545 1402
f 1401 1258 1257
f 1401 1402 1258
f 1258 1402 1259
f 1402 1403 1259
f 1115 1258 1259
f 1259 1260 1115
f 1259 1403 1260
f 1690 1691 1547
f 1547 1546 1690
f 1547 1691 1548
f 1548 1403 1547
f 1402 1546 1547
f 1547 1403 1402
f 1681 1825 1826
f 1537 1681 1538
f 1683 1539 1538
f 1393 1250 1249
f 2543 2544 2400
f 2256 2255 2400
f 1827 1683 1826
f 1826 1970 1827
f 1970 1971 1827
f 1827 1971 1828
f 1828 1684 1827
f 1684 1683 1827
f 2115 1971 1970
f 1684 1685 1541
f 1541 1540 1684
f 1397 1540 1541
f 1541 1398 1397
f 1541 1542 1398
f 1541 1685 1686
f 1686 1542 1541
f 285 223 222
f 222 284 285
f 285 385 286
f 284 384 285
f 285 384 385
f 224 223 285
f 285 286 224
f 1395 1396 1251
f 1395 1539 1396
f 1687 1544 1543
f 1544 1399 1543
f 1543 1542 1687
f 1543 1399 1542
f 1974 2118 2119
f 2119 2262 2263
f 2119 2118 2262
f 2263 2264 2119
f 2264 2120 2119
f 1830 1831 1686
f 1974 1831 1830
f 1686 1829 1830
f 1973 1974 1830
f 1830 1829 1973
f 2262 2118 2261
f 2118 2117 2261
f 661 806 662
f 662 517 661
f 518 517 662
f 805 806 661
f 804 949 805
f 805 949 950
f 950 806 805
f 805 660 804
f 661 660 805
f 952 809 808
f 809 665 808
f 808 951 952
f 150 58 374
f 518 662 519
f 374 518 519
f 1242 1097 1241
f 1241 1386 1242
f 1241 1385 1386
f 2393 2392 2537
f 2393 2249 2392
f 2393 2537 2394
f 2394 2249 2393
f 2105 1961 2104
f 2104 2249 2105
f 2249 2106 2105
f 2105 1962 1961
f 2105 2106 1962
f 2104 1961 1960
f 1960 1959 2104
f 1815 1959 1960
f 819 818 962
f 530 531 387
f 675 531 530
f 1108 964 1107
f 288 289 226
f 288 226 225
f 225 287 288
f 288 287 387
f 387 388 288
f 532 531 676
f 532 388 531
f 821 677 676
f 822 823 678
f 678 821 822
f 677 821 678
f 290 228 289
f 291 228 290
f 1622 1621 1766
f 1766 1621 1765
f 2057 1913 2056
f 1909 2053 1910
f 1909 1766 1765
f 1910 1766 1909
f 2052 2053 1909
f 2054 2053 2198
f 1910 2053 2054
f 2630 2486 2485
f 2630 2773 2774
f 2631 2486 2630
f 2630 2775 2631
f 2630 2774 2775
f 2198 2341 2342
f 2341 2486 2342
f 2342 2343 2198
f 2486 2343 2342
f 1334 1333 1478
f 1334 1190 1189
f 1189 1333 1334
f 1622 1766 1623
f 1623 1478 1622
f 1337 1481 1338
f 1336 1481 1337
f 1195 1339 1196
f 1196 1051 1195
f 2204 2059 2203
f 2204 2348 2205
f 2205 2061 2204
f 2203 2347 2204
f 2204 2347 2348
f 2491 2636 2492
f 2492 2347 2491
f 2348 2347 2492
f 2492 2636 2493
f 2493 2349 2492
f 2349 2348 2492
f 2635 2636 2491
f 2491 2634 2635
f 2635 2779 2780
f 2780 2636 2635
f 2778 2779 2635
f 2635 2634 2778
f 2493 2636 2637
f 2637 2636 2781
f 2781 2638 2637
f 2637 2494 2493
f 2637 2638 2494
f 2633 2490 2489
f 2633 2634 2490
f 2777 2778 2633
f 2778 2634 2633
f 2633 2776 2777
f 2633 2632 2776
f 2633 2489 2488
f 2488 2632 2633
f 775 919 920
f 1497 1354 1353
f 1353 1354 1209
f 1495 1640 1496
f 1496 1640 1497
f 1062 1206 1207
f 777 921 922
f 490 51 114
f 114 489 490
f 2075 2074 2219
f 2075 1931 2074
f 493 492 637
f 637 494 493
f 637 780 781
f 636 492 635
f 636 635 779
f 779 780 636
f 636 637 492
f 780 637 636
f 1787 1931 1932
f 1932 1788 1787
f 1932 2077 1933
f 1074 930 1073
f 1073 1218 1074
f 497 496 640
f 1504 1647 1648
f 1503 1647 1504
f 1503 1504 1359
f 928 784 783
f 783 927 928
f 783 926 927
f 1791 1647 1646
f 914 913 1058
f 1058 913 1057
f 1203 1059 1058
f 915 914 1058
f 1058 1059 915
f 1635 1634 1779
f 1923 1780 1779
f 1923 1924 1780
f 1925 1924 2068
f 2068 2069 1925
f 2212 2069 2068
f 2068 2067 2212
f 2068 1923 2067
f 1924 1923 2068
f 147 146 358
f 358 359 147
f 358 357 487
f 358 146 357
f 487 488 358
f 488 359 358
f 487 357 486
f 486 630 487
f 916 772 915
f 916 773 772
f 915 1059 916
f 484 355 483
f 356 355 484
f 1494 1493 1637
f 1062 1061 1205
f 1205 1206 1062
f 1935 2078 2079
f 2079 1936 1935
f 2216 2071 2215
f 2215 2359 2216
f 2214 2359 2215
f 2215 2070 2214
f 2215 2071 2070
f 2647 2648 2504
f 2791 2792 2647
f 2792 2648 2647
f 2502 2646 2647
f 2647 2790 2791
f 2647 2646 2790
f 1500 1643 1644
f 1787 1788 1644
f 1644 1643 1787
f 1223 1079 1222
f 1222 1079 1078
f 1798 1943 1799
f 647 792 648
f 504 503 648
f 503 647 648
f 792 505 648
f 361 504 648
f 648 505 361
f 646 502 501
f 646 647 502
f 646 790 647
f 1078 1079 934
f 934 933 1078
f 791 790 934
f 1510 1511 1367
f 1367 1368 1223
f 1511 1368 1367
f 1799 1656 1655
f 1655 1656 1511
f 1655 1511 1510
f 1655 1798 1799
f 506 363 362
f 362 505 506
f 2377 2522 2378
f 2520 2664 2377
f 644 500 643
f 643 788 644
f 501 500 644
f 789 788 932
f 932 933 789
f 790 646 789
f 789 934 790
f 933 934 789
f 1075 932 931
f 1074 1219 1075
f 1075 930 1074
f 931 930 1075
f 2518 2519 2375
f 2375 2374 2518
f 2662 2519 2518
f 2091 1947 1946
f 1946 1947 1803
f 941 796 940
f 1084 1085 940
f 1085 941 940
f 940 1083 1084
f 796 795 940
f 1939 2082 2083
f 2082 2227 2083
f 1939 2083 2084
f 2087 2086 2230
f 2230 2231 2087
f 2375 2231 2230
f 2230 2374 2375
f 2805 2662 2661
f 2661 2660 2805
f 2662 2518 2661
f 2661 2518 2517
f 7409 7553 7410
f 7409 7552 7553
f 7369 7370 7226
f 7082 7081 7226
f 2953 2952 2811
f 2811 2810 2953
f 7555 7554 7698
f 7698 7554 7553
f 7522 7377 7521
f 2900 7653 7652
f 2931 2930 2811
f 2931 7682 2930
f 7705 7560 7704
f 7704 2952 7705
f 2952 2953 7705
f 2810 7562 7705
f 7705 2953 2810
f 7421 7566 7422
f 7421 7422 7277
f 7277 7420 7421
f 7563 2810 2809
f 7563 7562 2810
f 7424 7425 7280
f 7425 7281 7280
f 7280 7423 7424
f 7280 7281 7136
f 7284 7139 7283
f 7283 7139 7138
f 7137 7281 7138
f 7136 7281 7137
f 7137 7138 6993
f 6993 7136 7137
f 6992 7136 6993
f 6991 7136 6992
f 6852 6708 6707
f 6707 6851 6852
f 6707 6562 6706
f 6843 6844 6699
f 6984 6840 6839
f 6839 6840 6696
f 6841 6840 6984
f 6696 6840 6841
f 7133 7134 6989
f 7277 7134 7133
f 7133 7276 7277
f 7133 7132 7276
f 6846 6990 6991
f 7441 7440 7585
f 7579 7435 7434
f 7435 7291 7434
f 7160 7016 7015
f 7017 7016 7160
f 7150 7005 7149
f 7149 7005 7148
f 7147 7148 7003
f 7003 7146 7147
f 7438 7439 7294
f 7436 7291 7435
f 7436 7292 7291
f 7436 7435 7579
f 7301 7156 7300
f 7300 7156 7299
f 7297 7153 7296
f 7296 7441 7297
f 7154 7298 7155
f 7155 7010 7154
f 7154 7297 7298
f 7153 7297 7154
f 7154 7010 7009
f 7009 7153 7154
f 7557 7558 7413
f 7413 7556 7557
f 7407 7263 7406
f 7551 7407 7406
f 7406 7550 7551
f 7118 6974 6973
f 7242 7099 7098
f 7098 7099 6954
f 6954 6953 7098
f 7535 7534 7679
f 7679 7536 7535
f 7535 7536 7392
f 7383 7528 7384
f 7387 7531 7388
f 7387 7530 7531
f 6259 6402 6403
f 6403 6404 6259
f 6403 6402 6547
f 6547 6404 6403
f 6551 6407 6550
f 6691 6547 6690
f 6690 6834 6691
f 6834 6835 6691
f 6977 6833 6832
f 6834 6833 6977
f 6661 6660 6805
f 6662 6661 6805
f 7094 7095 6951
f 6951 7095 7096
f 6523 6378 6522
f 6523 6668 6524
f 6667 6668 6523
f 6523 6666 6667
f 6522 6666 6523
f 6380 6523 6524
f 6377 6378 6233
f 6233 6376 6377
f 6811 6812 6667
f 6811 6666 6810
f 6667 6666 6811
f 6810 6954 6811
f 6529 6674 6530
f 6386 6529 6530
f 6385 6529 6386
f 6674 6529 6673
f 6673 6529 6672
f 6524 6668 6525
f 6525 6668 6669
f 6671 6527 6670
f 6527 6526 6670
f 6670 6525 6669
f 6526 6525 6670
f 6815 6958 6959
f 6671 6670 6815
f 6815 6960 6816
f 6959 6960 6815
f 6816 6672 6815
f 6815 6672 6671
f 6814 6813 6957
f 6957 6958 6814
f 6958 6815 6814
f 6814 6815 6670
f 6814 6669 6813
f 6814 6670 6669
f 7399 7544 7400
f 7400 7544 7401
f 7539 7540 7396
f 7247 7102 7246
f 7101 7245 7246
f 7246 7102 7101
f 7392 7247 7391
f 7391 7535 7392
f 7247 7246 7391
f 7391 7246 7390
f 7391 7390 7534
f 7534 7535 7391
f 7389 7533 7534
f 7534 7390 7389
f 7388 7533 7389
f 7389 7246 7245
f 7390 7246 7389
f 7115 6970 7114
f 7115 6971 6970
f 6825 6969 6826
f 6824 6969 6825
f 6826 6681 6825
f 6825 6681 6824
f 6831 6830 6974
f 6832 6688 6831
f 6688 6687 6831
f 6831 6687 6686
f 6686 6830 6831
f 6973 6829 6828
f 6828 6827 6971
f 6539 6683 6684
f 6684 6540 6539
f 6684 6685 6541
f 6541 6540 6684
f 6683 6827 6684
f 6827 6828 6684
f 6829 6685 6684
f 6684 6828 6829
f 6682 6683 6539
f 6682 6681 6826
f 6826 6827 6682
f 6682 6827 6683
f 6680 6681 6536
f 6536 6679 6680
f 5694 5550 5549
f 5695 5551 5694
f 5551 5550 5694
f 5547 5692 5548
f 5548 5692 5549
f 5548 5404 5547
f 5549 5404 5548
f 5844 5843 5987
f 5845 5701 5844
f 5844 5701 5700
f 5700 5699 5844
f 5699 5843 5844
f 5553 5410 5409
f 5554 5410 5553
f 5409 5408 5553
f 5408 5552 5553
f 5842 5843 5699
f 5699 5698 5842
f 5841 5986 5842
f 5986 5843 5842
f 5983 5984 5839
f 5839 5838 5983
f 5695 5694 5839
f 5839 5694 5838
f 5682 5826 5683
f 5683 5826 5827
f 5827 5828 5683
f 5683 5828 5684
f 5683 5538 5682
f 5539 5538 5683
f 5540 5539 5683
f 5683 5684 5540
f 7236 7092 7235
f 7235 7092 7091
f 7084 6940 6939
f 6941 6940 7084
f 6945 6944 7088
f 7228 7372 7373
f 7094 6949 7093
f 6949 7092 7093
f 6803 6947 6948
f 6949 6805 6948
f 6948 7092 6949
f 6948 6947 7092
f 6802 6945 6946
f 6946 6803 6802
f 6946 6947 6803
f 6654 6655 6511
f 6656 6512 6511
f 6511 6655 6656
f 6512 6368 6511
f 6223 6222 6366
f 6223 6368 6224
f 6224 6080 6223
f 6221 6220 6365
f 6365 6222 6221
f 6077 6076 6221
f 6221 6076 6220
f 5934 5791 5790
f 5935 5791 5934
f 5787 5932 5788
f 5788 5644 5787
f 5500 5499 5643
f 5643 5644 5500
f 6521 6664 6665
f 6521 6378 6377
f 6522 6378 6521
f 6665 6666 6521
f 6521 6666 6522
f 6665 6664 6809
f 6809 6954 6810
f 6953 6954 6809
f 6810 6666 6809
f 6809 6666 6665
f 6513 6514 6369
f 6513 6658 6514
f 6513 6657 6658
f 6513 6512 6656
f 6656 6657 6513
f 6369 6368 6513
f 6513 6368 6512
f 6515 6371 6514
f 6515 6516 6371
f 6515 6514 6659
f 6659 6516 6515
f 6789 6788 6933
f 6933 6790 6789
f 6933 6934 6790
f 6933 7078 6934
f 6787 6642 6786
f 6786 6641 6785
f 6786 6642 6641
f 6497 6641 6498
f 6497 6640 6641
f 6498 6354 6497
f 6354 6353 6497
f 6497 6353 6352
f 6494 6350 6493
f 6494 6495 6350
f 6493 6638 6494
f 6638 6495 6494
f 5674 5818 5675
f 5962 5818 5961
f 5963 5818 5962
f 5961 6106 5962
f 5962 6106 5963
f 5961 5818 5817
f 5818 5674 5817
f 5817 5672 5816
f 5815 5816 5671
f 5671 5814 5815
f 5958 5814 5813
f 5238 5094 5093
f 5093 5237 5238
f 5095 5094 5238
f 5238 5237 5381
f 5381 5380 5524
f 5524 5380 5523
f 5670 5814 5671
f 5671 5527 5670
f 5813 5814 5670
f 5670 5669 5813
f 5667 5524 5523
f 4806 4949 4950
f 4950 4951 4806
f 5094 4951 4950
f 4950 4949 5093
f 5093 5094 4950
f 4938 4794 4937
f 4937 5081 4938
f 4938 5081 5082
f 4938 5082 5083
f 5083 4939 4938
f 4796 4651 4795
f 4795 4940 4796
f 4795 4939 4940
f 4794 4938 4795
f 4795 4938 4939
f 4216 4215 4359
f 4214 4215 4071
f 4072 3928 4071
f 4071 3928 3927
f 4071 4216 4072
f 4215 4216 4071
f 4364 4220 4219
f 4219 4220 4075
f 4075 4218 4219
f 4217 4218 4074
f 4074 3930 3929
f 4074 4218 4075
f 4075 3930 4074
f 3786 3930 3787
f 3787 3642 3786
f 3787 3643 3642
f 3644 3643 3787
f 3790 3789 3933
f 3788 3645 3644
f 3788 3789 3645
f 3644 3787 3788
f 3788 3787 3932
f 3932 3933 3788
f 3788 3933 3789
f 4221 4078 4077
f 4077 4220 4221
f 4077 4076 4220
f 3932 4076 4077
f 4077 3933 3932
f 5219 5364 5220
f 5220 5076 5219
f 5077 5076 5220
f 4358 4503 4359
f 4358 4502 4503
f 4501 4502 4358
f 4358 4357 4501
f 4359 4215 4358
f 4358 4215 4214
f 4358 4214 4213
f 4213 4357 4358
f 4647 4503 4646
f 4503 4502 4646
f 4646 4791 4647
f 4646 4502 4501
f 4501 4645 4646
f 4787 4932 4788
f 4937 4794 4793
f 4793 4792 4937
f 4794 4649 4793
f 4793 4649 4792
f 4650 4649 4794
f 4794 4795 4650
f 4650 4795 4651
f 4650 4651 4506
f 4506 4505 4650
f 4505 4649 4650
f 4648 4505 4504
f 4648 4649 4505
f 4648 4503 4647
f 4504 4503 4648
f 4792 4649 4648
f 4647 4791 4648
f 4791 4792 4648
f 3206 3062 3205
f 3205 3350 3206
f 3206 3350 3207
f 3207 3063 3206
f 3063 3062 3206
f 3640 3495 3639
f 3494 3638 3639
f 3639 3495 3494
f 3638 3781 3782
f 3782 3639 3638
f 3783 3639 3782
f 3927 3783 3782
f 3784 3641 3640
f 3785 3641 3784
f 3640 3639 3784
f 3784 3639 3783
f 3929 3785 3784
f 3784 3928 3929
f 3784 3783 3927
f 3927 3928 3784
f 3945 3944 4089
f 3944 4088 4089
f 4089 4088 4232
f 3361 3505 3362
f 3362 3218 3361
f 3218 3217 3361
f 3360 3504 3361
f 3504 3505 3361
f 3361 3216 3360
f 3361 3217 3216
f 3221 3076 3220
f 3220 3364 3221
f 3220 3076 3075
f 4802 4657 4801
f 4802 4658 4657
f 4802 4945 4946
f 4801 4945 4802
f 4946 4947 4802
f 4515 4658 4659
f 4516 4515 4659
f 991 847 990
f 990 1135 991
f 1568 1712 1713
f 1568 1424 1423
f 1423 1567 1568
f 1711 1712 1568
f 1568 1567 1711
f 2002 1857 2001
f 2001 1857 2000
f 2001 2144 2145
f 2000 2144 2001
f 992 1135 1136
f 992 991 1135
f 992 848 847
f 847 991 992
f 1424 1568 1425
f 1425 1280 1424
f 1281 1280 1425
f 3515 3660 3516
f 3517 3372 3516
f 3372 3515 3516
f 3516 3661 3517
f 3516 3660 3661
f 1856 1712 1711
f 1711 1855 1856
f 1856 1855 2000
f 2000 1857 1856
f 1856 1857 1712
f 2287 2286 2430
f 2430 2431 2287
f 2142 2286 2287
f 2287 2143 2142
f 2287 2144 2143
f 2288 2144 2287
f 2287 2431 2432
f 2432 2288 2287
f 1421 1277 1420
f 1420 1564 1421
f 418 419 22
f 22 63 418
f 22 419 23
f 2145 2290 2146
f 2146 2001 2145
f 2002 2001 2146
f 850 849 994
f 1570 1715 1571
f 1426 1425 1570
f 2436 2291 2435
f 2435 2579 2436
f 3084 2724 2723
f 2724 2579 2723
f 2723 2722 3084
f 2723 2579 2722
f 2292 2291 2436
f 2292 2148 2291
f 2436 2293 2292
f 2292 2293 2148
f 2291 2148 2147
f 2147 2004 2003
f 2148 2004 2147
f 2147 2290 2291
f 2147 2146 2290
f 2147 2003 2002
f 2002 2146 2147
f 2436 2580 2437
f 2437 2293 2436
f 2006 2151 2007
f 2007 1863 2006
f 1141 1286 1142
f 1142 1143 998
f 1142 1286 1143
f 4525 4526 4382
f 4382 4381 4525
f 4382 4526 4383
f 4382 4383 4238
f 4238 4381 4382
f 5244 5389 5245
f 5244 5245 5100
f 5100 5243 5244
f 5821 5964 5965
f 5965 5966 5821
f 6109 5966 5965
f 5965 6108 6109
f 5964 6108 5965
f 6253 6110 6109
f 6109 6108 6253
f 5943 5942 6087
f 5799 5942 5943
f 5943 5800 5799
f 5513 5512 5657
f 5660 5805 5661
f 5660 5516 5659
f 5661 5516 5660
f 6239 6096 6095
f 6095 6096 5952
f 5806 5950 5807
f 5805 5950 5806
f 5806 5807 5662
f 5662 5805 5806
f 5373 5516 5517
f 5374 5229 5373
f 5811 5667 5810
f 5232 5375 5376
f 5376 5377 5232
f 5521 5378 5377
f 5521 5664 5665
f 5377 5376 5521
f 5090 5089 5233
f 5232 5377 5233
f 5233 5088 5232
f 5233 5089 5088
f 5662 5663 5518
f 5663 5519 5518
f 5518 5661 5662
f 5517 5661 5518
f 5374 5373 5518
f 5518 5373 5517
f 5518 5375 5374
f 5518 5519 5375
f 5086 5085 5229
f 5087 4942 5086
f 4942 5085 5086
f 5227 5226 5371
f 5083 5082 5227
f 5082 5226 5227
f 5083 5227 5084
f 5084 5227 5228
f 5084 4940 5083
f 5084 5085 4940
f 5084 5228 5229
f 5229 5085 5084
f 5513 5514 5370
f 5370 5369 5513
f 5370 5514 5371
f 5371 5226 5370
f 5226 5225 5370
f 5370 5225 5369
f 6113 6257 6114
f 6112 6257 6113
f 6113 5969 6112
f 6114 5970 6113
f 5970 5969 6113
f 6256 6112 6255
f 6256 6257 6112
f 6255 6400 6256
f 6400 6401 6256
f 6401 6257 6256
f 6258 6402 6259
f 6259 6114 6258
f 6114 6257 6258
f 6258 6401 6402
f 6258 6257 6401
f 6259 6404 6260
f 6404 6261 6260
f 6262 6263 6119
f 6262 6407 6263
f 5530 5385 5529
f 5530 5386 5385
f 5531 5386 5530
f 5529 5674 5530
f 5530 5675 5531
f 5530 5674 5675
f 5528 5384 5527
f 5527 5672 5528
f 5529 5385 5528
f 5385 5384 5528
f 5537 5536 5681
f 5681 5538 5537
f 5393 5536 5537
f 5537 5538 5393
f 5252 5396 5253
f 5253 5108 5252
f 5252 5108 5251
f 5251 5395 5252
f 5395 5396 5252
f 5389 5244 5388
f 5388 5387 5531
f 5531 5532 5388
f 5533 5389 5388
f 5388 5532 5533
f 5243 5387 5388
f 5388 5244 5243
f 4931 4787 4786
f 4786 4930 4931
f 4929 4930 4786
f 5650 5649 5794
f 5795 5651 5794
f 5794 5651 5650
f 5937 5938 5794
f 5939 5795 5794
f 5794 5938 5939
f 6081 6080 6225
f 6225 6082 6081
f 6081 6082 5937
f 5937 5936 6081
f 6081 5936 6080
f 5359 5504 5360
f 5216 5359 5360
f 5361 5217 5360
f 5360 5217 5216
f 5505 5506 5361
f 5361 5360 5505
f 5505 5360 5504
f 5505 5649 5506
f 5648 5649 5505
f 5505 5504 5648
f 5652 5508 5507
f 5507 5651 5652
f 5653 5509 5652
f 5509 5508 5652
f 5797 5653 5652
f 5652 5796 5797
f 5795 5796 5652
f 5652 5651 5795
f 5509 5654 5510
f 5654 5511 5510
f 5366 5509 5510
f 5510 5511 5366
f 3914 4059 3915
f 3915 3770 3914
f 4350 4494 4495
f 4207 4350 4351
f 4350 4495 4351
f 4496 4352 4351
f 4351 4495 4496
f 4068 4069 3925
f 3925 3924 4068
f 4067 4212 4068
f 4213 4069 4068
f 4068 4212 4213
f 4065 4209 4210
f 4064 4209 4065
f 4208 4209 4064
f 4208 4063 4207
f 4208 4064 4063
f 4352 4209 4208
f 4207 4351 4208
f 4208 4351 4352
f 3778 3633 3777
f 3632 3776 3777
f 3777 3633 3632
f 1432 1575 1576
f 1575 1720 1576
f 1576 1720 1577
f 1433 1432 1576
f 1576 1577 1433
f 1721 1720 1865
f 1577 1720 1721
f 1865 1722 1721
f 1722 1577 1721
f 2296 2440 2297
f 2153 2152 2297
f 2297 2152 2296
f 2728 2729 2585
f 2729 2730 2585
f 238 197 196
f 196 237 238
f 2276 2275 2420
f 2276 2132 2275
f 2420 2277 2276
f 2133 2132 2276
f 2276 2277 2133
f 77 200 76
f 77 78 199
f 199 200 77
f 1846 1703 1702
f 1702 1703 1558
f 1704 1703 1848
f 1848 1705 1704
f 1705 1560 1704
f 1414 1413 1557
f 1557 1558 1414
f 3070 3214 3071
f 3072 2710 3071
f 2709 3070 3071
f 3071 2710 2709
f 2422 2277 2421
f 2421 2565 2422
f 2421 2277 2420
f 2420 2564 2421
f 2564 2565 2421
f 2562 2419 2418
f 2419 2274 2418
f 2274 2417 2418
f 2418 2561 2562
f 2418 2417 2561
f 2131 2130 2275
f 2275 2132 2131
f 1985 1841 1984
f 1984 2128 1985
f 2128 2129 1985
f 2416 2417 2272
f 2560 2561 2416
f 2561 2417 2416
f 2416 2559 2560
f 2416 2415 2559
f 2416 2272 2271
f 2271 2415 2416
f 402 403 302
f 3502 3501 3646
f 3502 3647 3503
f 3646 3647 3502
f 3358 3501 3502
f 3503 3359 3502
f 3359 3358 3502
f 3357 3501 3358
f 3357 3214 3213
f 3358 3214 3357
f 3500 3501 3357
f 3213 3212 3357
f 406 405 550
f 406 306 405
f 406 550 551
f 985 1128 1129
f 985 841 840
f 553 409 408
f 553 410 409
f 553 697 698
f 698 555 554
f 555 410 554
f 554 553 698
f 410 553 554
f 2423 2567 2568
f 2568 2567 2712
f 2568 2712 2569
f 2426 2281 2425
f 2425 2569 2426
f 843 987 844
f 840 983 984
f 983 1128 984
f 984 985 840
f 1128 985 984
f 1849 1705 1848
f 1561 1705 1562
f 1562 1417 1561
f 1561 1560 1705
f 1416 1560 1561
f 1561 1417 1416
f 2141 2285 2142
f 2141 2142 1998
f 1998 1997 2141
f 1997 2140 2141
f 2140 2285 2141
f 1993 2137 1994
f 1994 1849 1993
f 2140 2139 2283
f 1852 1853 1709
f 845 701 844
f 844 988 845
f 846 701 845
f 990 846 845
f 412 556 413
f 313 312 412
f 412 413 313
f 851 995 852
f 852 708 851
f 850 994 851
f 851 994 995
f 852 995 996
f 995 1140 996
f 3923 3924 3780
f 3780 3779 3923
f 4067 4068 3923
f 3923 4068 3924
f 3923 3779 3778
f 3491 3346 3490
f 3347 3346 3491
f 3635 3492 3491
f 3348 3347 3491
f 3491 3492 3348
f 3490 3634 3491
f 3634 3635 3491
f 6718 6862 6719
f 6718 6719 6574
f 6574 6573 6718
f 6719 6862 6863
f 6720 6576 6719
f 6720 6721 6576
f 6865 6721 6720
f 6719 6863 6720
f 6578 6721 6722
f 6722 6723 6578
f 6866 6723 6722
f 6722 6865 6866
f 6722 6721 6865
f 6867 6723 6866
f 6868 6723 6867
f 6866 7010 6867
f 6867 7010 7011
f 7011 7012 6867
f 7012 6868 6867
f 6432 6576 6433
f 6432 6431 6576
f 6433 6288 6432
f 6288 6431 6432
f 6287 6431 6288
f 6287 6143 6142
f 6287 6288 6143
f 6881 7026 6882
f 6882 6737 6881
f 6737 6592 6736
f 6592 6735 6736
f 6736 6735 6880
f 6736 6881 6737
f 6880 6881 6736
f 7163 7020 7019
f 7019 7018 7163
f 7020 6875 7019
f 7019 6875 7018
f 6437 6581 6582
f 6582 6583 6439
f 6726 6583 6582
f 6582 6725 6726
f 6582 6581 6725
f 6442 6298 6297
f 6297 6441 6442
f 6297 6298 6153
f 7017 7018 6874
f 7018 6875 6874
f 6874 6875 6731
f 6728 6727 6872
f 6872 6729 6728
f 6728 6584 6727
f 6728 6729 6584
f 6877 6878 6733
f 6733 6878 6734
f 6733 6590 6589
f 6734 6590 6733
f 6731 6875 6876
f 6876 6732 6731
f 6876 7020 6877
f 6876 6875 7020
f 6877 6733 6876
f 6876 6733 6732
f 6588 6733 6589
f 6732 6733 6588
f 6444 6587 6588
f 6731 6732 6588
f 6588 6587 6731
f 6589 6445 6588
f 6445 6444 6588
f 6731 6587 6586
f 6442 6441 6586
f 6586 6587 6442
f 6442 6587 6443
f 6443 6587 6444
f 6443 6299 6442
f 6444 6299 6443
f 1919 1920 1775
f 1775 1918 1919
f 1630 1629 1773
f 1917 1918 1773
f 1773 1772 1917
f 1773 1629 1772
f 2208 2207 2351
f 2495 2496 2351
f 2350 2495 2351
f 2351 2207 2350
f 2354 2355 2211
f 2212 2067 2211
f 2211 2355 2212
f 2209 2064 2208
f 2499 2354 2498
f 4586 4587 4443
f 4299 4298 4443
f 4443 4587 4444
f 4444 4300 4443
f 4300 4299 4443
f 1505 1649 1506
f 1505 1362 1361
f 1505 1506 1362
f 1648 1649 1505
f 1505 1504 1648
f 2369 2226 2225
f 2226 2081 2225
f 1937 2081 1938
f 1937 1938 1794
f 1794 1793 1937
f 1937 1936 2081
f 2366 2509 2510
f 2510 2655 2511
f 2510 2367 2366
f 2511 2367 2510
f 2798 2799 2654
f 2799 2655 2654
f 2655 2510 2654
f 2653 2797 2654
f 2654 2797 2798
f 2654 2509 2653
f 2654 2510 2509
f 2364 2365 2220
f 2364 2508 2365
f 2220 2363 2364
f 2363 2508 2364
f 2507 2363 2506
f 2506 2651 2507
f 2507 2508 2363
f 2507 2651 2508
f 6456 6312 6455
f 6456 6457 6312
f 6456 6455 6600
f 6600 6457 6456
f 7165 7020 7164
f 7165 7021 7020
f 7165 7166 7022
f 7022 7021 7165
f 7024 7168 7169
f 7169 7168 7312
f 7170 7169 7313
f 7313 7169 7312
f 7317 7172 7316
f 7172 7315 7316
f 7307 7163 7306
f 7164 7163 7307
f 7616 7472 7615
f 7617 7472 7616
f 7616 2864 7617
f 7616 7615 2863
f 2863 2864 7616
f 7471 7470 7615
f 7615 7472 7471
f 7471 7327 7470
f 7472 7327 7471
f 7320 7464 7321
f 7321 7176 7320
f 7326 7182 7325
f 7325 7470 7326
f 7470 7327 7326
f 7326 7327 7183
f 7183 7182 7326
f 7181 7182 7037
f 7037 7180 7181
f 7036 7180 7037
f 6901 7044 7045
f 7176 7321 7177
f 7177 7322 7178
f 7177 7321 7322
f 7035 7180 7036
f 6463 6462 6607
f 6607 6464 6463
f 6466 6322 6465
f 6465 6322 6321
f 6465 6464 6609
f 6610 6466 6465
f 6465 6609 6610
f 6467 6612 6468
f 6612 6469 6468
f 6470 6614 6471
f 6469 6614 6470
f 6328 6472 6329
f 6185 6042 6041
f 6041 6040 6185
f 6610 6754 6755
f 6755 6611 6610
f 6899 6756 6755
f 6755 6756 6612
f 6612 6611 6755
f 6755 6754 6898
f 6898 6899 6755
f 6751 6896 6752
f 6896 6897 6752
f 6752 6608 6751
f 6752 6609 6608
f 7043 7042 7186
f 7043 6900 6899
f 7044 6900 7043
f 7043 6899 6898
f 6898 7042 7043
f 7041 7042 6897
f 7041 6896 7040
f 7041 6897 6896
f 7040 7184 7041
f 7184 7185 7041
f 7186 7042 7041
f 7041 7185 7186
f 6741 6740 6885
f 6740 6884 6885
f 6885 6742 6741
f 6885 6886 6742
f 6888 6743 6887
f 6892 7035 7036
f 6745 6889 6746
f 6746 6602 6745
f 6745 6600 6744
f 6600 6743 6744
f 6743 6888 6744
f 6744 6889 6745
f 6744 6888 6889
f 7029 7173 7174
f 7028 7172 7029
f 7172 7173 7029
f 7029 6884 7028
f 7029 6885 6884
f 7318 7174 7317
f 7318 7319 7174
f 7317 7462 7318
f 7318 7462 7319
f 6603 6459 6602
f 6603 6604 6459
f 5618 5617 5761
f 5616 5760 5761
f 5761 5617 5616
f 5905 5906 5761
f 5621 5477 5476
f 5476 5332 5331
f 5477 5333 5476
f 5333 5332 5476
f 5471 5472 5328
f 5328 5327 5471
f 5328 5472 5473
f 5473 5329 5328
f 5328 5184 5183
f 5183 5327 5328
f 5185 5184 5328
f 5328 5329 5185
f 5900 5756 5899
f 5756 5755 5899
f 5899 5755 5898
f 5898 6042 5899
f 5759 5758 5903
f 6046 6047 5903
f 6046 5901 6045
f 6045 5901 5900
f 5900 6044 6045
f 6190 6335 6191
f 6191 6047 6190
f 6048 6047 6191
f 6190 6046 6189
f 6046 6045 6189
f 6044 6188 6189
f 6189 6045 6044
f 6052 5907 6051
f 5907 5906 6051
f 6051 5906 6050
f 6049 5906 5905
f 6050 5906 6049
f 6767 6623 6622
f 6333 6478 6334
f 6334 6478 6335
f 6334 6335 6190
f 6190 6189 6334
f 6334 6189 6333
f 6477 6478 6333
f 6622 6478 6477
f 6479 6623 6480
f 6478 6623 6479
f 6480 6335 6479
f 6335 6478 6479
f 6905 6906 6762
f 6758 6614 6757
f 6758 6759 6614
f 6757 6901 6758
f 6329 6472 6473
f 6037 5894 5893
f 6037 6038 5894
f 5893 6036 6037
f 6037 6036 6181
f 6181 6038 6037
f 6467 6468 6324
f 6324 6325 6181
f 6324 6469 6325
f 6324 6468 6469
f 6177 6321 6178
f 6321 6322 6178
f 6178 6034 6177
f 6320 6321 6177
f 6177 6176 6320
f 6320 6175 6319
f 6320 6176 6175
f 6319 6463 6320
f 6320 6463 6464
f 6320 6465 6321
f 6464 6465 6320
f 5746 5889 5890
f 5890 5891 5746
f 5889 6034 5890
f 6034 5891 5890
f 5892 6036 5893
f 5892 5891 6036
f 5748 5891 5892
f 5893 5749 5892
f 5892 5749 5748
f 5757 5613 5756
f 5757 5758 5613
f 5901 5758 5757
f 5757 5756 5900
f 5900 5901 5757
f 5179 5034 5178
f 5034 5177 5178
f 5322 5179 5178
f 5178 5177 5322
f 3124 3123 3268
f 3124 2981 2980
f 3124 3125 2981
f 3124 3268 3269
f 3269 3125 3124
f 5859 6004 5860
f 6004 5861 5860
f 5860 5715 5859
f 5716 5715 5860
f 6005 6004 6149
f 6005 5861 6004
f 5137 4992 5136
f 5137 4993 4992
f 5137 5136 5281
f 5281 5138 5137
f 5137 5138 4994
f 4994 4993 5137
f 5437 5292 5436
f 5292 5435 5436
f 5436 5580 5437
f 5436 5435 5580
f 5291 5292 5147
f 5292 5148 5147
f 5146 5291 5147
f 5147 5003 5146
f 5004 5003 5147
f 5147 5148 5004
f 5427 5283 5426
f 5426 5571 5427
f 5577 5434 5433
f 5432 5431 5575
f 5575 5430 5574
f 5575 5431 5430
f 5574 5718 5575
f 5721 5577 5720
f 5426 5283 5282
f 5281 5425 5282
f 5282 5425 5426
f 5282 5138 5281
f 5282 5283 5138
f 5144 5287 5288
f 5288 5289 5145
f 5145 5144 5288
f 5288 5287 5432
f 5433 5289 5288
f 5288 5432 5433
f 5452 5309 5308
f 5308 5451 5452
f 5307 5451 5308
f 5308 5309 5164
f 5163 5307 5308
f 5308 5164 5163
f 4721 4722 4577
f 4433 4576 4577
f 4576 4720 4577
f 4577 4720 4721
f 5128 5127 5272
f 5128 5273 5129
f 5272 5273 5128
f 4984 5127 5128
f 5129 4985 5128
f 4985 4984 5128
f 3541 3540 3684
f 3684 3685 3541
f 3397 3396 3541
f 3396 3540 3541
f 3541 3685 3686
f 3541 3398 3397
f 3399 3254 3398
f 3399 3255 3254
f 3399 3544 3400
f 3399 3400 3256
f 3256 3255 3399
f 1889 2033 2034
f 2034 1890 1889
f 1889 1745 1888
f 1889 2032 2033
f 1888 2032 1889
f 2034 2035 1891
f 1891 1890 2034
f 2035 2180 2036
f 2036 1891 2035
f 2611 2612 2468
f 2468 2612 2469
f 2181 2326 2182
f 1315 1316 1171
f 1171 1314 1315
f 1459 1460 1315
f 1460 1316 1315
f 1027 883 1026
f 1026 1171 1027
f 2465 2609 2466
f 2466 2321 2465
f 2465 2464 2609
f 2465 2321 2464
f 594 449 593
f 593 737 594
f 736 591 735
f 735 879 736
f 1024 1023 1167
f 1167 1168 1024
f 1024 1168 1169
f 1169 1168 1312
f 1312 1455 1456
f 1312 1311 1455
f 1312 1168 1167
f 1167 1311 1312
f 735 591 734
f 1165 1166 1022
f 1022 1021 1165
f 2030 1887 1886
f 1886 1887 1742
f 1456 1455 1600
f 1600 1455 1599
f 1599 1743 1600
f 1743 1744 1600
f 1601 1457 1600
f 1600 1457 1456
f 1600 1745 1601
f 1600 1744 1745
f 3688 3544 3687
f 3687 3831 3688
f 3687 3830 3831
f 3687 3686 3830
f 2978 2977 3122
f 3122 3123 2978
f 2760 2977 2978
f 744 888 745
f 744 601 600
f 745 601 744
f 600 743 744
f 744 743 887
f 887 888 744
f 327 328 249
f 327 456 328
f 326 456 327
f 249 248 327
f 248 326 327
f 1751 1608 1607
f 1319 1320 1176
f 1464 1607 1608
f 1463 1607 1464
f 1319 1463 1464
f 1464 1320 1319
f 1322 1178 1177
f 1604 1747 1748
f 1604 1603 1747
f 1604 1460 1459
f 1459 1603 1604
f 1748 1893 1749
f 1749 1604 1748
f 1605 1604 1749
f 1749 1893 1750
f 1173 1028 1172
f 1172 1316 1173
f 1606 1749 1750
f 1605 1749 1606
f 1606 1607 1463
f 1606 1750 1751
f 1751 1607 1606
f 886 1030 887
f 887 743 886
f 886 743 742
f 885 1030 886
f 886 741 885
f 742 741 886
f 887 1030 1031
f 1031 1176 1032
f 1031 888 887
f 1032 888 1031
f 1175 1031 1030
f 1319 1176 1175
f 1176 1031 1175
f 2038 2039 1895
f 2038 2182 2183
f 2183 2039 2038
f 2040 2183 2184
f 2040 2039 2183
f 1895 2039 2040
f 2040 1896 1895
f 1752 1896 1753
f 1752 1608 1751
f 1751 1896 1752
f 2470 2614 2615
f 2615 2471 2470
f 2469 2614 2470
f 2470 2326 2469
f 2470 2471 2327
f 2327 2326 2470
f 4562 4418 4561
f 4563 4418 4562
f 4562 4561 4706
f 4706 4563 4562
f 4563 4420 4419
f 4419 4418 4563
f 4420 4275 4419
f 4275 4418 4419
f 2329 2184 2328
f 3816 3817 3672
f 3960 3817 3816
f 3814 3669 3813
f 3814 3670 3669
f 3813 3957 3814
f 3957 3958 3814
f 3671 3816 3672
f 3815 3816 3671
f 3527 3670 3671
f 3671 3814 3815
f 3670 3814 3671
f 3672 3528 3671
f 3671 3528 3527
f 3960 3816 3959
f 3959 3816 3815
f 3959 3958 4103
f 3815 3814 3959
f 3959 3814 3958
f 4103 4104 3959
f 3959 4104 3960
f 3386 3242 3385
f 3387 3242 3386
f 3386 3531 3387
f 3099 3242 3243
f 3243 3242 3387
f 3243 3244 3099
f 3243 3387 3244
f 1866 1722 1865
f 1865 2009 1866
f 2009 2010 1866
f 1867 1722 1866
f 1866 2010 1867
f 2011 2012 1867
f 2156 2012 2011
f 1867 2010 2011
f 2587 2588 2444
f 2444 2443 2587
f 2587 2732 2588
f 2587 2443 2442
f 2442 2443 2298
f 2446 2590 2447
f 2446 2303 2302
f 2446 2447 2303
f 2302 2301 2446
f 2589 2590 2446
f 4833 4834 4689
f 4833 4977 4834
f 5992 5848 5847
f 5993 5849 5992
f 5849 5848 5992
f 5992 6137 5993
f 6136 6137 5992
f 5992 6135 6136
f 5845 5990 5846
f 5846 5990 5847
f 5846 5847 5702
f 5702 5701 5846
f 5846 5701 5845
f 5989 5990 5845
f 5845 5844 5989
f 5420 5419 5564
f 5564 5565 5420
f 5565 5421 5420
f 5687 5686 5830
f 5830 5685 5829
f 5830 5686 5685
f 5835 5980 5836
f 5836 5980 5837
f 5836 5692 5835
f 5837 5692 5836
f 5982 6125 6126
f 5983 5838 5982
f 6126 6127 5982
f 5982 6127 5983
f 6556 6412 6555
f 6555 6554 6699
f 6699 6556 6555
f 6126 6125 6270
f 6125 6269 6270
f 6270 6127 6126
f 6270 6269 6413
f 6268 6124 6267
f 6267 6412 6268
f 6412 6269 6268
f 6268 6269 6125
f 6125 6124 6268
f 6121 5834 5977
f 5977 5976 6121
f 5829 5972 5973
f 5973 5830 5829
f 5974 5830 5973
f 5972 6117 5973
f 4397 4540 4541
f 4397 4396 4540
f 4397 4542 4398
f 4397 4541 4542
f 4398 4254 4397
f 4254 4253 4397
f 4397 4253 4252
f 4252 4396 4397
f 1185 1041 1040
f 1185 1328 1329
f 897 896 1040
f 1040 1041 897
f 753 896 897
f 1040 1183 1184
f 1183 1328 1184
f 1184 1185 1040
f 1328 1185 1184
f 1327 1328 1183
f 1471 1328 1327
f 1183 1326 1327
f 1326 1471 1327
f 336 335 465
f 336 258 335
f 336 465 337
f 337 258 336
f 752 609 608
f 464 607 608
f 608 607 752
f 608 465 464
f 608 609 465
f 1908 1909 1765
f 2052 1909 1908
f 176 209 210
f 209 260 210
f 210 211 176
f 210 260 211
f 900 1045 901
f 610 754 611
f 465 609 610
f 610 609 753
f 753 754 610
f 1187 1332 1188
f 263 264 213
f 180 179 213
f 213 179 178
f 178 212 213
f 214 215 180
f 214 264 215
f 180 213 214
f 214 213 264
f 215 264 265
f 265 264 343
f 216 215 265
f 265 266 216
f 343 344 265
f 344 266 265
f 902 1045 1046
f 901 1045 902
f 270 347 348
f 348 347 477
f 271 270 348
f 219 268 269
f 269 270 219
f 269 347 270
f 268 346 269
f 269 346 347
f 620 475 619
f 267 217 216
f 216 266 267
f 268 217 267
f 267 266 344
f 267 346 268
f 472 473 343
f 343 471 472
f 471 616 472
f 617 473 472
f 472 616 617
f 761 617 760
f 617 616 760
f 759 904 760
f 760 615 759
f 760 616 615
f 124 274 125
f 124 123 273
f 273 274 124
f 482 481 625
f 769 770 625
f 351 350 480
f 480 625 481
f 480 352 351
f 480 481 352
f 622 477 621
f 621 765 622
f 1200 1056 1055
f 1057 1056 1200
f 1057 913 912
f 912 1056 1057
f 1055 1056 912
f 626 627 482
f 770 627 626
f 482 625 626
f 626 625 770
f 771 627 770
f 771 914 915
f 771 770 914
f 915 772 771
f 772 627 771
f 2335 2334 2479
f 2334 2478 2479
f 2336 2335 2479
f 2479 2480 2336
f 1323 1466 1467
f 1467 1466 1611
f 1467 1468 1323
f 1467 1611 1468
f 1755 1611 1610
f 1610 1754 1755
f 1611 1466 1610
f 1753 1754 1610
f 750 607 606
f 606 607 463
f 463 462 606
f 203 253 254
f 604 603 748
f 892 893 748
f 1036 893 892
f 891 1036 892
f 748 747 892
f 892 747 891
f 2188 2189 2045
f 2333 2189 2188
f 2043 2187 2188
f 2333 2334 2190
f 2190 2189 2333
f 2334 2191 2190
f 2191 2046 2190
f 2045 2189 2190
f 2190 2046 2045
f 1614 1471 1470
f 1614 1615 1471
f 1614 1470 1613
f 1613 1758 1614
f 1614 1758 1759
f 1759 1615 1614
f 1904 2048 1905
f 1905 1760 1904
f 1903 2048 1904
f 1904 1760 1903
f 1761 1617 1616
f 1616 1760 1761
f 1761 1760 1905
f 1905 1762 1761
f 1761 1762 1617
f 450 451 321
f 594 451 450
f 321 449 450
f 450 449 594
f 2456 2457 2313
f 2314 2169 2313
f 2313 2458 2314
f 2457 2458 2313
f 2026 2169 2170
f 2026 1882 1881
f 2027 1883 2026
f 2026 1883 1882
f 1304 1448 1305
f 1304 1161 1160
f 1305 1161 1304
f 1306 1305 1450
f 1306 1161 1305
f 1450 1451 1306
f 747 602 746
f 746 890 747
f 602 745 746
f 745 890 746
f 1323 1468 1324
f 1324 1179 1323
f 1324 1180 1179
f 1324 1468 1469
f 1037 1180 1181
f 1182 1037 1181
f 1181 1326 1182
f 6855 6999 6856
f 7144 6999 7143
f 7143 7287 7144
f 7143 6998 7142
f 7143 6999 6998
f 7143 7142 7286
f 7286 7287 7143
f 6712 6713 6569
f 6857 6713 6712
f 6712 6856 6857
f 6715 6860 6716
f 6716 6572 6715
f 6572 6571 6715
f 6279 6423 6280
f 6280 6136 6279
f 6280 6281 6136
f 6569 6426 6425
f 6281 6280 6425
f 6138 6137 6282
f 6137 6281 6282
f 6282 6139 6138
f 6426 6427 6282
f 6282 6425 6426
f 6281 6425 6282
f 6423 6278 6422
f 6278 6421 6422
f 6422 6566 6423
f 6421 6566 6422
f 6419 6276 6275
f 6420 6276 6419
f 6421 6276 6420
f 6419 6275 6418
f 6418 6275 6274
f 6418 6562 6419
f 6559 6560 6415
f 6415 6560 6416
f 5985 5984 6129
f 6129 5984 6128
f 6129 5986 5985
f 6129 6130 5986
f 6290 6289 6433
f 6433 6434 6290
f 6290 6435 6291
f 6290 6434 6435
f 6290 6291 6147
f 6147 6146 6290
f 6290 6146 6145
f 6145 6289 6290
f 6439 6294 6438
f 6437 6582 6438
f 6438 6582 6439
f 6438 6293 6437
f 6438 6294 6293
f 6444 6301 6300
f 6300 6299 6444
f 6300 6301 6156
f 6156 6299 6300
f 6303 6446 6447
f 6303 6448 6304
f 6447 6448 6303
f 6303 6160 6159
f 6303 6304 6160
f 6159 6158 6303
f 6284 6427 6428
f 6428 6429 6284
f 6428 6571 6572
f 6428 6427 6571
f 6572 6573 6428
f 6573 6429 6428
f 862 863 719
f 1007 863 862
f 862 717 861
f 864 863 1007
f 1007 1008 864
f 864 1009 865
f 864 1008 1009
f 1870 1726 1869
f 1869 2014 1870
f 1869 2013 2014
f 1868 2012 1869
f 1869 2012 2013
f 2443 2300 2299
f 2299 2298 2443
f 1578 1722 1723
f 1723 1722 1867
f 1435 1292 1291
f 1291 1292 1147
f 1290 1435 1291
f 1291 1147 1290
f 1145 1001 1144
f 1144 1289 1145
f 1144 1288 1289
f 1143 1288 1144
f 1016 1015 1160
f 1160 1161 1016
f 1016 872 871
f 871 1015 1016
f 726 583 582
f 727 583 726
f 726 871 727
f 726 870 871
f 582 581 726
f 726 581 725
f 726 725 869
f 869 870 726
f 1443 1442 1587
f 1442 1586 1587
f 1587 1586 1730
f 1730 1731 1587
f 868 724 723
f 868 1013 869
f 869 724 868
f 1298 1443 1299
f 1299 1155 1298
f 1305 1448 1449
f 1448 1593 1449
f 1450 1305 1449
f 1449 1593 1450
f 1736 1593 1592
f 1592 1593 1448
f 1592 1591 1736
f 1595 1739 1740
f 1594 1739 1595
f 1450 1594 1595
f 1595 1451 1450
f 1737 1736 1881
f 1737 1593 1736
f 1881 1882 1737
f 1882 1738 1737
f 1594 1593 1737
f 1737 1738 1594
f 2171 2170 2314
f 2314 2315 2171
f 2027 2026 2171
f 2171 2026 2170
f 2171 2172 2027
f 2171 2315 2172
f 2965 2966 2748
f 2748 2964 2965
f 2747 2964 2748
f 2748 2603 2747
f 2172 2315 2316
f 2315 2460 2316
f 2317 2462 2318
f 2317 2316 2460
f 2172 2316 2317
f 1741 1598 1597
f 1741 1742 1598
f 1741 1886 1742
f 1884 1741 1740
f 1740 1739 1884
f 1739 1883 1884
f 1884 1883 2027
f 3393 3538 3394
f 3393 3537 3538
f 3393 3394 3250
f 2957 3100 3101
f 3100 3245 3101
f 3101 3102 2957
f 3101 3245 3102
f 2852 7604 7603
f 2857 2856 2811
f 2811 2858 2857
f 2811 2856 2855
f 2855 2854 2811
f 2853 2852 2811
f 2811 2854 2853
f 7465 7321 7464
f 7465 7466 7322
f 7322 7321 7465
f 7467 7612 7468
f 7467 7611 7612
f 7610 7611 7467
f 7467 7466 7610
f 7322 7466 7467
f 7467 7323 7322
f 7460 7604 7461
f 7461 7462 7317
f 7461 7316 7460
f 7317 7316 7461
f 7319 7462 7463
f 7463 7464 7320
f 7320 7319 7463
f 2839 2840 7592
f 7592 2840 2841
f 2841 7593 7592
f 2811 2834 2833
f 2833 2832 2811
f 2834 7585 2833
f 2833 7585 2832
f 7445 7302 7301
f 7445 7446 7302
f 7590 7446 7445
f 7304 7160 7303
f 7305 7160 7304
f 2811 2844 2843
f 2843 2842 2811
f 7426 7571 7427
f 7427 7571 7428
f 7427 7283 7426
f 7427 7428 7284
f 7284 7283 7427
f 6319 6175 6318
f 6175 6174 6318
f 6318 6174 6173
f 6173 6317 6318
f 6318 6463 6319
f 6462 6463 6318
f 6461 6462 6318
f 6318 6317 6461
f 5161 5017 5016
f 5016 5160 5161
f 5016 4873 4872
f 5016 5017 4873
f 4872 4871 5016
f 5303 5160 5159
f 5446 5303 5302
f 5302 5158 5157
f 5303 5159 5302
f 5302 5159 5158
f 277 135 276
f 277 376 377
f 277 276 376
f 377 278 277
f 222 223 126
f 126 142 222
f 509 508 652
f 652 653 509
f 365 364 509
f 509 364 508
f 653 654 509
f 510 654 511
f 510 367 366
f 511 367 510
f 510 509 654
f 366 365 510
f 365 509 510
f 1230 1087 1086
f 1085 1230 1086
f 1086 942 1085
f 943 1087 1088
f 943 799 798
f 798 942 943
f 943 1086 1087
f 942 1086 943
f 2384 2240 2239
f 1375 1231 1230
f 1516 1661 1517
f 5633 5490 5489
f 5060 5061 4916
f 5060 4916 4915
f 4915 5059 5060
f 5204 5061 5060
f 5060 5059 5204
f 5206 5062 5061
f 5061 5205 5206
f 5207 5062 5206
f 5206 5205 5349
f 5497 5641 5642
f 5642 5498 5497
f 5643 5498 5642
f 5642 5786 5643
f 5785 5786 5642
f 5642 5641 5785
f 5355 5498 5499
f 5355 5354 5498
f 5355 5500 5356
f 5499 5500 5355
f 5355 5356 5211
f 5211 5210 5355
f 5210 5354 5355
f 5497 5352 5496
f 5491 5348 5347
f 5491 5492 5348
f 5347 5346 5491
f 5346 5490 5491
f 5635 5636 5491
f 5636 5492 5491
f 5639 5494 5638
f 5782 5925 5926
f 5782 5781 5925
f 5926 5927 5782
f 5639 5638 5782
f 5782 5638 5781
f 5780 5781 5636
f 5635 5779 5780
f 5780 5636 5635
f 5924 5781 5780
f 5780 5923 5924
f 5779 5923 5780
f 5929 6073 5930
f 5930 5785 5929
f 5785 5928 5929
f 6072 6073 5929
f 5929 5928 6072
f 5785 5641 5640
f 5640 5784 5785
f 5639 5784 5640
f 5640 5496 5639
f 5640 5641 5497
f 5497 5496 5640
f 5353 5354 5210
f 5210 5209 5353
f 5353 5352 5497
f 5497 5354 5353
f 5208 5352 5353
f 5353 5209 5208
f 4348 4203 4347
f 4348 4204 4203
f 4347 4492 4348
f 4205 4206 4061
f 4204 4348 4205
f 4205 4348 4349
f 4350 4206 4205
f 4205 4349 4350
f 4061 4060 4205
f 4060 4204 4205
f 4493 4494 4349
f 4493 4348 4492
f 4349 4348 4493
f 4639 4495 4494
f 4639 4640 4496
f 4496 4495 4639
f 2251 2108 2107
f 2107 2108 1963
f 2107 2106 2251
f 2107 1963 1962
f 1962 2106 2107
f 1818 1819 1674
f 1962 1819 1818
f 139 138 280
f 280 279 380
f 280 138 279
f 280 281 139
f 380 381 280
f 381 281 280
f 666 667 522
f 810 667 666
f 522 665 666
f 665 810 666
f 1387 1386 1531
f 1531 1532 1387
f 1387 1532 1388
f 1242 1099 1098
f 1098 1097 1242
f 527 526 670
f 670 526 525
f 282 381 382
f 382 526 527
f 382 381 525
f 525 526 382
f 383 384 283
f 527 384 383
f 383 382 527
f 383 283 282
f 282 382 383
f 1101 1102 958
f 814 813 958
f 1389 1246 1245
f 1245 1246 1101
f 1244 1389 1245
f 1245 1101 1244
f 1247 1246 1390
f 1102 1246 1247
f 669 525 668
f 668 813 669
f 669 670 525
f 669 813 814
f 814 670 669
f 812 813 668
f 668 667 812
f 812 667 811
f 1965 2108 2109
f 2108 2253 2109
f 2110 1965 2109
f 2109 2254 2110
f 2109 2253 2254
f 2252 2253 2108
f 2251 2396 2252
f 2252 2108 2251
f 2252 2396 2397
f 2397 2253 2252
f 1677 1532 1676
f 1676 1821 1677
f 1677 1821 1678
f 1678 1534 1677
f 1966 1965 2110
f 1966 1821 1965
f 1966 1967 1823
f 2110 2111 1966
f 2111 1967 1966
f 3341 3196 3340
f 3340 3485 3341
f 3484 3485 3340
f 3340 3196 3195
f 3052 3196 3053
f 2403 2259 2402
f 3772 3627 3771
f 3627 3770 3771
f 3771 3915 3772
f 3771 3770 3915
f 801 800 944
f 944 945 801
f 944 943 1088
f 1088 1089 944
f 1089 945 944
f 944 800 799
f 799 943 944
f 1809 1954 1810
f 1810 1666 1665
f 1665 1809 1810
f 1810 1667 1666
f 2097 2241 2242
f 2242 2098 2097
f 2099 1954 2098
f 2099 2243 2100
f 2098 2242 2099
f 2099 2242 2243
f 2388 2243 2387
f 2387 2532 2388
f 2531 2532 2387
f 2530 2531 2387
f 2243 2242 2387
f 803 802 946
f 946 947 803
f 659 802 803
f 804 659 803
f 803 947 804
f 1091 947 1090
f 1090 1234 1091
f 1091 1234 1235
f 1091 1235 1092
f 1092 947 1091
f 2388 2532 2533
f 2533 2389 2388
f 2533 2676 2677
f 2532 2676 2533
f 2533 2678 2534
f 2677 2678 2533
f 2246 2102 2101
f 2391 2247 2246
f 2246 2247 2103
f 2103 2102 2246
f 1956 2101 1957
f 1957 1813 1956
f 1813 1957 1958
f 1958 1959 1815
f 1958 2102 1959
f 2101 2102 1958
f 1958 1957 2101
f 1093 1237 1094
f 950 949 1093
f 1093 1094 950
f 1093 949 1092
f 1092 1237 1093
f 6500 6499 6643
f 6356 6499 6500
f 6500 6501 6356
f 6360 6503 6504
f 6504 6505 6360
f 6360 6505 6361
f 6361 6505 6362
f 6361 6217 6360
f 6362 6217 6361
f 6791 6792 6648
f 6648 6647 6791
f 6792 6793 6648
f 6505 6504 6648
f 6503 6647 6648
f 6648 6504 6503
f 6501 6500 6645
f 6645 6788 6789
f 6789 6790 6645
f 6358 6214 6357
f 6358 6359 6214
f 6357 6501 6358
f 6501 6502 6358
f 6503 6359 6358
f 6358 6502 6503
f 6360 6216 6215
f 6215 6359 6360
f 6214 6359 6215
f 6071 6070 6215
f 6215 6070 6214
f 6215 6072 6071
f 6215 6216 6072
f 6795 6650 6794
f 6795 6651 6650
f 6795 6796 6652
f 6652 6651 6795
f 6795 6938 6939
f 6795 6794 6938
f 6939 6940 6795
f 6940 6796 6795
f 6364 6220 6219
f 6219 6363 6364
f 6218 6362 6219
f 6362 6363 6219
f 6219 6074 6218
f 6075 6074 6219
f 6219 6076 6075
f 6220 6076 6219
f 5913 5914 5769
f 5769 5912 5913
f 5913 5912 6057
f 5913 6058 5914
f 6057 6058 5913
f 6057 5912 6056
f 6199 6200 6056
f 6056 6201 6057
f 6056 6200 6201
f 5621 5766 5622
f 5622 5766 5623
f 5622 5623 5478
f 5478 5477 5622
f 5622 5477 5621
f 5765 5766 5621
f 5910 5766 5765
f 5765 5909 5910
f 5623 5766 5767
f 6198 6342 6199
f 6197 6342 6198
f 5763 5907 5764
f 5909 5765 5764
f 5764 5765 5621
f 5764 5619 5763
f 6199 6342 6343
f 6343 6344 6199
f 6345 6346 6202
f 6202 6201 6345
f 6201 6200 6345
f 6200 6344 6345
f 6628 6627 6771
f 1407 1262 1406
f 1406 1551 1407
f 1839 1983 1984
f 1694 1838 1839
f 1839 1695 1694
f 1839 1838 1982
f 1982 1983 1839
f 2128 1983 2127
f 2271 2272 2127
f 2272 2128 2127
f 2127 2126 2271
f 1982 2126 2127
f 2127 1983 1982
f 2269 2126 2125
f 2126 1981 2125
f 2268 2269 2125
f 2125 2124 2268
f 1980 2124 2125
f 2125 1981 1980
f 2121 2122 1978
f 1978 1834 1833
f 1978 2122 1979
f 1979 1834 1978
f 1976 1833 1832
f 1832 1833 1688
f 1832 1831 1976
f 1688 1831 1832
f 2556 2411 2555
f 2555 2699 2556
f 2411 2554 2555
f 2554 2699 2555
f 824 823 967
f 966 1111 967
f 822 966 967
f 967 823 822
f 187 229 230
f 230 229 291
f 189 190 163
f 189 231 190
f 391 390 534
f 291 290 391
f 391 290 390
f 680 823 824
f 680 537 536
f 1112 1256 1113
f 1111 1256 1112
f 192 191 233
f 295 296 233
f 233 232 294
f 294 295 233
f 233 190 232
f 233 191 190
f 192 166 165
f 165 191 192
f 165 166 152
f 152 164 165
f 164 190 165
f 190 191 165
f 234 235 192
f 296 235 234
f 192 233 234
f 234 233 296
f 297 296 397
f 297 235 296
f 397 298 297
f 298 235 297
f 830 831 687
f 687 686 830
f 688 543 687
f 542 686 687
f 687 543 542
f 685 684 829
f 541 684 685
f 685 686 541
f 829 830 685
f 830 686 685
f 829 828 973
f 828 972 973
f 973 972 1117
f 973 830 829
f 973 974 830
f 973 1117 1118
f 1118 974 973
f 1257 1256 1400
f 1400 1401 1257
f 1400 1399 1544
f 1400 1256 1399
f 1544 1545 1400
f 1545 1401 1400
f 1680 1681 1537
f 1826 1683 1682
f 1683 1538 1682
f 1682 1681 1826
f 1682 1538 1681
f 1250 1393 1394
f 1537 1538 1394
f 1394 1393 1537
f 1251 1250 1394
f 1394 1395 1251
f 1394 1538 1539
f 1539 1395 1394
f 2543 2400 2399
f 2399 2400 2255
f 2399 2398 2543
f 2399 2255 2398
f 2259 2404 2260
f 2260 2115 2259
f 2404 2261 2260
f 1975 1831 1974
f 1974 2119 1975
f 1976 1831 1975
f 1975 2120 1976
f 1975 2119 2120
f 2405 2550 2406
f 2549 2550 2405
f 2406 2262 2405
f 2262 2261 2405
f 2405 2261 2404
f 2405 2548 2549
f 2404 2548 2405
f 665 520 664
f 664 808 665
f 520 519 664
f 134 150 375
f 375 275 134
f 375 150 374
f 374 519 375
f 376 276 375
f 276 275 375
f 375 520 376
f 375 519 520
f 1097 1096 1240
f 1240 1241 1097
f 1240 1239 1383
f 1095 1239 1240
f 1240 1096 1095
f 1816 1672 1815
f 1815 1960 1816
f 1816 1673 1672
f 819 962 963
f 963 962 1107
f 963 964 819
f 1107 964 963
f 1250 1107 1106
f 1107 962 1106
f 673 530 529
f 385 384 529
f 673 818 674
f 674 530 673
f 674 818 675
f 675 530 674
f 387 286 386
f 386 530 387
f 286 385 386
f 385 529 386
f 386 529 530
f 1251 1396 1252
f 1252 1107 1251
f 1252 1108 1107
f 1252 1396 1397
f 676 677 533
f 533 532 676
f 533 678 534
f 677 678 533
f 820 821 676
f 964 821 820
f 819 964 820
f 676 675 820
f 820 675 819
f 1109 1254 1110
f 2344 2345 2201
f 2344 2343 2488
f 2488 2489 2344
f 2489 2345 2344
f 2487 2631 2488
f 2488 2343 2487
f 2487 2486 2631
f 2487 2343 2486
f 2629 2630 2485
f 2773 2630 2629
f 2485 2628 2629
f 2628 2773 2629
f 1046 1190 1191
f 1191 1047 1046
f 1190 1334 1191
f 1191 1334 1335
f 1191 1335 1336
f 1480 1335 1479
f 1479 1623 1480
f 1478 1623 1479
f 1479 1334 1478
f 1335 1334 1479
f 1767 1623 1766
f 1627 1482 1626
f 1626 1770 1627
f 1482 1481 1626
f 1481 1625 1626
f 1913 1770 1769
f 1770 1626 1769
f 1769 1626 1625
f 1049 1050 906
f 1628 1629 1484
f 1483 1628 1484
f 907 1051 1052
f 1051 1196 1052
f 1052 1196 1197
f 1916 2059 2060
f 2059 2204 2060
f 2060 2061 1916
f 2060 2204 2061
f 776 775 920
f 632 775 776
f 920 921 776
f 921 777 776
f 633 632 776
f 776 777 633
f 631 632 487
f 631 775 632
f 487 630 631
f 630 775 631
f 1062 919 918
f 919 775 918
f 1208 1207 1352
f 1209 1208 1352
f 1352 1353 1209
f 1497 1353 1352
f 1352 1496 1497
f 1063 919 1062
f 1062 1207 1063
f 1350 1207 1206
f 1206 1205 1350
f 778 777 922
f 778 922 779
f 778 634 633
f 633 777 778
f 779 635 778
f 635 634 778
f 147 359 149
f 489 114 149
f 781 926 782
f 926 783 782
f 1069 1213 1214
f 924 780 923
f 923 1067 924
f 1067 1068 924
f 1068 1069 924
f 781 780 924
f 1212 1355 1356
f 1212 1068 1067
f 1356 1357 1212
f 1357 1213 1212
f 1213 1069 1212
f 1212 1069 1068
f 2220 2077 2076
f 2077 1932 2076
f 2219 2220 2076
f 2076 2075 2219
f 1931 2075 2076
f 2076 1932 1931
f 1218 1073 1217
f 1361 1362 1217
f 1362 1218 1217
f 1217 1216 1361
f 1217 1073 1216
f 1216 1073 1072
f 928 927 1072
f 927 1071 1072
f 1360 1359 1504
f 1361 1216 1360
f 1360 1505 1361
f 1504 1505 1360
f 1215 1360 1216
f 1359 1360 1215
f 1216 1072 1215
f 1215 1072 1071
f 927 926 1070
f 1070 1071 927
f 1070 1069 1214
f 1214 1215 1070
f 1070 1215 1071
f 1214 1213 1358
f 1358 1213 1357
f 1358 1215 1214
f 1359 1215 1358
f 1934 1935 1791
f 2078 1935 1934
f 1933 2078 1934
f 1645 1644 1788
f 1500 1644 1645
f 2223 2368 2224
f 2224 2079 2223
f 2224 2225 2081
f 2224 2368 2369
f 2369 2225 2224
f 1792 1649 1648
f 1793 1649 1792
f 1792 1937 1793
f 1936 1937 1792
f 1648 1647 1792
f 1792 1647 1791
f 1791 1935 1792
f 1792 1935 1936
f 1202 1345 1346
f 1202 1346 1203
f 1203 1058 1202
f 1634 1635 1491
f 1347 1346 1491
f 629 773 630
f 1204 1205 1060
f 1060 1205 1061
f 1060 916 1059
f 1060 1203 1204
f 1060 1059 1203
f 773 916 917
f 917 918 773
f 917 1060 1061
f 916 1060 917
f 917 1061 1062
f 1062 918 917
f 1494 1637 1638
f 1638 1637 1782
f 1639 1494 1638
f 1638 1782 1639
f 1925 1782 1781
f 1782 1637 1781
f 1781 1924 1925
f 1780 1924 1781
f 1636 1493 1492
f 1636 1637 1493
f 1780 1781 1636
f 1636 1781 1637
f 1779 1780 1636
f 1636 1635 1779
f 1492 1491 1636
f 1636 1491 1635
f 1348 1205 1204
f 1204 1203 1348
f 1348 1203 1347
f 1347 1491 1348
f 1348 1491 1492
f 2504 2359 2503
f 2503 2647 2504
f 2503 2359 2502
f 2502 2647 2503
f 1365 1508 1509
f 1221 1222 1078
f 1654 1510 1653
f 1653 1798 1654
f 1654 1655 1510
f 1798 1655 1654
f 1943 1798 1942
f 1942 2086 2087
f 2087 1943 1942
f 1080 936 1079
f 1223 1224 1080
f 1080 1079 1223
f 935 792 791
f 935 936 792
f 1079 936 935
f 791 934 935
f 935 934 1079
f 1510 1367 1366
f 1223 1222 1366
f 1366 1367 1223
f 1509 1510 1366
f 1366 1365 1509
f 1222 1221 1366
f 1366 1221 1365
f 1224 1368 1081
f 1368 1225 1081
f 1081 1080 1224
f 1081 1225 1226
f 1512 1656 1369
f 1369 1368 1512
f 1369 1225 1368
f 794 795 651
f 651 796 652
f 651 795 796
f 2665 2522 2521
f 2522 2377 2521
f 2521 2664 2665
f 2521 2377 2664
f 2378 2234 2233
f 2233 2377 2378
f 2233 2089 2376
f 2233 2376 2520
f 2520 2377 2233
f 501 644 645
f 645 646 501
f 645 789 646
f 645 644 788
f 788 789 645
f 1802 1658 1801
f 1802 1801 1945
f 1945 1946 1802
f 1803 1658 1802
f 1802 1946 1803
f 2090 2233 2234
f 2089 2233 2090
f 2091 1946 2090
f 1945 2089 2090
f 2090 1946 1945
f 2090 2235 2091
f 2234 2235 2090
f 1083 940 939
f 939 940 795
f 1796 1795 1939
f 2372 2371 2515
f 2227 2371 2372
f 7407 7552 7408
f 7552 7409 7408
f 7264 7407 7408
f 7408 7409 7264
f 7654 2903 7655
f 7371 7228 7227
f 7227 7370 7371
f 7227 7226 7370
f 7082 7226 7227
f 7228 7084 7227
f 2811 2947 2946
f 2943 2942 2811
f 2811 2944 2943
f 2811 2952 2951
f 2951 2950 2811
f 2952 7703 2951
f 7703 2950 2951
f 7541 7685 7542
f 7700 7557 7556
f 7700 7556 7555
f 7404 7548 7549
f 7547 7548 7404
f 7546 7690 7547
f 2934 2933 2811
f 2811 2935 2934
f 2934 7685 2933
f 2939 2938 2811
f 2811 2940 2939
f 2939 7690 2938
f 2811 2942 2941
f 2941 2940 2811
f 7692 2939 2940
f 7548 7547 7692
f 7545 7690 7546
f 7546 7401 7545
f 7401 7544 7545
f 7527 7672 7528
f 7527 7528 7383
f 7383 7526 7527
f 7237 7238 7094
f 7094 7093 7237
f 7237 7092 7236
f 7237 7093 7092
f 7369 7513 7514
f 7514 7370 7369
f 7657 7512 7656
f 7513 7512 7657
f 7657 7514 7513
f 7658 7514 7657
f 7661 7660 2908
f 7534 7533 7677
f 7533 7676 7677
f 7531 7530 7674
f 7531 7676 7532
f 7532 7676 7533
f 7388 7531 7532
f 7532 7533 7388
f 2811 2914 2913
f 7662 7661 2910
f 2811 2911 2910
f 7672 7527 7671
f 7671 7527 7526
f 2811 2917 2916
f 2811 2900 2899
f 2899 2900 7652
f 2811 2903 2902
f 2903 7654 2902
f 2902 7654 7653
f 2811 2930 2929
f 2929 2928 2811
f 7679 2926 2927
f 2927 2928 7679
f 2927 2926 2811
f 2811 2928 2927
f 7679 2928 7680
f 7680 7536 7679
f 7684 7540 7539
f 7684 7685 7541
f 7541 7540 7684
f 7418 7705 7562
f 7418 7563 7419
f 7562 7563 7418
f 7418 7274 7417
f 7418 7419 7275
f 7275 7274 7418
f 7564 7421 7420
f 7564 7420 7419
f 7419 7563 7564
f 7423 7280 7279
f 7422 7423 7279
f 7279 7278 7422
f 7135 7134 7279
f 7134 7278 7279
f 7279 7136 7135
f 7279 7280 7136
f 7138 7281 7282
f 7282 7283 7138
f 7282 7281 7426
f 7426 7283 7282
f 6562 6707 6563
f 6419 6562 6563
f 6558 6703 6559
f 6559 6415 6558
f 6989 6844 6988
f 6844 6843 6988
f 6988 7133 6989
f 7132 7133 6988
f 6694 6838 6839
f 6694 6693 6837
f 6837 6838 6694
f 6699 6554 6698
f 6554 6841 6698
f 6985 6841 6984
f 6696 6841 6697
f 6697 6841 6554
f 6697 6553 6696
f 6554 6553 6697
f 7264 7409 7265
f 6845 6844 6989
f 6989 6990 6845
f 6990 6846 6845
f 6991 6992 6848
f 6848 6992 6993
f 7584 7440 7439
f 7584 7585 7440
f 2832 7585 7584
f 2835 2834 2811
f 2811 2836 2835
f 7431 7286 7430
f 7431 7287 7286
f 7433 7434 7289
f 7289 7146 7145
f 7145 7144 7289
f 7433 7576 7577
f 7577 7434 7433
f 7576 2824 7577
f 7157 7301 7158
f 7301 7302 7158
f 7158 7302 7303
f 7015 7014 7158
f 7158 7013 7157
f 7158 7014 7013
f 7306 7163 7162
f 7163 7018 7162
f 7148 7005 7004
f 7004 7003 7148
f 7005 6860 7004
f 7004 6860 7003
f 7145 7146 7001
f 7001 7144 7145
f 7295 7439 7296
f 7295 7294 7439
f 7296 7151 7295
f 7295 7151 7150
f 7150 7294 7295
f 7292 7436 7293
f 7293 7436 7437
f 7438 7294 7293
f 7293 7437 7438
f 7148 7292 7293
f 7293 7149 7148
f 7150 7149 7293
f 7293 7294 7150
f 7119 7263 7120
f 7119 7118 7263
f 7116 7260 7117
f 6973 7116 7117
f 7117 7118 6973
f 7263 7118 7262
f 7262 7406 7263
f 7118 7117 7262
f 7097 7242 7098
f 7098 6953 7097
f 7244 7389 7245
f 7388 7389 7244
f 7244 7387 7388
f 7244 7100 7099
f 7244 7245 7101
f 7101 7100 7244
f 6955 6954 7099
f 6955 6811 6954
f 7528 7672 7529
f 7529 7674 7530
f 7385 7529 7530
f 7385 7384 7528
f 7528 7529 7385
f 6696 6553 6552
f 6408 6407 6552
f 6552 6407 6551
f 6552 6409 6408
f 6552 6553 6409
f 6549 6550 6405
f 6693 6694 6549
f 6549 6694 6550
f 6405 6404 6549
f 6549 6404 6548
f 6405 6550 6406
f 6406 6550 6407
f 6407 6262 6406
f 6406 6261 6405
f 6406 6262 6261
f 6692 6691 6835
f 6837 6693 6692
f 6692 6549 6548
f 6693 6549 6692
f 6692 6548 6547
f 6547 6691 6692
f 7120 6977 6976
f 6976 6977 6832
f 6832 6831 6976
f 6806 6807 6662
f 6662 6805 6806
f 6804 6660 6803
f 6804 6805 6660
f 6803 6948 6804
f 6804 6948 6805
f 6807 6951 6952
f 6952 6951 7096
f 7096 7097 6952
f 6952 7097 6953
f 6950 6949 7094
f 7094 6951 6950
f 6950 6805 6949
f 6950 6806 6805
f 6950 6951 6807
f 6807 6806 6950
f 6519 6375 6518
f 6375 6374 6518
f 6518 6517 6662
f 6373 6517 6518
f 6518 6374 6373
f 6662 6663 6518
f 6663 6519 6518
f 6230 6231 6086
f 6230 6375 6231
f 6230 6374 6375
f 6230 6229 6373
f 6373 6374 6230
f 6086 6085 6230
f 6230 6085 6229
f 6376 6233 6232
f 6231 6375 6232
f 6375 6376 6232
f 6087 6231 6232
f 6527 6672 6528
f 6672 6529 6528
f 6820 6677 6676
f 6674 6818 6819
f 6820 6676 6819
f 6817 6672 6816
f 6817 6673 6672
f 6816 6961 6817
f 6961 6818 6817
f 6674 6673 6817
f 6817 6818 6674
f 6821 6677 6820
f 6821 6822 6677
f 6680 6679 6823
f 6823 6824 6680
f 6823 6967 6968
f 6968 6824 6823
f 6677 6822 6678
f 6679 6534 6678
f 6678 6534 6677
f 6678 6823 6679
f 6822 6823 6678
f 6820 6819 6964
f 7541 7542 7397
f 7397 7540 7541
f 7397 7396 7540
f 7248 7247 7392
f 7394 7537 7538
f 7538 7539 7394
f 7252 7397 7253
f 7396 7397 7252
f 7259 7260 7116
f 7116 7115 7259
f 7404 7260 7259
f 6677 6534 6533
f 6532 6676 6533
f 6533 6676 6677
f 6388 6532 6533
f 6388 6533 6389
f 6252 6108 6251
f 6252 6253 6108
f 6396 6540 6541
f 6539 6540 6396
f 6253 6252 6396
f 6396 6252 6251
f 6249 6248 6392
f 6973 6828 6972
f 6972 6828 6971
f 6972 7116 6973
f 6972 7115 7116
f 6971 7115 6972
f 6537 6536 6681
f 6681 6682 6537
f 6392 6536 6537
f 6535 6536 6392
f 6535 6534 6679
f 6679 6536 6535
f 5549 5692 5693
f 5693 5694 5549
f 5693 5692 5837
f 5837 5838 5693
f 5838 5694 5693
f 5697 5552 5696
f 5697 5553 5552
f 5697 5698 5554
f 5554 5553 5697
f 5841 5842 5697
f 5697 5842 5698
f 5840 5839 5984
f 5840 5985 5841
f 5840 5984 5985
f 5841 5697 5840
f 5840 5697 5696
f 5840 5696 5695
f 5695 5839 5840
f 7085 7084 7228
f 6941 7084 7085
f 7085 6942 6941
f 7085 7086 6942
f 6939 7082 7083
f 7083 7084 6939
f 7082 7227 7083
f 7083 7227 7084
f 7087 6943 6942
f 6942 7086 7087
f 6944 6943 7087
f 7087 7088 6944
f 7374 7519 7375
f 7232 7377 7233
f 7232 7376 7377
f 7232 7231 7375
f 7375 7376 7232
f 7232 7087 7231
f 7088 7087 7232
f 6510 6511 6366
f 6366 6365 6510
f 6510 6365 6509
f 6509 6654 6510
f 6654 6511 6510
f 6367 6223 6366
f 6368 6223 6367
f 6366 6511 6367
f 6367 6511 6368
f 6079 6223 6080
f 6079 5936 5935
f 6080 5936 6079
f 5789 5788 5932
f 5789 5934 5790
f 5644 5788 5789
f 5356 5500 5357
f 5213 5356 5357
f 5503 5504 5359
f 6664 6521 6520
f 6520 6519 6663
f 6663 6664 6520
f 6520 6375 6519
f 6520 6376 6375
f 6377 6376 6520
f 6520 6521 6377
f 6808 6664 6807
f 6808 6809 6664
f 6807 6952 6808
f 6953 6809 6808
f 6808 6952 6953
f 6935 6934 7079
f 6934 7078 7079
f 6936 6935 7079
f 7079 7078 7222
f 6932 6788 6787
f 6932 6933 6788
f 6636 6492 6491
f 6493 6492 6636
f 6495 6640 6496
f 6640 6497 6496
f 6352 6495 6496
f 6496 6497 6352
f 5673 5674 5529
f 5529 5528 5673
f 5673 5528 5672
f 5672 5817 5673
f 5673 5817 5674
f 5527 5384 5383
f 5383 5384 5240
f 5381 5524 5525
f 5813 5669 5668
f 5524 5667 5668
f 5669 5525 5668
f 5668 5525 5524
f 4360 4216 4359
f 4361 4217 4360
f 4217 4216 4360
f 4360 4505 4361
f 4504 4505 4360
f 4359 4503 4360
f 4360 4503 4504
f 4214 4071 4070
f 4213 4214 4070
f 4070 4069 4213
f 3925 4069 4070
f 4070 4071 3927
f 4363 4507 4364
f 4364 4219 4363
f 4506 4507 4363
f 4363 4219 4218
f 4217 4074 4073
f 4072 4216 4073
f 4073 4216 4217
f 4073 3929 4072
f 4073 4074 3929
f 3932 3787 3931
f 3931 3787 3930
f 4075 3932 3931
f 3931 3930 4075
f 3934 3935 3790
f 3790 3933 3934
f 4078 3935 3934
f 3934 4077 4078
f 3933 4077 3934
f 5221 5364 5365
f 5221 5220 5364
f 5365 5366 5221
f 5366 5222 5221
f 5221 5222 5077
f 5077 5220 5221
f 4641 4786 4642
f 4643 4499 4642
f 4642 4499 4498
f 4642 4787 4643
f 4642 4786 4787
f 4210 4209 4354
f 4354 4209 4353
f 4498 4499 4354
f 4497 4352 4496
f 4353 4352 4497
f 4497 4354 4353
f 4498 4354 4497
f 4496 4640 4497
f 4640 4641 4497
f 4641 4642 4497
f 4497 4642 4498
f 4790 4934 4791
f 4791 4646 4790
f 4643 4787 4644
f 4787 4788 4644
f 4644 4499 4643
f 4500 4499 4644
f 4501 4500 4644
f 4644 4645 4501
f 3926 3781 3925
f 3926 3782 3781
f 3927 3782 3926
f 3925 4070 3926
f 3926 4070 3927
f 4234 4089 4233
f 4233 4089 4232
f 4233 4377 4234
f 4232 4377 4233
f 4090 4089 4234
f 4090 4235 4091
f 4234 4235 4090
f 4091 3947 4090
f 3947 3946 4090
f 4090 3946 3945
f 3945 4089 4090
f 3219 3220 3075
f 3075 3218 3219
f 3218 3363 3219
f 3363 3364 3219
f 3364 3220 3219
f 4803 4802 4947
f 4948 4804 4803
f 4803 4947 4948
f 4804 4659 4803
f 4658 4802 4803
f 4803 4659 4658
f 4660 4661 4516
f 4516 4659 4660
f 4660 4804 4661
f 4660 4659 4804
f 1137 992 1136
f 1136 1280 1137
f 1137 1280 1281
f 1569 1568 1713
f 1569 1425 1568
f 1713 1570 1569
f 1569 1570 1425
f 1276 1420 1277
f 1133 1132 1276
f 1276 1277 1133
f 414 314 413
f 413 558 414
f 414 415 314
f 414 558 415
f 702 701 846
f 702 558 701
f 846 703 702
f 703 558 702
f 557 558 413
f 701 558 557
f 413 556 557
f 557 556 701
f 559 558 703
f 415 558 559
f 559 703 560
f 560 415 559
f 1571 1428 1427
f 1428 1283 1427
f 1427 1283 1426
f 1427 1570 1571
f 1426 1570 1427
f 1284 1283 1428
f 1140 1283 1284
f 1428 1285 1284
f 1285 1140 1284
f 995 994 1139
f 1139 1140 995
f 1139 1283 1140
f 1714 1858 1715
f 1715 1570 1714
f 1714 1570 1713
f 1713 1857 1714
f 1714 1857 1858
f 2291 2290 2434
f 2434 2435 2291
f 2434 2433 2578
f 2434 2290 2433
f 2578 2579 2434
f 2579 2435 2434
f 2581 2437 2580
f 2581 2724 2725
f 2581 2580 2724
f 2581 2725 2582
f 2582 2437 2581
f 2293 2437 2294
f 2294 2295 2151
f 1573 1717 1574
f 1719 1575 1574
f 6255 6110 6254
f 6110 6253 6254
f 6254 6398 6255
f 6254 6253 6398
f 5655 5800 5656
f 5800 5657 5656
f 5656 5512 5655
f 5656 5657 5512
f 5800 5943 5944
f 5948 5803 5947
f 6239 6095 6094
f 5951 6095 5952
f 5952 5807 5951
f 5807 5950 5951
f 5950 6094 5951
f 5951 6094 6095
f 5372 5227 5371
f 5228 5227 5372
f 5371 5516 5372
f 5516 5373 5372
f 5229 5228 5372
f 5372 5373 5229
f 5665 5664 5809
f 5954 5810 5809
f 5666 5810 5667
f 5666 5521 5665
f 5665 5809 5666
f 5666 5809 5810
f 5235 5380 5236
f 5235 5236 5092
f 5092 5091 5235
f 5235 5091 5090
f 5664 5521 5520
f 5520 5519 5663
f 5663 5664 5520
f 5520 5521 5376
f 5375 5519 5520
f 5520 5376 5375
f 5377 5378 5234
f 5234 5233 5377
f 5378 5235 5234
f 5090 5233 5234
f 5234 5235 5090
f 5230 5086 5229
f 5230 5229 5374
f 5374 5231 5230
f 5230 5231 5087
f 5087 5086 5230
f 6116 5972 6115
f 6116 6117 5972
f 6116 6115 6259
f 6259 6260 6116
f 6116 6260 6261
f 6261 6117 6116
f 6118 6262 6119
f 5974 5973 6118
f 6118 5973 6117
f 6261 6262 6118
f 6118 6117 6261
f 4785 4641 4784
f 4785 4786 4641
f 4785 4784 4929
f 4929 4786 4785
f 5792 5791 5935
f 5935 5936 5792
f 5792 5649 5648
f 3913 3912 4056
f 3769 3768 3913
f 3913 3768 3912
f 3913 3770 3769
f 3913 3914 3770
f 3776 3920 3921
f 3921 3777 3776
f 3921 3920 4064
f 4064 4065 3921
f 3778 3777 3921
f 2728 2585 2584
f 2727 2728 2584
f 2584 2583 2727
f 2439 2583 2584
f 2584 2440 2439
f 2441 2297 2440
f 2440 2584 2441
f 2441 2584 2585
f 2442 2298 2441
f 2441 2298 2297
f 2586 2585 2730
f 2586 2587 2442
f 2730 2587 2586
f 2442 2441 2586
f 2586 2441 2585
f 302 240 301
f 1269 1413 1414
f 1127 983 1126
f 1848 1703 1847
f 1847 1991 1848
f 1847 1703 1846
f 1847 1846 1990
f 1990 1991 1847
f 2135 2278 2279
f 2134 2278 2135
f 1990 2134 2135
f 2135 1991 1990
f 1414 1558 1559
f 1559 1415 1414
f 1558 1703 1559
f 1559 1704 1560
f 1703 1704 1559
f 1559 1560 1416
f 1416 1415 1559
f 1701 1845 1846
f 1846 1702 1701
f 1701 1702 1558
f 1558 1557 1701
f 3216 3072 3215
f 3072 3071 3215
f 3215 3359 3360
f 3360 3216 3215
f 3215 3071 3214
f 3215 3358 3359
f 3215 3214 3358
f 1986 2129 2130
f 1986 1985 2129
f 1986 1842 1841
f 1841 1985 1986
f 403 402 546
f 546 545 690
f 548 403 547
f 692 548 547
f 547 691 692
f 403 546 547
f 690 691 547
f 547 546 690
f 3500 3357 3356
f 3356 3357 3212
f 3355 3500 3356
f 3356 3211 3355
f 3356 3212 3211
f 693 550 549
f 693 694 550
f 693 549 692
f 838 694 693
f 693 837 838
f 407 406 551
f 551 408 407
f 408 307 407
f 307 306 407
f 306 406 407
f 552 696 697
f 697 553 552
f 552 553 408
f 552 408 551
f 551 696 552
f 2423 2568 2424
f 2424 2279 2423
f 2424 2280 2279
f 2281 2280 2424
f 2424 2425 2281
f 2424 2568 2569
f 2569 2425 2424
f 699 555 698
f 842 699 698
f 843 699 842
f 698 697 842
f 697 841 842
f 1418 1417 1562
f 1132 988 1131
f 988 987 1131
f 1131 1276 1132
f 1275 1276 1131
f 1417 1418 1273
f 1129 1128 1273
f 1128 1272 1273
f 1416 1417 1273
f 1273 1272 1416
f 1273 1130 1129
f 1992 2137 1993
f 1992 1849 1848
f 1993 1849 1992
f 1848 1991 1992
f 2282 2281 2426
f 2282 2137 2281
f 2282 2283 2139
f 2426 2570 2427
f 2427 2282 2426
f 2283 2282 2427
f 2572 2428 2427
f 2140 2283 2284
f 2428 2285 2284
f 2284 2285 2140
f 2284 2427 2428
f 2283 2427 2284
f 1996 1852 1851
f 1996 2140 1997
f 1997 1853 1996
f 1853 1852 1996
f 1850 1851 1706
f 1994 1851 1850
f 1849 1994 1850
f 1706 1705 1850
f 1705 1849 1850
f 1995 1851 1994
f 1995 1996 1851
f 1995 2139 2140
f 2140 1996 1995
f 1851 1852 1708
f 1709 1564 1708
f 1708 1852 1709
f 989 988 1133
f 989 845 988
f 1133 990 989
f 990 845 989
f 555 556 411
f 556 412 411
f 411 410 555
f 312 311 411
f 411 412 312
f 411 311 310
f 310 410 411
f 707 851 708
f 707 564 563
f 707 708 564
f 563 706 707
f 707 706 850
f 850 851 707
f 997 1140 1141
f 997 996 1140
f 998 853 997
f 997 853 852
f 852 996 997
f 997 1142 998
f 1141 1142 997
f 6717 6573 6716
f 6717 6718 6573
f 6865 6720 6864
f 6864 6720 6863
f 7007 6863 6862
f 7007 6864 6863
f 7150 7151 7007
f 6857 7001 6858
f 6142 6285 6286
f 6286 6287 6142
f 6285 6429 6286
f 6286 6429 6430
f 6430 6431 6286
f 6431 6287 6286
f 7025 6880 7024
f 7025 6881 6880
f 7026 6881 7025
f 7024 7169 7025
f 7170 7026 7025
f 7025 7169 7170
f 6440 6441 6296
f 6441 6297 6296
f 6296 6439 6440
f 6295 6439 6296
f 6296 6297 6153
f 6873 6729 6872
f 7017 6874 6873
f 6873 7016 7017
f 6872 7016 6873
f 6730 6874 6731
f 6731 6586 6730
f 6730 6586 6729
f 6729 6873 6730
f 6730 6873 6874
f 6585 6441 6584
f 6585 6586 6441
f 6584 6729 6585
f 6729 6586 6585
f 2063 2207 2208
f 2208 2064 2063
f 1919 2062 2063
f 2062 2207 2063
f 2063 1920 1919
f 2063 2064 1920
f 1920 1777 1776
f 1776 1775 1920
f 1633 1634 1489
f 1633 1777 1634
f 1489 1488 1633
f 1630 1775 1631
f 1488 1487 1631
f 1775 1776 1631
f 1774 1775 1630
f 1918 1775 1774
f 1630 1773 1774
f 1774 1773 1918
f 1198 1054 1197
f 1197 1342 1198
f 1055 1054 1198
f 1341 1342 1197
f 1486 1629 1630
f 1487 1342 1486
f 1342 1341 1486
f 1630 1631 1486
f 1486 1631 1487
f 765 909 910
f 910 909 1054
f 2353 2209 2208
f 2354 2209 2353
f 2353 2498 2354
f 1921 1777 1920
f 1920 2064 1921
f 1921 1922 1777
f 2642 2641 2786
f 2642 2498 2641
f 2642 2786 2643
f 2642 2643 2499
f 2499 2498 2642
f 4442 4298 4441
f 4442 4443 4298
f 4586 4443 4442
f 4442 4441 4585
f 4585 4586 4442
f 7310 7311 7166
f 7314 7315 7170
f 7170 7313 7314
f 7456 7313 7312
f 7312 7311 7456
f 7468 7325 7324
f 7324 7467 7468
f 7323 7467 7324
f 7325 7180 7324
f 7180 7323 7324
f 6895 6894 7039
f 7040 6896 7039
f 7039 6896 6895
f 7039 7184 7040
f 7183 7184 7039
f 7039 7182 7183
f 6901 7045 7046
f 7180 7035 7179
f 7179 7323 7180
f 7178 7322 7179
f 7322 7323 7179
f 7176 7177 7033
f 7033 7177 7178
f 2886 2885 2811
f 2889 2888 2811
f 2811 2890 2889
f 2811 2893 2892
f 2811 2881 2880
f 7625 2872 2873
f 7650 7506 7649
f 7649 2896 2897
f 7648 2896 7649
f 7652 7653 7508
f 6475 6331 6330
f 6330 6331 6187
f 6333 6189 6332
f 6332 6189 6188
f 6332 6477 6333
f 6332 6188 6187
f 6187 6331 6332
f 6332 6331 6475
f 6039 6038 6183
f 6040 6039 6183
f 6184 6328 6329
f 6329 6185 6184
f 6184 6183 6328
f 6184 6185 6040
f 6040 6183 6184
f 6753 6897 6754
f 6753 6752 6897
f 6753 6754 6609
f 6609 6752 6753
f 7036 7037 6893
f 6893 6892 7036
f 6893 7037 6894
f 6750 6749 6893
f 6893 6894 6750
f 6893 6749 6748
f 6748 6892 6893
f 7035 6892 6891
f 7030 7029 7174
f 7175 7031 7030
f 7030 7174 7175
f 7031 6887 7030
f 6887 6886 7030
f 6886 6885 7030
f 6885 7029 7030
f 5762 5906 5763
f 5762 5761 5906
f 5763 5618 5762
f 5618 5761 5762
f 5621 5476 5620
f 5620 5476 5619
f 5620 5764 5621
f 5619 5764 5620
f 5619 5476 5475
f 5475 5474 5618
f 5618 5619 5475
f 5475 5476 5331
f 5331 5330 5475
f 5475 5330 5474
f 6043 5899 6042
f 6043 6042 6187
f 6187 6044 6043
f 6043 6044 5900
f 5900 5899 6043
f 5905 5761 5904
f 5904 5761 5760
f 5904 5760 5759
f 5759 5903 5904
f 5904 6049 5905
f 6048 6049 5904
f 5904 6047 6048
f 5904 5903 6047
f 5902 5758 5901
f 5902 5903 5758
f 5902 5901 6046
f 6046 5903 5902
f 6195 6051 6050
f 6765 6620 6764
f 6768 6912 6769
f 6767 6912 6768
f 6769 6912 6913
f 6911 6767 6910
f 6911 6912 6767
f 6912 6911 7056
f 7056 6913 6912
f 6905 7048 7049
f 7049 6906 6905
f 7049 7048 7192
f 6908 6765 6764
f 6622 6477 6621
f 6621 6477 6620
f 6621 6765 6622
f 6620 6765 6621
f 6905 6762 6761
f 6475 6330 6474
f 6329 6473 6474
f 6474 6330 6329
f 6323 6322 6467
f 6467 6324 6323
f 6323 6178 6322
f 6180 6324 6181
f 6181 6036 6180
f 5716 5860 5717
f 5717 5860 5861
f 5717 5572 5716
f 5717 5573 5572
f 5574 5573 5717
f 5717 5718 5574
f 5720 5575 5719
f 5719 5575 5718
f 6149 6293 6150
f 6293 6294 6150
f 5572 5573 5428
f 5573 5429 5428
f 5428 5571 5572
f 5428 5427 5571
f 5428 5285 5284
f 5428 5429 5285
f 5284 5283 5428
f 5283 5427 5428
f 5578 5579 5434
f 5434 5577 5578
f 5720 5577 5576
f 5576 5575 5720
f 5432 5575 5576
f 5433 5432 5576
f 5576 5577 5433
f 5867 5723 5722
f 5723 5579 5722
f 5579 5578 5722
f 5577 5721 5722
f 5722 5578 5577
f 4578 4579 4434
f 4434 4433 4578
f 4433 4577 4578
f 4578 4577 4722
f 4723 4579 4578
f 4578 4722 4723
f 3398 3541 3542
f 3542 3541 3686
f 3542 3399 3398
f 3686 3687 3542
f 1891 2036 1892
f 1748 1747 1892
f 1747 1891 1892
f 1892 1893 1748
f 1892 2036 1893
f 2323 2180 2179
f 2323 2322 2466
f 2178 2322 2323
f 2323 2179 2178
f 2325 2181 2180
f 2469 2326 2325
f 2326 2181 2325
f 881 1026 882
f 738 737 882
f 882 737 881
f 882 1026 883
f 739 738 882
f 882 883 739
f 1170 1169 1314
f 1170 1026 1169
f 1170 1314 1171
f 1171 1026 1170
f 1601 1745 1746
f 1746 1602 1601
f 1746 1889 1890
f 1745 1889 1746
f 1890 1891 1746
f 1746 1891 1747
f 1747 1603 1746
f 1603 1602 1746
f 1601 1602 1458
f 1458 1457 1601
f 1459 1315 1458
f 1458 1315 1314
f 1458 1603 1459
f 1458 1602 1603
f 737 593 592
f 592 736 737
f 592 449 448
f 592 593 449
f 591 736 592
f 448 447 592
f 447 591 592
f 879 1023 880
f 1023 1024 880
f 880 736 879
f 880 1024 881
f 881 737 880
f 737 736 880
f 881 1024 1025
f 1025 1024 1169
f 1025 1026 881
f 1169 1026 1025
f 1169 1312 1313
f 1314 1169 1313
f 1456 1457 1313
f 1313 1312 1456
f 1313 1458 1314
f 1457 1458 1313
f 591 446 590
f 590 734 591
f 1022 879 878
f 878 879 735
f 735 734 878
f 733 878 734
f 1309 1454 1310
f 1310 1166 1309
f 1166 1165 1309
f 587 443 442
f 444 443 587
f 2762 2978 2979
f 2979 2978 3123
f 2980 2763 2979
f 2763 2762 2979
f 2979 3124 2980
f 3123 3124 2979
f 1465 1466 1322
f 1033 1034 889
f 1033 1178 1034
f 1033 1177 1178
f 889 888 1033
f 1033 888 1032
f 1032 1176 1033
f 1176 1177 1033
f 1605 1606 1461
f 1461 1316 1460
f 1460 1604 1461
f 1461 1604 1605
f 1174 1173 1318
f 1030 1173 1174
f 1174 1175 1030
f 1174 1318 1319
f 1319 1175 1174
f 1028 1173 1029
f 885 884 1029
f 884 1028 1029
f 1029 1030 885
f 1029 1173 1030
f 1894 2038 1895
f 1751 1750 1894
f 1894 1895 1751
f 1750 1893 1894
f 1893 2038 1894
f 2037 2181 2182
f 2182 2038 2037
f 2037 2038 1893
f 1893 2036 2037
f 2037 2036 2180
f 2180 2181 2037
f 2472 2329 2328
f 2328 2327 2472
f 2327 2471 2472
f 2615 2616 2472
f 2472 2471 2615
f 1896 2040 2041
f 2041 2040 2184
f 2616 2760 2617
f 3672 3817 3673
f 3673 3528 3672
f 1732 1731 1875
f 1875 1874 2018
f 1730 1874 1875
f 1875 1731 1730
f 2957 2741 2740
f 2740 2741 2597
f 2732 2587 2731
f 2731 3092 3093
f 3093 2732 2731
f 2731 2587 2730
f 2731 3091 3092
f 2731 2730 3091
f 2445 2446 2301
f 2589 2446 2445
f 2445 2301 2444
f 2444 2589 2445
f 4976 4977 4832
f 4977 4833 4832
f 4831 4975 4832
f 4832 4975 4976
f 4832 4687 4831
f 4688 4687 4832
f 4689 4688 4832
f 4832 4833 4689
f 5990 6135 5991
f 6135 5992 5991
f 5847 5990 5991
f 5991 5992 5847
f 6134 5990 6133
f 5990 5989 6133
f 6132 6276 6133
f 6133 6276 6277
f 6133 6278 6134
f 6277 6278 6133
f 6132 6133 5988
f 5988 6133 5989
f 5988 5844 5987
f 5988 5989 5844
f 5277 5420 5421
f 5277 5133 5132
f 5134 5133 5277
f 5277 5278 5134
f 5422 5278 5277
f 5277 5421 5422
f 5276 5275 5419
f 5419 5420 5276
f 5420 5277 5276
f 5132 5275 5276
f 5276 5277 5132
f 5831 5688 5687
f 5687 5830 5831
f 5832 5831 5976
f 5688 5831 5832
f 5981 5980 6125
f 6125 5982 5981
f 5837 5980 5981
f 5981 5838 5837
f 5981 5982 5838
f 6410 6553 6554
f 6554 6555 6410
f 6267 6266 6410
f 6409 6553 6410
f 6410 6266 6409
f 6128 6127 6272
f 6272 6415 6416
f 6123 6124 5979
f 5979 6124 5980
f 5979 5980 5835
f 5835 5834 5979
f 6123 5979 5978
f 5834 6121 5978
f 5978 5979 5834
f 6120 5976 6119
f 6120 6121 5976
f 6119 6263 6120
f 1329 1328 1472
f 1472 1473 1329
f 1472 1471 1616
f 1472 1328 1471
f 1616 1617 1472
f 1617 1473 1472
f 1765 1621 1620
f 1620 1621 1477
f 1477 1476 1620
f 756 612 611
f 756 900 901
f 1045 900 1044
f 1044 1188 1189
f 1189 1045 1044
f 1044 1187 1188
f 211 260 261
f 260 339 261
f 338 339 260
f 338 260 337
f 611 612 467
f 339 338 467
f 467 338 337
f 337 465 466
f 465 610 466
f 466 467 337
f 466 610 611
f 611 467 466
f 2050 2051 1906
f 1906 1905 2050
f 1906 1762 1905
f 900 756 899
f 1475 1476 1332
f 1475 1620 1476
f 901 902 757
f 757 756 901
f 1046 1047 903
f 903 902 1046
f 759 902 903
f 903 904 759
f 342 264 341
f 341 264 263
f 341 471 342
f 612 469 468
f 468 469 339
f 468 467 612
f 339 467 468
f 477 347 476
f 621 477 476
f 476 620 621
f 476 347 475
f 475 620 476
f 764 765 621
f 621 620 764
f 619 763 764
f 764 620 619
f 764 763 907
f 346 267 345
f 345 474 475
f 475 346 345
f 345 267 344
f 345 473 474
f 344 473 345
f 349 350 271
f 271 348 349
f 349 348 477
f 1055 912 911
f 911 1054 1055
f 911 910 1054
f 1488 1345 1344
f 1345 1200 1344
f 1057 1200 1201
f 1201 1200 1345
f 1345 1202 1201
f 1201 1058 1057
f 1201 1202 1058
f 2766 2767 2623
f 2623 2622 2766
f 2623 2478 2622
f 2623 2479 2478
f 2767 2768 2623
f 2768 2624 2623
f 2624 2480 2623
f 2480 2479 2623
f 2330 2474 2331
f 2331 2187 2330
f 2187 2186 2330
f 749 893 750
f 748 893 749
f 255 256 206
f 334 256 255
f 332 253 331
f 332 254 253
f 332 255 254
f 204 92 203
f 203 254 204
f 91 92 204
f 2044 2045 1900
f 2044 2188 2045
f 1900 2043 2044
f 2043 2188 2044
f 2332 2476 2333
f 2333 2188 2332
f 2331 2476 2332
f 2332 2187 2331
f 2332 2188 2187
f 2166 2310 2311
f 2312 2313 2169
f 2169 2168 2312
f 2456 2313 2312
f 2312 2311 2456
f 2168 2311 2312
f 1881 1736 1880
f 1448 1304 1447
f 1447 1592 1448
f 1591 1592 1447
f 1591 1447 1446
f 728 872 729
f 1161 1306 1162
f 1180 1324 1325
f 1325 1181 1180
f 1325 1324 1469
f 1469 1326 1325
f 1326 1181 1325
f 6711 6710 6855
f 6855 6856 6711
f 6856 6712 6711
f 6711 6566 6710
f 6570 6715 6571
f 6570 6426 6569
f 6570 6571 6426
f 6424 6280 6423
f 6424 6425 6280
f 6284 6139 6283
f 6139 6282 6283
f 6283 6427 6284
f 6283 6282 6427
f 6710 6566 6709
f 6709 6853 6710
f 6709 6708 6853
f 6568 6424 6423
f 6569 6425 6568
f 6425 6424 6568
f 6568 6712 6569
f 6568 6711 6712
f 6131 6276 6132
f 6131 6275 6276
f 6131 6130 6274
f 6274 6275 6131
f 6132 5988 6131
f 6131 5988 5987
f 5987 5986 6131
f 5986 6130 6131
f 6706 6562 6561
f 6559 6703 6704
f 6704 6560 6559
f 6703 6848 6704
f 6301 6446 6302
f 6446 6303 6302
f 6158 6301 6302
f 6302 6303 6158
f 718 862 719
f 719 575 718
f 575 574 718
f 718 574 717
f 717 862 718
f 1006 1150 1007
f 1007 862 1006
f 1006 1149 1150
f 1005 1149 1006
f 861 1005 1006
f 1006 862 861
f 719 863 720
f 863 864 720
f 720 575 719
f 720 864 865
f 1581 1726 1582
f 1581 1438 1437
f 1582 1438 1581
f 1437 1436 1581
f 1436 1580 1581
f 1868 1869 1724
f 1580 1723 1724
f 1867 1868 1724
f 1724 1723 1867
f 2298 2299 2155
f 2155 2011 2010
f 2156 2011 2155
f 2155 2300 2156
f 2155 2299 2300
f 1579 1580 1435
f 1579 1723 1580
f 1579 1435 1578
f 1578 1723 1579
f 1000 1144 1001
f 1000 857 856
f 1000 1001 857
f 856 855 1000
f 1000 855 999
f 999 1143 1000
f 1143 1144 1000
f 2454 2597 2598
f 2165 2310 2166
f 2021 2164 2165
f 867 868 723
f 867 723 866
f 866 1010 867
f 1155 1299 1300
f 1596 1595 1740
f 1596 1741 1597
f 1740 1741 1596
f 2318 2174 2173
f 2173 2317 2318
f 2173 2174 2030
f 2030 2029 2173
f 2172 2317 2173
f 2603 2748 2604
f 2604 2459 2603
f 2604 2460 2459
f 2749 2748 2966
f 2749 2966 2750
f 2172 2173 2028
f 2028 2173 2029
f 2027 2172 2028
f 2028 1884 2027
f 1741 1884 1885
f 1886 1741 1885
f 1885 2028 2029
f 1884 2028 1885
f 1885 2029 2030
f 2030 1886 1885
f 3537 3393 3392
f 3392 3247 3391
f 3105 3106 2961
f 2811 2848 2847
f 2847 2846 2811
f 2845 2844 2811
f 2811 2846 2845
f 7452 7307 7451
f 7315 7314 7458
f 7458 7314 7313
f 2852 7603 2851
f 2811 2852 2851
f 2851 2850 2811
f 2851 7602 2850
f 2851 7603 7602
f 7605 7461 7604
f 7462 7461 7605
f 7605 2853 2854
f 7605 7604 2852
f 2852 2853 7605
f 7464 7463 7607
f 7607 7463 7462
f 7607 2855 2856
f 2854 2855 7607
f 2841 2842 7594
f 7594 7593 2841
f 7447 7446 7590
f 7303 7302 7447
f 7302 7446 7447
f 7301 7300 7444
f 7444 7445 7301
f 7444 7300 7299
f 7576 7431 7575
f 2825 2824 2811
f 2825 7577 2824
f 7426 7425 7569
f 5014 5158 5015
f 5158 5159 5015
f 5015 5016 4871
f 5160 5016 5015
f 5015 5159 5160
f 4871 4870 5015
f 5015 4870 5014
f 5301 5445 5446
f 5446 5302 5301
f 5300 5444 5301
f 5301 5444 5445
f 5301 5157 5300
f 5301 5302 5157
f 136 277 278
f 135 277 136
f 278 137 136
f 127 223 224
f 127 126 223
f 2383 2239 2238
f 2528 2384 2383
f 2384 2239 2383
f 1088 1231 1232
f 1231 1375 1232
f 1232 1089 1088
f 1233 1089 1232
f 1519 1664 1520
f 1520 1375 1519
f 1664 1521 1520
f 1373 1228 1372
f 1373 1229 1228
f 1372 1516 1373
f 1516 1517 1373
f 1373 1230 1229
f 1518 1373 1517
f 1518 1517 1661
f 5634 5778 5635
f 5490 5633 5634
f 5634 5777 5778
f 5634 5633 5777
f 5635 5491 5634
f 5634 5491 5490
f 5632 5488 5631
f 5631 5776 5632
f 5489 5488 5632
f 5632 5633 5489
f 5776 5777 5632
f 5777 5633 5632
f 5349 5494 5350
f 5350 5206 5349
f 5350 5351 5207
f 5207 5206 5350
f 5349 5492 5493
f 5493 5494 5349
f 5493 5638 5494
f 5495 5494 5639
f 5639 5496 5495
f 5351 5350 5495
f 5495 5350 5494
f 5352 5351 5495
f 5495 5496 5352
f 5636 5781 5637
f 5781 5638 5637
f 5638 5493 5637
f 5637 5492 5636
f 5637 5493 5492
f 5927 5784 5783
f 5783 5782 5927
f 5783 5784 5639
f 5639 5782 5783
f 4637 4492 4636
f 4637 4493 4492
f 4636 4780 4637
f 4780 4781 4637
f 4494 4493 4637
f 4783 4784 4640
f 4640 4639 4783
f 4927 4928 4783
f 4928 4784 4783
f 4783 4926 4927
f 1243 1099 1242
f 1242 1386 1243
f 1386 1387 1243
f 1244 1099 1243
f 1243 1388 1244
f 1243 1387 1388
f 1099 955 954
f 954 1098 1099
f 811 810 954
f 954 955 811
f 809 953 954
f 954 810 809
f 954 953 1097
f 1097 1098 954
f 961 1106 962
f 1101 958 957
f 957 958 813
f 813 812 957
f 1100 1099 1244
f 1244 1101 1100
f 1389 1532 1533
f 1532 1677 1533
f 1533 1534 1389
f 1533 1677 1534
f 1678 1821 1822
f 1821 1966 1822
f 1822 1966 1823
f 3483 3484 3339
f 3484 3340 3339
f 3339 3340 3195
f 3339 3195 3338
f 3339 3482 3483
f 3339 3338 3482
f 2692 2548 2691
f 3053 2692 2691
f 2691 3052 3053
f 3195 3196 3051
f 3196 3052 3051
f 3052 2691 3051
f 2259 2115 2258
f 2258 2402 2259
f 2688 2544 2543
f 2543 2687 2688
f 2688 2687 3048
f 3048 3049 2688
f 3050 3049 3194
f 3050 2688 3049
f 2689 2688 3050
f 3194 3195 3050
f 3195 3051 3050
f 2401 2400 2544
f 2402 2258 2401
f 2546 2402 2401
f 2385 2529 2386
f 2386 2529 2530
f 2386 2241 2385
f 2386 2242 2241
f 2530 2387 2386
f 2386 2387 2242
f 1812 1667 1811
f 1667 1810 1811
f 1811 1810 1954
f 1955 2100 1956
f 1955 2099 2100
f 1955 1956 1812
f 1812 1811 1955
f 1954 2099 1955
f 1955 1811 1954
f 2245 2246 2101
f 2245 2100 2244
f 2245 2101 2100
f 2245 2244 2388
f 2388 2389 2245
f 2390 2533 2534
f 2389 2533 2390
f 2534 2391 2390
f 2391 2246 2390
f 2390 2245 2389
f 2246 2245 2390
f 1813 1958 1814
f 1670 1669 1814
f 1669 1813 1814
f 1814 1815 1670
f 1814 1958 1815
f 6649 6793 6650
f 6649 6648 6793
f 6650 6505 6649
f 6505 6648 6649
f 6646 6502 6501
f 6501 6645 6646
f 6646 6647 6503
f 6503 6502 6646
f 6646 6645 6790
f 6646 6790 6791
f 6791 6647 6646
f 6788 6645 6644
f 6644 6643 6787
f 6787 6788 6644
f 6644 6500 6643
f 6644 6645 6500
f 6054 6198 6199
f 5910 6053 6054
f 6054 6053 6197
f 6197 6198 6054
f 5911 5766 5910
f 5911 5767 5766
f 5912 5767 5911
f 5911 6056 5912
f 5768 5912 5769
f 5768 5767 5912
f 5769 5624 5768
f 5624 5623 5768
f 5623 5767 5768
f 5908 5764 5907
f 5909 5764 5908
f 5908 5907 6052
f 6052 5909 5908
f 6336 6335 6480
f 6480 6337 6336
f 6344 6343 6487
f 6487 6343 6342
f 6338 6482 6339
f 6337 6482 6338
f 6627 6628 6484
f 1262 1407 1263
f 1552 1551 1695
f 1552 1553 1409
f 1697 1553 1552
f 2121 1978 1977
f 1977 1978 1833
f 1977 1833 1976
f 1976 2120 1977
f 1977 2120 2121
f 231 230 292
f 292 230 291
f 291 391 292
f 292 391 392
f 188 162 187
f 187 230 188
f 163 162 188
f 188 189 163
f 188 230 231
f 231 189 188
f 537 538 393
f 393 292 392
f 392 536 393
f 536 537 393
f 825 970 826
f 823 680 679
f 679 678 823
f 824 967 968
f 968 1112 1113
f 968 967 1111
f 1111 1112 968
f 968 825 824
f 399 398 542
f 542 543 399
f 298 398 399
f 544 543 688
f 688 545 544
f 544 545 400
f 400 399 544
f 544 399 543
f 1824 1969 1825
f 1825 1681 1824
f 1681 1680 1824
f 1536 1680 1537
f 1971 2115 2116
f 2115 2260 2116
f 2116 2117 1973
f 2116 2261 2117
f 2116 2260 2261
f 951 808 807
f 808 664 807
f 950 951 807
f 807 806 950
f 1385 1241 1384
f 1241 1240 1384
f 1528 1385 1384
f 1383 1528 1384
f 1384 1240 1383
f 1673 1816 1817
f 1817 1960 1961
f 1817 1816 1960
f 1961 1962 1817
f 1962 1818 1817
f 1674 1673 1817
f 1817 1818 1674
f 672 816 673
f 673 529 672
f 388 532 389
f 532 533 389
f 289 288 389
f 389 288 388
f 390 290 389
f 389 290 289
f 534 390 389
f 389 533 534
f 1253 1252 1397
f 1397 1254 1253
f 1254 1109 1253
f 1108 1252 1253
f 1253 1109 1108
f 964 1108 965
f 1108 1109 965
f 965 821 964
f 965 966 822
f 822 821 965
f 1110 966 965
f 965 1109 1110
f 2200 2344 2201
f 2200 2201 2057
f 2057 2056 2200
f 2200 2056 2055
f 1192 1191 1336
f 1480 1623 1624
f 1623 1767 1624
f 1624 1769 1625
f 1624 1481 1480
f 1624 1625 1481
f 2055 2056 1911
f 1910 2054 1911
f 1911 2054 2055
f 1911 1766 1910
f 1911 1767 1766
f 1194 1050 1193
f 1050 1049 1193
f 1193 1338 1194
f 1193 1337 1338
f 1336 1337 1193
f 1193 1192 1336
f 905 1049 906
f 906 762 905
f 762 761 905
f 904 1049 905
f 761 760 905
f 905 760 904
f 1053 1052 1197
f 909 1052 1053
f 1197 1054 1053
f 1054 909 1053
f 774 775 630
f 774 918 775
f 630 773 774
f 773 918 774
f 1495 1496 1351
f 1496 1352 1351
f 1351 1352 1207
f 1207 1350 1351
f 1351 1494 1495
f 1351 1350 1494
f 1064 1207 1208
f 1064 1063 1207
f 1065 920 1064
f 920 919 1064
f 919 1063 1064
f 1064 1209 1065
f 1064 1208 1209
f 1349 1493 1494
f 1494 1350 1349
f 1349 1350 1205
f 1205 1348 1349
f 1492 1493 1349
f 1349 1348 1492
f 359 489 360
f 360 149 359
f 489 149 360
f 638 637 781
f 781 782 638
f 494 637 638
f 495 494 638
f 638 782 783
f 925 926 781
f 781 924 925
f 925 924 1069
f 925 1070 926
f 1069 1070 925
f 1211 1212 1067
f 1355 1212 1211
f 1211 1210 1355
f 1067 1066 1211
f 1066 1210 1211
f 641 642 497
f 497 640 641
f 786 642 641
f 641 785 786
f 641 640 784
f 784 785 641
f 929 1073 930
f 929 930 786
f 786 785 929
f 928 1072 929
f 929 1072 1073
f 929 784 928
f 929 785 784
f 1791 1646 1790
f 1790 1934 1791
f 1501 1358 1357
f 1501 1357 1500
f 1500 1645 1501
f 2080 1936 2079
f 2079 2224 2080
f 2081 1936 2080
f 2080 2224 2081
f 1490 1491 1346
f 1634 1491 1490
f 1489 1634 1490
f 1490 1345 1489
f 1346 1345 1490
f 485 357 356
f 485 486 357
f 356 484 485
f 630 486 485
f 485 629 630
f 628 627 772
f 772 773 628
f 773 629 628
f 628 485 484
f 629 485 628
f 483 627 628
f 628 484 483
f 1508 1365 1364
f 1364 1221 1220
f 1365 1221 1364
f 1363 1507 1364
f 1507 1508 1364
f 1364 1219 1363
f 1364 1220 1219
f 1078 933 1077
f 1077 1221 1078
f 936 1080 937
f 1080 1081 937
f 1370 1371 1226
f 1226 1225 1370
f 1225 1369 1370
f 1515 1371 1370
f 1801 1658 1657
f 1657 1656 1800
f 1800 1944 1657
f 1944 1801 1657
f 363 506 507
f 506 651 507
f 507 508 363
f 652 508 507
f 507 651 652
f 794 651 650
f 650 651 506
f 649 794 650
f 650 505 649
f 650 506 505
f 1651 1795 1652
f 1795 1796 1652
f 1652 1507 1651
f 1652 1508 1507
f 1653 1508 1652
f 2516 2372 2515
f 2515 2659 2516
f 2516 2659 2660
f 2660 2661 2516
f 2516 2661 2517
f 2084 2085 1941
f 1941 1942 1798
f 2086 1942 1941
f 1941 2085 2086
f 2228 2085 2084
f 2227 2372 2228
f 2228 2083 2227
f 2228 2084 2083
f 2374 2230 2373
f 2373 2518 2374
f 2517 2518 2373
f 2373 2516 2517
f 2372 2516 2373
f 7225 7226 7081
f 7081 7224 7225
f 7369 7226 7225
f 2945 2944 2811
f 2811 2946 2945
f 7543 7544 7399
f 7399 7542 7543
f 7702 2950 7703
f 7703 7559 7702
f 7702 7559 7558
f 7558 7557 7702
f 2811 2950 2949
f 2950 7702 2949
f 2947 7700 7699
f 7699 2946 2947
f 7698 2946 7699
f 7555 7698 7699
f 7699 7700 7555
f 7695 7694 2942
f 2942 2943 7695
f 7695 2943 2944
f 2944 7696 7695
f 7551 7550 7695
f 7550 7694 7695
f 7695 7552 7551
f 7695 7696 7552
f 7550 7406 7405
f 7405 7549 7550
f 7404 7549 7405
f 7406 7262 7405
f 7685 2934 7686
f 7686 2934 2935
f 7686 7542 7685
f 2811 2938 2937
f 2942 7694 7693
f 7693 2941 2942
f 2940 2941 7693
f 7693 7692 2940
f 7693 7694 7550
f 7550 7549 7693
f 7693 7549 7548
f 7548 7692 7693
f 7690 2939 7691
f 2939 7692 7691
f 7691 7547 7690
f 7691 7692 7547
f 7690 7545 7689
f 7544 7688 7689
f 7689 7545 7544
f 2938 7690 7689
f 7689 2937 2938
f 7522 7523 7379
f 7524 7380 7379
f 7379 7523 7524
f 7379 7380 7236
f 7236 7235 7379
f 7236 7380 7381
f 7381 7237 7236
f 7238 7237 7381
f 7381 7525 7526
f 7381 7380 7524
f 7524 7525 7381
f 7659 7514 7658
f 2908 7660 7659
f 7658 7657 2906
f 2906 7659 7658
f 7664 7519 7663
f 7663 7519 7662
f 7663 2911 7664
f 7662 2910 7663
f 7663 2910 2911
f 7516 7373 7372
f 7516 7372 7371
f 7660 7661 7516
f 7516 7659 7660
f 7521 7377 7520
f 7377 7376 7520
f 7520 7664 7521
f 7520 7519 7664
f 7520 7376 7375
f 7375 7519 7520
f 7679 7534 7678
f 7534 7677 7678
f 7678 2926 7679
f 7678 7677 2926
f 2912 2911 2811
f 2811 2913 2912
f 7664 2911 2912
f 2912 2913 7664
f 2909 7661 2908
f 2909 2910 7661
f 2909 2908 2811
f 2811 2910 2909
f 2919 7671 2918
f 2811 2919 2918
f 2918 2917 2811
f 7524 7523 7667
f 2898 2899 7650
f 2898 7649 2897
f 7650 7649 2898
f 2898 2897 2811
f 2811 2899 2898
f 7651 2899 7652
f 7650 2899 7651
f 7651 7506 7650
f 7652 7508 7651
f 2901 2900 2811
f 2811 2902 2901
f 7653 2900 2901
f 2901 2902 7653
f 2928 2929 7681
f 7681 7680 2928
f 2930 7682 7681
f 7681 2929 2930
f 7681 7682 7538
f 7538 7537 7681
f 7681 7537 7536
f 7536 7680 7681
f 2932 7684 2931
f 2811 2933 2932
f 2932 2931 2811
f 2933 7685 2932
f 7685 7684 2932
f 7682 2931 7683
f 2931 7684 7683
f 7539 7682 7683
f 7683 7684 7539
f 7560 7705 7561
f 7705 7418 7561
f 7561 7417 7560
f 7561 7418 7417
f 6708 6709 6564
f 6564 6707 6708
f 6564 6563 6707
f 6421 6420 6564
f 6564 6420 6419
f 6419 6563 6564
f 6413 6556 6557
f 6557 6558 6413
f 6413 6558 6414
f 6414 6558 6415
f 6414 6270 6413
f 6414 6415 6270
f 6839 6838 6982
f 7125 7126 6982
f 6695 6839 6696
f 6695 6694 6839
f 6696 6552 6695
f 6695 6552 6551
f 6551 6550 6695
f 6550 6694 6695
f 6980 7123 7124
f 7121 6977 7120
f 7120 7264 7121
f 7264 7265 7121
f 6834 6977 6978
f 6977 7121 6978
f 6978 6835 6834
f 7558 7559 7415
f 7415 7560 7416
f 7415 7559 7560
f 6701 6845 6846
f 6701 6557 6556
f 6558 6557 6701
f 6847 6846 6991
f 6991 6848 6847
f 6703 6846 6847
f 6847 6848 6703
f 6993 6994 6849
f 6849 6848 6993
f 6849 6704 6848
f 7583 7584 7439
f 7287 7431 7288
f 7144 7287 7288
f 7288 7289 7144
f 7146 7289 7290
f 7290 7291 7147
f 7147 7146 7290
f 7290 7434 7291
f 7290 7289 7434
f 7579 7434 7578
f 7434 7577 7578
f 2827 7579 7578
f 7159 7160 7015
f 7015 7158 7159
f 7303 7160 7159
f 7159 7158 7303
f 7161 7305 7306
f 7306 7162 7161
f 7161 7160 7305
f 7017 7160 7161
f 7161 7018 7017
f 7161 7162 7018
f 7146 7003 7002
f 7002 7001 7146
f 7003 6858 7002
f 7002 6858 7001
f 6857 6856 7000
f 7000 7001 6857
f 7000 6856 6999
f 7000 6999 7144
f 7144 7001 7000
f 7261 7117 7260
f 7261 7262 7117
f 7261 7405 7262
f 7261 7260 7404
f 7404 7405 7261
f 7099 7242 7243
f 7243 7244 7099
f 7242 7387 7243
f 7387 7244 7243
f 6957 6812 6956
f 6812 6811 6956
f 6811 6955 6956
f 7101 6957 6956
f 6956 7100 7101
f 7099 7100 6956
f 6956 6955 7099
f 7239 7238 7383
f 7383 7384 7239
f 7384 7240 7239
f 7094 7238 7239
f 7239 7095 7094
f 7096 7095 7239
f 7239 7240 7096
f 7242 7097 7241
f 7241 7385 7242
f 7241 7097 7096
f 7096 7240 7241
f 7241 7240 7384
f 7384 7385 7241
f 7530 7387 7386
f 7386 7385 7530
f 7386 7387 7242
f 7242 7385 7386
f 6837 6692 6836
f 6836 6692 6835
f 6836 6980 6837
f 6836 6835 6980
f 6975 7119 7120
f 7120 6976 6975
f 6974 7118 6975
f 7118 7119 6975
f 6975 6831 6974
f 6975 6976 6831
f 6378 6523 6379
f 6523 6380 6379
f 6378 6379 6235
f 6380 6236 6235
f 6235 6379 6380
f 6383 6526 6527
f 6383 6382 6526
f 6239 6382 6383
f 6238 6382 6239
f 6239 6094 6238
f 6238 6094 6237
f 6381 6380 6524
f 6524 6525 6381
f 6381 6525 6526
f 6526 6382 6381
f 6237 6236 6381
f 6381 6236 6380
f 6381 6238 6237
f 6382 6238 6381
f 6531 6532 6388
f 6388 6387 6531
f 6530 6674 6531
f 6531 6386 6530
f 6531 6387 6386
f 6531 6676 6532
f 6386 6387 6243
f 6099 6098 6243
f 5952 6096 6097
f 6674 6819 6675
f 6675 6819 6676
f 6675 6531 6674
f 6676 6531 6675
f 6967 6823 6966
f 6966 6823 6822
f 6963 6964 6819
f 6963 6819 6818
f 7398 7542 7399
f 7398 7397 7542
f 7393 7248 7392
f 7537 7394 7393
f 7392 7536 7393
f 7536 7537 7393
f 7396 7252 7395
f 7539 7396 7395
f 7395 7394 7539
f 7251 7106 7250
f 7251 7395 7252
f 7250 7394 7251
f 7394 7395 7251
f 6961 6960 7104
f 7104 6960 6959
f 7247 7248 7104
f 7258 7115 7114
f 7258 7259 7115
f 7258 7257 7401
f 6391 6535 6392
f 6390 6533 6534
f 6390 6389 6533
f 6534 6535 6390
f 6535 6391 6390
f 6541 6398 6397
f 6397 6396 6541
f 6398 6253 6397
f 6253 6396 6397
f 6395 6394 6539
f 6539 6396 6395
f 6395 6396 6251
f 5816 5815 5959
f 5959 5815 5814
f 5814 5958 5959
f 6250 6395 6251
f 6394 6395 6250
f 6250 6251 6106
f 6106 6249 6250
f 6393 6249 6392
f 6392 6537 6393
f 6393 6537 6394
f 6394 6250 6393
f 6393 6250 6249
f 6105 6104 6248
f 6248 6249 6105
f 6105 6249 6106
f 6105 6106 5961
f 6538 6682 6539
f 6538 6537 6682
f 6539 6394 6538
f 6394 6537 6538
f 7090 7235 7091
f 7090 7234 7235
f 7233 7234 7090
f 7091 6947 7090
f 6947 6946 7090
f 7086 7085 7230
f 7230 7087 7086
f 7231 7087 7230
f 7373 7374 7230
f 7375 7231 7230
f 7230 7374 7375
f 5935 5934 6078
f 6078 6079 5935
f 6078 5934 6077
f 6077 6221 6078
f 6078 6221 6222
f 6222 6223 6078
f 6223 6079 6078
f 5933 5789 5932
f 5934 5789 5933
f 6077 5934 5933
f 5933 6076 6077
f 5933 5932 6076
f 5358 5359 5215
f 5215 5214 5358
f 5358 5214 5213
f 5213 5357 5358
f 5648 5504 5647
f 5504 5503 5647
f 5790 5791 5647
f 5647 5792 5648
f 5791 5792 5647
f 7222 7078 7077
f 7078 6933 7077
f 6933 6932 7077
f 7077 6932 7076
f 7076 6932 7075
f 6936 7079 7080
f 7080 6937 6936
f 7081 6937 7080
f 7080 7224 7081
f 7223 7079 7222
f 7224 7080 7223
f 7223 7080 7079
f 7074 7075 6930
f 6787 6786 6930
f 6637 6781 6638
f 6637 6636 6781
f 6637 6638 6493
f 6493 6636 6637
f 6635 6491 6634
f 6635 6636 6491
f 6638 6781 6782
f 6782 6783 6638
f 6781 6925 6782
f 6640 6783 6784
f 6785 6641 6784
f 6641 6640 6784
f 6784 6783 6928
f 6638 6783 6639
f 6639 6783 6640
f 6639 6495 6638
f 6639 6640 6495
f 5957 5958 5813
f 5957 6101 5958
f 5813 5668 5812
f 5812 5957 5813
f 5956 5957 5812
f 5812 5667 5811
f 5812 5668 5667
f 5811 5810 5955
f 5955 5810 5954
f 5955 5812 5811
f 5956 5812 5955
f 5955 6098 6099
f 5954 6098 5955
f 5527 5383 5382
f 5382 5238 5381
f 5382 5383 5238
f 5239 5383 5240
f 5238 5383 5239
f 5240 5095 5239
f 5095 5238 5239
f 5669 5670 5526
f 5526 5525 5669
f 5526 5670 5527
f 5527 5382 5526
f 5381 5525 5526
f 5526 5382 5381
f 4506 4363 4362
f 4361 4505 4362
f 4362 4505 4506
f 4362 4363 4218
f 4362 4217 4361
f 4362 4218 4217
f 4210 4354 4355
f 4355 4354 4499
f 4645 4644 4789
f 4789 4644 4788
f 4789 4646 4645
f 4789 4790 4646
f 4789 4932 4933
f 4789 4788 4932
f 4933 4934 4789
f 4934 4790 4789
f 992 1137 993
f 993 849 848
f 848 992 993
f 993 994 849
f 993 1137 994
f 1426 1283 1282
f 1282 1137 1281
f 1281 1425 1282
f 1282 1425 1426
f 2005 2004 2148
f 2005 1860 2004
f 1716 1572 1715
f 1715 1860 1716
f 1716 1860 1717
f 1573 1572 1716
f 1716 1717 1573
f 2003 2004 1859
f 2004 1860 1859
f 1859 1860 1715
f 1715 1858 1859
f 1859 1858 2002
f 2002 2003 1859
f 2151 2006 2150
f 2150 2294 2151
f 2438 2437 2582
f 2438 2294 2437
f 2438 2583 2439
f 2582 2583 2438
f 2439 2295 2438
f 2295 2294 2438
f 1429 1573 1430
f 1573 1574 1430
f 1430 1286 1429
f 1431 1287 1430
f 1287 1286 1430
f 1430 1575 1431
f 1430 1574 1575
f 1862 1863 1719
f 1862 2006 1863
f 5659 5514 5658
f 5658 5514 5513
f 5513 5657 5658
f 5949 5950 5805
f 5805 5948 5949
f 5949 6094 5950
f 5804 5948 5805
f 5803 5948 5804
f 5805 5660 5804
f 5804 5660 5659
f 5659 5803 5804
f 5808 5807 5952
f 5952 5809 5808
f 5808 5809 5664
f 5663 5807 5808
f 5808 5664 5663
f 5521 5666 5522
f 5523 5378 5522
f 5378 5521 5522
f 5522 5667 5523
f 5522 5666 5667
f 5380 5235 5379
f 5379 5235 5378
f 5523 5380 5379
f 5379 5378 5523
f 5793 5936 5937
f 5793 5792 5936
f 5937 5794 5793
f 5793 5794 5649
f 5649 5792 5793
f 4057 3913 4056
f 4200 4201 4057
f 4057 4056 4200
f 4057 4201 4202
f 3922 3923 3778
f 3778 3921 3922
f 4067 3923 3922
f 834 977 978
f 833 834 690
f 833 977 834
f 1122 978 1121
f 1121 978 977
f 300 301 238
f 300 399 400
f 300 238 237
f 400 545 401
f 401 300 400
f 301 300 401
f 545 546 401
f 401 546 402
f 401 402 302
f 302 301 401
f 197 238 239
f 238 301 239
f 239 240 197
f 239 301 240
f 981 1125 982
f 1125 1126 982
f 838 837 982
f 982 837 981
f 982 1126 983
f 982 839 838
f 982 983 839
f 1125 1269 1270
f 1270 1126 1125
f 1270 1269 1414
f 1414 1415 1270
f 1127 1126 1270
f 1411 1410 1555
f 700 556 555
f 555 699 700
f 844 701 700
f 701 556 700
f 700 843 844
f 700 699 843
f 987 843 986
f 843 842 986
f 986 1131 987
f 1130 1131 986
f 986 985 1129
f 1129 1130 986
f 841 985 986
f 986 842 841
f 1275 1131 1274
f 1274 1131 1130
f 1130 1273 1274
f 1274 1273 1418
f 2137 1992 2136
f 2136 2280 2281
f 2281 2137 2136
f 2279 2280 2136
f 2136 2135 2279
f 1991 2135 2136
f 2136 1992 1991
f 2138 1994 2137
f 2137 2282 2138
f 2138 2282 2139
f 2139 1995 2138
f 2138 1995 1994
f 2571 2427 2570
f 2571 2714 2715
f 2571 2570 2714
f 2572 2427 2571
f 2571 2716 2572
f 2715 2716 2571
f 1564 1420 1419
f 1419 1563 1564
f 1420 1276 1419
f 1419 1276 1275
f 1275 1274 1419
f 1419 1274 1418
f 1419 1418 1562
f 1562 1563 1419
f 1851 1708 1707
f 1706 1851 1707
f 1564 1563 1707
f 1707 1708 1564
f 1707 1562 1706
f 1707 1563 1562
f 6861 6860 7005
f 6862 6718 6861
f 6718 6717 6861
f 6716 6860 6861
f 6861 6717 6716
f 6864 7007 7008
f 7009 6865 7008
f 6865 6864 7008
f 7008 7152 7009
f 7008 7151 7152
f 7008 7007 7151
f 7006 7005 7150
f 7150 7007 7006
f 7006 7007 6862
f 7006 6861 7005
f 6862 6861 7006
f 7003 6860 6859
f 6859 6858 7003
f 6860 6715 6859
f 6715 6858 6859
f 6714 6858 6715
f 6715 6570 6714
f 6714 6713 6857
f 6857 6858 6714
f 6569 6713 6714
f 6714 6570 6569
f 1634 1777 1778
f 1777 1922 1778
f 1779 1634 1778
f 1778 1923 1779
f 1778 1922 1923
f 2210 2211 2067
f 2354 2211 2210
f 2210 2209 2354
f 1488 1631 1632
f 1632 1631 1776
f 1632 1633 1488
f 1632 1776 1777
f 1777 1633 1632
f 1343 1342 1487
f 1343 1344 1200
f 1343 1487 1488
f 1488 1344 1343
f 1484 1341 1340
f 1340 1196 1339
f 1197 1196 1340
f 1340 1341 1197
f 1340 1339 1483
f 1483 1484 1340
f 1629 1486 1485
f 1485 1486 1341
f 1485 1484 1629
f 1485 1341 1484
f 2352 2353 2208
f 2496 2353 2352
f 2208 2351 2352
f 2352 2351 2496
f 2641 2498 2497
f 2498 2353 2497
f 2496 2641 2497
f 2497 2353 2496
f 2064 2209 2065
f 2065 1921 2064
f 7311 7310 7454
f 7328 7472 7329
f 7186 7185 7329
f 7329 7184 7328
f 7329 7185 7184
f 7186 7331 7187
f 7187 7043 7186
f 7044 7043 7187
f 7338 7194 7337
f 6894 7037 7038
f 7038 7039 6894
f 7038 7037 7182
f 7182 7039 7038
f 7195 7196 7051
f 7051 7194 7195
f 6904 7048 6905
f 6904 6903 7048
f 6759 6903 6904
f 7048 6903 7047
f 6903 7046 7047
f 6901 7046 6902
f 6902 7046 6903
f 6902 6758 6901
f 6759 6758 6902
f 6902 6903 6759
f 7363 7508 7364
f 7071 7072 6928
f 7070 7215 7071
f 7074 6930 7073
f 7214 7215 7070
f 6889 7033 7034
f 7034 7033 7178
f 7178 7179 7034
f 7034 7179 7035
f 6889 6888 7032
f 7032 7033 6889
f 7032 6887 7031
f 7032 6888 6887
f 7176 7033 7032
f 7032 7031 7175
f 7175 7176 7032
f 2891 2890 2811
f 2811 2892 2891
f 2879 2878 2811
f 2811 2880 2879
f 2811 2878 2877
f 2874 2873 2811
f 2811 2875 2874
f 2874 7625 2873
f 7623 2871 2872
f 2870 2871 7623
f 2883 7635 2882
f 2811 2883 2882
f 2882 2881 2811
f 7631 2879 2880
f 2878 2879 7631
f 6186 6185 6329
f 6329 6330 6186
f 6186 6330 6187
f 6187 6042 6186
f 6042 6185 6186
f 6476 6332 6475
f 6477 6332 6476
f 6475 6620 6476
f 6620 6477 6476
f 6181 6325 6326
f 6326 6470 6471
f 6325 6469 6326
f 6469 6470 6326
f 6182 6038 6181
f 6182 6183 6038
f 6181 6326 6182
f 6182 6326 6183
f 6890 6746 6889
f 6890 6891 6746
f 6889 7034 6890
f 7035 6891 6890
f 6890 7034 7035
f 6747 6892 6748
f 6747 6891 6892
f 6746 6891 6747
f 6748 6604 6747
f 6604 6603 6747
f 6602 6746 6747
f 6747 6603 6602
f 6196 6195 6339
f 6197 6052 6196
f 6052 6051 6196
f 6051 6195 6196
f 6910 6767 6766
f 6766 6767 6622
f 6622 6765 6766
f 7051 6906 7050
f 6906 7049 7050
f 7050 7194 7051
f 7050 7049 7194
f 7193 7049 7192
f 7194 7049 7193
f 7192 7337 7193
f 7193 7337 7194
f 6765 6908 6909
f 6910 6766 6909
f 6909 6766 6765
f 6909 7053 6910
f 6907 6906 7051
f 7051 6908 6907
f 6618 6762 6619
f 6618 6761 6762
f 6618 6474 6473
f 6618 6619 6475
f 6475 6474 6618
f 6615 6759 6616
f 6471 6615 6616
f 6616 6472 6471
f 6616 6473 6472
f 6178 6323 6179
f 6179 6323 6324
f 6324 6180 6179
f 6035 6034 6179
f 6034 6178 6179
f 6179 6036 6035
f 6179 6180 6036
f 6153 6154 6010
f 6154 6011 6010
f 6010 6011 5867
f 6295 6296 6151
f 6151 6294 6295
f 6151 6150 6294
f 5720 5719 5863
f 5865 5722 5721
f 3544 3399 3543
f 3399 3542 3543
f 3543 3687 3544
f 3543 3542 3687
f 2611 2468 2467
f 2468 2323 2467
f 2466 2611 2467
f 2467 2323 2466
f 2180 2323 2324
f 2324 2323 2468
f 2324 2325 2180
f 2324 2468 2469
f 2469 2325 2324
f 589 445 444
f 589 446 445
f 589 590 446
f 734 590 589
f 589 733 734
f 1454 1309 1453
f 1597 1598 1453
f 1598 1454 1453
f 1164 1309 1165
f 1164 1165 1021
f 1021 1020 1164
f 878 733 877
f 877 1021 1022
f 1022 878 877
f 586 587 442
f 586 442 441
f 731 874 875
f 587 586 731
f 1753 1610 1609
f 1609 1610 1466
f 1466 1465 1609
f 1608 1752 1609
f 1609 1752 1753
f 1609 1464 1608
f 1609 1465 1464
f 1322 1177 1321
f 1321 1465 1322
f 1321 1176 1320
f 1321 1177 1176
f 1320 1464 1321
f 1464 1465 1321
f 1318 1173 1317
f 1317 1461 1318
f 1317 1173 1316
f 1316 1461 1317
f 1318 1461 1462
f 1462 1461 1606
f 1462 1606 1463
f 1319 1318 1462
f 1462 1463 1319
f 1898 1753 1897
f 1753 1896 1897
f 1896 2041 1897
f 1898 1897 2042
f 2042 1897 2041
f 2042 1899 1898
f 2043 1899 2042
f 2042 2187 2043
f 2042 2186 2187
f 2329 2330 2185
f 2185 2330 2186
f 2184 2329 2185
f 2185 2041 2184
f 2186 2042 2185
f 2185 2042 2041
f 2762 2618 2761
f 2618 2617 2761
f 2761 2978 2762
f 2760 2978 2761
f 2761 2617 2760
f 2329 2472 2473
f 2473 2472 2616
f 2616 2617 2473
f 2474 2330 2473
f 2473 2330 2329
f 2618 2474 2473
f 2473 2617 2618
f 3528 3673 3529
f 3529 3673 3386
f 3385 3528 3529
f 3529 3386 3385
f 3530 3817 3674
f 3530 3673 3817
f 3674 3531 3530
f 3531 3386 3530
f 3386 3673 3530
f 2595 2450 2594
f 2595 2451 2450
f 2452 2451 2595
f 2306 2450 2307
f 2450 2451 2307
f 2162 2306 2307
f 2307 2451 2452
f 5976 5831 5975
f 6119 5976 5975
f 5975 5830 5974
f 5975 5831 5830
f 5975 6118 6119
f 5974 6118 5975
f 5833 5546 5689
f 5690 5546 5833
f 5689 5688 5833
f 5688 5832 5833
f 5833 5834 5690
f 5977 5834 5833
f 5833 5976 5977
f 5833 5832 5976
f 6411 6555 6412
f 6411 6410 6555
f 6411 6412 6267
f 6267 6410 6411
f 6127 6270 6271
f 6271 6272 6127
f 6270 6415 6271
f 6415 6272 6271
f 6273 6129 6128
f 6128 6272 6273
f 6274 6130 6273
f 6130 6129 6273
f 6273 6418 6274
f 6273 6272 6416
f 6122 6121 6265
f 6122 5978 6121
f 6123 5978 6122
f 6122 6267 6123
f 6122 6266 6267
f 6122 6265 6409
f 6409 6266 6122
f 6265 6121 6264
f 6121 6120 6264
f 6264 6120 6263
f 6264 6407 6408
f 6263 6407 6264
f 6408 6409 6264
f 6409 6265 6264
f 1764 1908 1765
f 1765 1620 1764
f 339 469 340
f 469 341 340
f 1907 1906 2051
f 1762 1906 1907
f 1907 2051 2052
f 2052 1908 1907
f 755 756 611
f 755 899 756
f 611 754 755
f 1042 897 1041
f 1041 1185 1042
f 1185 1186 1042
f 1332 1187 1331
f 1331 1475 1332
f 1617 1762 1618
f 758 757 902
f 759 614 758
f 758 902 759
f 613 758 614
f 757 758 613
f 613 469 612
f 612 756 613
f 756 757 613
f 470 341 469
f 470 613 614
f 469 613 470
f 614 471 470
f 471 341 470
f 907 1052 908
f 908 764 907
f 908 1052 909
f 908 909 765
f 765 764 908
f 477 622 478
f 478 349 477
f 479 480 350
f 350 349 479
f 349 478 479
f 910 911 767
f 767 911 912
f 750 606 605
f 605 749 750
f 605 604 748
f 748 749 605
f 205 255 206
f 206 90 205
f 90 91 205
f 91 204 205
f 254 255 205
f 205 204 254
f 460 331 459
f 459 603 460
f 603 604 460
f 255 332 333
f 334 255 333
f 333 463 334
f 333 462 463
f 1881 1880 2025
f 2025 2168 2169
f 2025 2026 1881
f 2169 2026 2025
f 2167 2311 2168
f 2166 2311 2167
f 1303 1447 1304
f 1160 1159 1303
f 1303 1304 1160
f 1302 1158 1157
f 1159 1158 1302
f 1302 1303 1159
f 1302 1446 1447
f 1447 1303 1302
f 2020 2164 2021
f 2022 2165 2166
f 2021 2165 2022
f 1590 1734 1591
f 1591 1446 1590
f 1590 1733 1734
f 1589 1733 1590
f 874 729 873
f 873 729 872
f 872 1016 873
f 875 874 1018
f 1161 1162 1018
f 874 873 1018
f 1307 1306 1451
f 6423 6566 6567
f 6567 6568 6423
f 6566 6711 6567
f 6711 6568 6567
f 6705 6561 6560
f 6560 6704 6705
f 6706 6561 6705
f 6705 6849 6706
f 6704 6849 6705
f 575 720 576
f 432 431 576
f 431 575 576
f 576 720 577
f 576 433 432
f 576 577 433
f 577 720 721
f 721 720 865
f 721 722 577
f 721 865 866
f 866 722 721
f 1725 1581 1580
f 1580 1724 1725
f 1725 1724 1869
f 1725 1869 1726
f 1726 1581 1725
f 2154 2155 2010
f 2298 2155 2154
f 2154 2009 2153
f 2154 2010 2009
f 2153 2297 2154
f 2297 2298 2154
f 2597 2454 2453
f 2453 2454 2310
f 2453 2452 2597
f 2456 2311 2455
f 2598 2599 2455
f 2455 2454 2598
f 2455 2311 2310
f 2310 2454 2455
f 2455 2600 2456
f 2455 2599 2600
f 1010 1155 1011
f 1011 867 1010
f 1443 1587 1444
f 1444 1299 1443
f 1444 1300 1299
f 1156 1300 1157
f 1155 1300 1156
f 2605 2604 2748
f 2748 2749 2605
f 2460 2604 2605
f 2605 2606 2462
f 2750 2606 2605
f 2605 2749 2750
f 3391 3535 3536
f 3536 3392 3391
f 3537 3392 3536
f 3680 3537 3536
f 3679 3680 3536
f 3536 3535 3679
f 2961 2960 3104
f 3104 3105 2961
f 3104 2959 3103
f 2960 2959 3104
f 7309 7452 7453
f 7453 7454 7309
f 7309 7454 7310
f 7309 7165 7164
f 7166 7165 7309
f 7309 7310 7166
f 7602 7458 7457
f 7313 7456 7457
f 7457 7458 7313
f 7315 7458 7459
f 7460 7316 7459
f 7459 7316 7315
f 7459 7604 7460
f 7459 7603 7604
f 7602 7603 7459
f 7459 7458 7602
f 7610 7466 7609
f 7466 7465 7609
f 7609 7465 7464
f 2856 2857 7609
f 7609 2858 7610
f 7609 2857 2858
f 7462 7605 7606
f 7606 7607 7462
f 7606 7605 2854
f 2854 7607 7606
f 7450 7594 7451
f 7306 7305 7450
f 7450 7307 7306
f 7451 7307 7450
f 2842 2843 7595
f 7595 7594 2842
f 2844 7596 7595
f 7595 2843 2844
f 7451 7594 7595
f 7595 7452 7451
f 7596 7452 7595
f 7591 7447 7590
f 7592 7447 7591
f 2839 7592 7591
f 7591 2838 2839
f 7590 2838 7591
f 7441 7585 7442
f 7442 7297 7441
f 7298 7297 7442
f 7430 7573 7574
f 7574 7431 7430
f 7574 7575 7431
f 7570 7571 7426
f 7426 7569 7570
f 7568 7425 7424
f 7568 7569 7425
f 7424 7423 7568
f 7423 7567 7568
f 7566 7421 7565
f 7421 7564 7565
f 2815 7567 7566
f 7566 2814 2815
f 2815 2814 2811
f 2818 2817 2811
f 7571 7570 2818
f 2818 7569 2817
f 2818 7570 7569
f 7572 2820 7573
f 7571 2820 7572
f 7572 7573 7428
f 7428 7571 7572
f 143 127 224
f 143 225 144
f 224 225 143
f 2527 2383 2526
f 2527 2670 2671
f 2527 2526 2670
f 2528 2383 2527
f 2671 2672 2527
f 2672 2528 2527
f 2382 2383 2238
f 2526 2383 2382
f 2238 2381 2382
f 2525 2526 2382
f 2382 2381 2525
f 1950 1951 1806
f 1949 2093 1950
f 1950 1805 1949
f 1950 1806 1805
f 1806 1951 1807
f 1807 1951 1808
f 1664 1663 1807
f 1807 1808 1664
f 1808 1951 1952
f 1953 1808 1952
f 1376 1232 1375
f 1375 1520 1376
f 1376 1377 1233
f 1233 1232 1376
f 1521 1377 1376
f 1376 1520 1521
f 1519 1375 1374
f 1374 1518 1519
f 1374 1375 1230
f 1230 1373 1374
f 1373 1518 1374
f 1662 1663 1519
f 1519 1518 1662
f 1662 1807 1663
f 1806 1807 1662
f 1662 1518 1661
f 1662 1661 1805
f 1805 1806 1662
f 4638 4637 4781
f 4638 4639 4494
f 4494 4637 4638
f 673 816 817
f 816 961 817
f 817 818 673
f 817 962 818
f 817 961 962
f 1106 961 1105
f 1249 1250 1105
f 1250 1106 1105
f 1105 1104 1249
f 1105 961 1104
f 960 959 1104
f 816 959 960
f 1104 961 960
f 960 961 816
f 1103 1247 1104
f 1104 959 1103
f 1102 1247 1103
f 1103 958 1102
f 1103 959 958
f 814 958 815
f 958 959 815
f 815 959 816
f 816 672 815
f 956 957 812
f 1101 957 956
f 956 1100 1101
f 811 955 956
f 956 812 811
f 956 955 1099
f 1099 1100 956
f 2547 2548 2403
f 2547 2691 2548
f 2546 2691 2547
f 2403 2402 2547
f 2547 2402 2546
f 2546 2689 2690
f 2690 2691 2546
f 2690 3051 2691
f 2689 3050 2690
f 2690 3050 3051
f 2114 2115 1970
f 2114 2258 2115
f 2545 2401 2544
f 2544 2688 2545
f 2545 2688 2689
f 2545 2689 2546
f 2546 2401 2545
f 2256 2400 2257
f 2400 2401 2257
f 2257 2112 2256
f 2257 2401 2258
f 6056 5911 6055
f 6199 6056 6055
f 6055 6054 6199
f 5910 6054 6055
f 6055 5911 5910
f 6192 6191 6335
f 6335 6336 6192
f 6048 6191 6192
f 6192 6337 6193
f 6192 6336 6337
f 6192 6049 6048
f 6193 6049 6192
f 6488 6345 6344
f 6344 6487 6488
f 6487 6632 6488
f 6194 6195 6050
f 6193 6337 6194
f 6337 6338 6194
f 6339 6195 6194
f 6194 6338 6339
f 6194 6049 6193
f 6050 6049 6194
f 6483 6482 6627
f 6627 6484 6483
f 6339 6482 6483
f 6483 6484 6339
f 6485 6484 6628
f 6339 6484 6340
f 6197 6196 6340
f 6340 6196 6339
f 6481 6337 6480
f 6481 6482 6337
f 6624 6768 6769
f 6769 6625 6624
f 6623 6767 6624
f 6767 6768 6624
f 6480 6623 6624
f 6624 6481 6480
f 6625 6481 6624
f 1118 1262 1119
f 1262 1263 1119
f 1119 974 1118
f 1697 1552 1696
f 1695 1839 1696
f 1696 1552 1695
f 1696 1841 1697
f 1408 1263 1407
f 1408 1407 1551
f 1551 1552 1408
f 1408 1552 1409
f 826 683 682
f 682 683 539
f 539 538 682
f 294 231 293
f 293 393 294
f 231 292 293
f 292 393 293
f 294 393 394
f 394 393 538
f 394 395 294
f 394 539 395
f 394 538 539
f 1113 970 969
f 970 825 969
f 969 968 1113
f 825 968 969
f 535 391 534
f 534 678 535
f 678 679 535
f 535 536 392
f 392 391 535
f 535 680 536
f 535 679 680
f 237 298 299
f 298 399 299
f 299 300 237
f 399 300 299
f 1968 2112 1969
f 1969 1824 1968
f 2111 2112 1968
f 1968 1967 2111
f 1823 1967 1968
f 1968 1824 1823
f 1537 1393 1392
f 1392 1536 1537
f 1392 1393 1249
f 1391 1392 1247
f 1390 1534 1391
f 1391 1247 1390
f 1680 1536 1679
f 1823 1824 1679
f 1679 1824 1680
f 1679 1534 1678
f 1679 1822 1823
f 1678 1822 1679
f 1828 1971 1972
f 1971 2116 1972
f 1972 1973 1828
f 1972 2116 1973
f 663 664 519
f 663 807 664
f 663 519 662
f 663 662 806
f 806 807 663
f 528 529 384
f 528 672 529
f 528 384 527
f 2199 2200 2055
f 2198 2343 2199
f 2343 2344 2199
f 2344 2200 2199
f 2199 2054 2198
f 2055 2054 2199
f 1048 1049 904
f 1048 1193 1049
f 1192 1193 1048
f 904 903 1048
f 1048 903 1047
f 1047 1191 1048
f 1191 1192 1048
f 1769 1624 1768
f 1768 1624 1767
f 1767 1911 1768
f 1913 1769 1768
f 495 638 639
f 639 638 783
f 639 496 495
f 639 640 496
f 784 640 639
f 639 783 784
f 1789 1645 1788
f 1933 1934 1789
f 1934 1790 1789
f 1646 1645 1789
f 1789 1790 1646
f 1789 1932 1933
f 1788 1932 1789
f 1502 1645 1646
f 1502 1501 1645
f 1358 1501 1502
f 1502 1647 1503
f 1502 1646 1647
f 1503 1359 1502
f 1359 1358 1502
f 1220 1221 1076
f 1221 1077 1076
f 932 1075 1076
f 1076 933 932
f 1076 1077 933
f 1076 1075 1219
f 1219 1220 1076
f 793 794 649
f 793 937 794
f 936 937 793
f 649 792 793
f 792 936 793
f 1082 1081 1226
f 1082 937 1081
f 1226 1083 1082
f 1513 1369 1656
f 1656 1657 1513
f 1513 1370 1369
f 1513 1657 1658
f 1797 1798 1653
f 1797 1941 1798
f 1796 1941 1797
f 1653 1652 1797
f 1797 1652 1796
f 2084 1941 1940
f 1940 1941 1796
f 1939 2084 1940
f 1940 1796 1939
f 2085 2228 2229
f 2229 2373 2230
f 2229 2228 2372
f 2372 2373 2229
f 2229 2230 2086
f 2086 2085 2229
f 7697 7698 7553
f 7697 2946 7698
f 7697 2945 2946
f 7697 7696 2944
f 2944 2945 7697
f 7553 7552 7697
f 7552 7696 7697
f 2948 7700 2947
f 2948 2949 7700
f 2948 2947 2811
f 2811 2949 2948
f 7700 2949 7701
f 7701 2949 7702
f 7557 7700 7701
f 7701 7702 7557
f 2935 7688 7687
f 7687 7686 2935
f 7687 7688 7544
f 7544 7543 7687
f 7687 7543 7542
f 7542 7686 7687
f 2936 7688 2935
f 2936 2935 2811
f 2811 2937 2936
f 2936 7689 7688
f 2937 7689 2936
f 7377 7522 7378
f 7522 7379 7378
f 7233 7377 7378
f 7378 7234 7233
f 7235 7234 7378
f 7378 7379 7235
f 7382 7526 7383
f 7382 7381 7526
f 7383 7238 7382
f 7238 7381 7382
f 2908 7659 2907
f 7659 2906 2907
f 2811 2908 2907
f 2907 2906 2811
f 7656 2903 2904
f 2904 7657 7656
f 2904 2903 2811
f 7373 7516 7517
f 7517 7374 7373
f 7517 7516 7661
f 7517 7661 7662
f 7515 7516 7371
f 7371 7370 7515
f 7370 7514 7515
f 7514 7659 7515
f 7659 7516 7515
f 2924 2923 2811
f 2924 7677 7676
f 7674 2923 7675
f 7675 7676 7531
f 7531 7674 7675
f 7675 2924 7676
f 2923 2924 7675
f 7672 2921 7673
f 7673 2921 7674
f 7673 7529 7672
f 7674 7529 7673
f 2922 2923 7674
f 7674 2921 2922
f 2811 2923 2922
f 2922 2921 2811
f 2920 2919 2811
f 2811 2921 2920
f 2920 2921 7672
f 2920 7671 2919
f 7672 7671 2920
f 2915 7667 2914
f 2916 7667 2915
f 2915 2914 2811
f 2811 2916 2915
f 2917 2918 7669
f 7669 2916 2917
f 7526 7525 7669
f 7669 7525 7524
f 7666 7522 7521
f 2914 7667 7666
f 7666 7523 7522
f 7666 7667 7523
f 7666 2913 2914
f 7506 7651 7507
f 7507 7651 7508
f 7507 7363 7506
f 7507 7508 7363
f 6565 6709 6566
f 6565 6564 6709
f 6565 6566 6421
f 6421 6564 6565
f 6983 6982 7126
f 6984 6839 6983
f 6839 6982 6983
f 6837 6980 6981
f 6981 6838 6837
f 6981 6982 6838
f 7125 6982 6981
f 6980 7124 6981
f 6981 7124 7125
f 6842 6986 6843
f 6985 6986 6842
f 6842 6843 6699
f 6699 6698 6842
f 6842 6698 6841
f 6841 6985 6842
f 6987 6988 6843
f 6843 6986 6987
f 6984 6983 7128
f 7128 6985 6984
f 6979 7123 6980
f 6979 6978 7123
f 6980 6835 6979
f 6835 6978 6979
f 7123 6978 7122
f 7122 6978 7121
f 7131 6987 6986
f 7275 7276 7131
f 7276 7132 7131
f 7132 6988 7131
f 6988 6987 7131
f 6699 6844 6700
f 6700 6556 6699
f 6700 6701 6556
f 6844 6845 6700
f 6845 6701 6700
f 6703 6558 6702
f 6558 6701 6702
f 6702 6846 6703
f 6702 6701 6846
f 6994 6851 6850
f 6850 6849 6994
f 6706 6849 6850
f 6850 6707 6706
f 6851 6707 6850
f 7582 7439 7438
f 7582 7583 7439
f 7438 7437 7582
f 2832 7584 2831
f 7584 7583 2831
f 2831 2830 2811
f 2811 2832 2831
f 2831 7582 2830
f 7583 7582 2831
f 7432 7288 7431
f 7432 7576 7433
f 7432 7431 7576
f 7433 7289 7432
f 7289 7288 7432
f 7577 2825 2826
f 2826 7578 7577
f 2827 7578 2826
f 2811 2827 2826
f 2826 2825 2811
f 7113 7258 7114
f 7257 7258 7113
f 7114 6969 7113
f 7113 6969 6968
f 6968 7112 7113
f 7255 7398 7399
f 7399 7400 7255
f 6234 6233 6378
f 6378 6235 6234
f 6237 6094 6093
f 6093 5949 5948
f 6094 5949 6093
f 6527 6528 6384
f 6384 6383 6527
f 6384 6529 6385
f 6384 6528 6529
f 6239 6383 6384
f 6385 6386 6241
f 6098 6097 6241
f 6241 6384 6385
f 6241 6097 6096
f 6388 6389 6244
f 6244 6387 6388
f 6244 6243 6387
f 5953 6098 5954
f 5953 6097 6098
f 5952 6097 5953
f 5953 5809 5952
f 5954 5809 5953
f 6962 6818 6961
f 6962 6963 6818
f 6961 7106 6962
f 7249 7394 7250
f 7249 7393 7394
f 7248 7393 7249
f 6964 7108 6965
f 6965 6821 6820
f 6820 6964 6965
f 6822 6821 6965
f 6965 6966 6822
f 7106 7251 7107
f 7252 7108 7107
f 7107 7251 7252
f 7107 6962 7106
f 6963 6962 7107
f 6964 6963 7107
f 7107 7108 6964
f 7105 7106 6961
f 6961 7104 7105
f 7250 7106 7105
f 7105 7249 7250
f 7105 7104 7248
f 7248 7249 7105
f 6959 7102 7103
f 7103 7104 6959
f 7103 7102 7247
f 7247 7104 7103
f 7404 7259 7403
f 7259 7258 7403
f 7403 7547 7404
f 5816 5959 5960
f 5961 5817 5960
f 5960 5817 5816
f 5960 5959 6104
f 5960 6105 5961
f 6104 6105 5960
f 6100 5955 6099
f 5956 5955 6100
f 6100 5957 5956
f 6101 5957 6100
f 6099 6243 6100
f 6243 6244 6100
f 6102 5959 5958
f 5958 6101 6102
f 6101 6246 6102
f 7233 7090 7089
f 7089 7232 7233
f 7088 7232 7089
f 6945 7088 7089
f 7089 6946 6945
f 7089 7090 6946
f 7229 7085 7228
f 7229 7230 7085
f 7228 7373 7229
f 7373 7230 7229
f 5502 5647 5503
f 5502 5358 5357
f 5502 5503 5359
f 5359 5358 5502
f 6931 7075 6932
f 6931 6930 7075
f 6931 6932 6787
f 6787 6930 6931
f 4210 4355 4211
f 4211 4067 4210
f 4211 4212 4067
f 4356 4499 4500
f 4356 4355 4499
f 4356 4500 4501
f 4501 4357 4356
f 4213 4212 4356
f 4356 4357 4213
f 4212 4211 4356
f 4356 4211 4355
f 1138 1139 994
f 994 1137 1138
f 1137 1282 1138
f 1283 1139 1138
f 1138 1282 1283
f 2148 2293 2149
f 2149 2005 2148
f 2293 2294 2149
f 2294 2150 2149
f 2006 2005 2149
f 2149 2150 2006
f 1718 1574 1717
f 1717 1862 1718
f 1719 1574 1718
f 1718 1862 1719
f 1861 1862 1717
f 1717 1860 1861
f 1860 2005 1861
f 1861 2005 2006
f 2006 1862 1861
f 5802 5803 5659
f 5659 5658 5802
f 5802 5658 5657
f 5947 5803 5802
f 5802 5946 5947
f 5800 5944 5945
f 5947 5946 6091
f 3914 3913 4058
f 3913 4057 4058
f 4059 3914 4058
f 4202 4059 4058
f 4058 4057 4202
f 4067 3922 4066
f 4210 4067 4066
f 4066 4065 4210
f 4066 3921 4065
f 4066 3922 3921
f 690 545 689
f 689 833 690
f 689 545 688
f 688 833 689
f 1127 1270 1271
f 1271 1270 1415
f 1271 1128 1127
f 1271 1272 1128
f 1271 1415 1416
f 1416 1272 1271
f 1842 1843 1698
f 1697 1841 1698
f 1841 1842 1698
f 1122 1121 1266
f 1410 1411 1266
f 1409 1410 1266
f 1842 1986 1987
f 1987 1843 1842
f 2130 2131 1987
f 1987 1986 2130
f 1987 2131 2132
f 1700 1701 1557
f 1845 1701 1700
f 1122 1266 1123
f 1199 1198 1342
f 1342 1343 1199
f 1055 1198 1199
f 1199 1200 1055
f 1199 1343 1200
f 1922 1921 2066
f 1921 2065 2066
f 2066 2210 2067
f 2209 2210 2066
f 2066 2065 2209
f 2067 1923 2066
f 1923 1922 2066
f 7455 7456 7311
f 7311 7454 7455
f 7597 7454 7453
f 7453 7452 7597
f 7597 7452 7596
f 7597 2845 2846
f 7597 7596 2844
f 2844 2845 7597
f 7330 7331 7186
f 7186 7329 7330
f 7044 7187 7188
f 7188 7045 7044
f 7188 7189 7045
f 7192 7335 7336
f 7336 7337 7192
f 7337 7336 7480
f 7480 7336 7335
f 7190 7189 7333
f 7333 7334 7190
f 7045 7189 7190
f 7190 7046 7045
f 7363 7364 7219
f 6926 6925 7070
f 7070 7071 6926
f 6926 6782 6925
f 6928 7072 6929
f 7072 7073 6929
f 6929 7073 6930
f 6785 6784 6929
f 6929 6784 6928
f 6929 6786 6785
f 6929 6930 6786
f 7217 7073 7216
f 7216 7073 7072
f 7072 7071 7216
f 7216 7071 7215
f 7215 7214 7358
f 7217 7216 7361
f 7361 7216 7360
f 6780 6925 6781
f 6781 6636 6780
f 7628 2875 2876
f 2876 2877 7628
f 2876 2875 2811
f 2811 2877 2876
f 7627 2875 7628
f 7627 2874 2875
f 2872 7625 7624
f 7624 7623 2872
f 7625 7480 7624
f 7624 7480 7623
f 7621 2869 2870
f 2868 2869 7621
f 7339 7194 7338
f 7339 7195 7194
f 7196 7195 7339
f 7339 7340 7196
f 2884 7635 2883
f 2884 7636 7635
f 2885 7636 2884
f 2884 2883 2811
f 2811 2885 2884
f 2885 2886 7638
f 2878 7631 7630
f 7630 2877 2878
f 7633 2880 2881
f 2881 2882 7633
f 7646 2894 2895
f 7509 7508 7653
f 7653 7654 7509
f 7654 7510 7509
f 7511 7655 7656
f 7656 7512 7511
f 7511 7654 7655
f 7511 7510 7654
f 6328 6183 6327
f 6183 6326 6327
f 6327 6326 6471
f 6471 6472 6327
f 6472 6328 6327
f 6626 6625 6769
f 6769 6770 6626
f 6627 6482 6626
f 6771 6627 6626
f 6626 6770 6771
f 6482 6481 6626
f 6626 6481 6625
f 7052 6908 7051
f 7051 7196 7052
f 7196 7053 7052
f 7052 6909 6908
f 7053 6909 7052
f 7199 7200 7056
f 6763 6762 6906
f 6906 6907 6763
f 6619 6762 6763
f 6763 6908 6764
f 6763 6907 6908
f 6763 6620 6619
f 6764 6620 6763
f 6760 6616 6759
f 6759 6904 6760
f 6905 6761 6760
f 6760 6904 6905
f 6761 6618 6617
f 6617 6760 6761
f 6616 6760 6617
f 6617 6618 6473
f 6473 6616 6617
f 6153 6008 6152
f 6008 6151 6152
f 6152 6296 6153
f 6152 6151 6296
f 6007 6151 6008
f 5862 5717 5861
f 5718 5717 5862
f 5861 6005 5862
f 5862 5719 5718
f 5862 5863 5719
f 5867 5722 5866
f 5722 5865 5866
f 5866 6010 5867
f 5866 5865 6010
f 6010 5865 6009
f 6009 6008 6153
f 6153 6010 6009
f 5720 5863 5864
f 5864 5721 5720
f 5864 5865 5721
f 5864 6007 6008
f 5863 6007 5864
f 6008 6009 5864
f 5864 6009 5865
f 1452 1453 1309
f 1452 1596 1597
f 1597 1453 1452
f 1452 1307 1451
f 1451 1595 1452
f 1595 1596 1452
f 585 586 441
f 729 586 585
f 585 441 440
f 440 584 585
f 585 584 728
f 728 729 585
f 876 731 875
f 876 1020 1021
f 1021 877 876
f 874 731 730
f 730 731 586
f 730 729 874
f 730 586 729
f 2739 2594 2738
f 2739 2595 2594
f 2739 2955 2956
f 2739 2738 2955
f 2956 2957 2739
f 2957 2740 2739
f 2452 2595 2596
f 2597 2452 2596
f 2596 2740 2597
f 2596 2739 2740
f 2595 2739 2596
f 2162 2307 2163
f 2163 2018 2162
f 6417 6273 6416
f 6418 6273 6417
f 6416 6560 6417
f 6560 6561 6417
f 6562 6418 6417
f 6417 6561 6562
f 262 261 339
f 339 340 262
f 262 212 211
f 211 261 262
f 263 213 262
f 262 213 212
f 262 341 263
f 262 340 341
f 1763 1764 1620
f 1908 1764 1763
f 1763 1907 1908
f 1762 1907 1763
f 898 755 754
f 899 755 898
f 897 1042 898
f 898 754 753
f 753 897 898
f 1043 1186 1187
f 1043 1042 1186
f 1187 1044 1043
f 899 898 1043
f 1043 898 1042
f 1043 1044 900
f 900 899 1043
f 1475 1331 1474
f 1474 1473 1617
f 1617 1618 1474
f 766 767 622
f 910 767 766
f 766 622 765
f 765 910 766
f 622 767 623
f 623 478 622
f 623 479 478
f 480 479 623
f 461 606 462
f 461 605 606
f 462 333 461
f 461 333 332
f 461 332 331
f 331 460 461
f 604 605 461
f 461 460 604
f 2168 2025 2024
f 2024 2025 1880
f 1879 1880 1736
f 1734 1878 1879
f 1301 1302 1157
f 1157 1300 1301
f 1732 1875 1876
f 1875 2020 1876
f 1017 1016 1161
f 1017 873 1016
f 1161 1018 1017
f 1017 1018 873
f 1163 1162 1306
f 1306 1307 1163
f 1163 1307 1164
f 2310 2165 2309
f 2309 2453 2310
f 1588 1444 1587
f 1588 1731 1732
f 1588 1587 1731
f 1732 1733 1588
f 1588 1733 1589
f 1013 868 1012
f 1157 1013 1012
f 1012 1156 1157
f 868 867 1012
f 867 1011 1012
f 1012 1011 1155
f 1155 1156 1012
f 2461 2317 2460
f 2460 2605 2461
f 2462 2317 2461
f 2461 2605 2462
f 3105 3104 3249
f 3249 3392 3393
f 3249 3393 3250
f 3249 3250 3106
f 3106 3105 3249
f 7307 7452 7308
f 7452 7309 7308
f 7164 7307 7308
f 7308 7309 7164
f 7608 7607 2856
f 2856 7609 7608
f 7464 7607 7608
f 7608 7609 7464
f 7305 7304 7448
f 7448 7447 7592
f 7448 7304 7303
f 7303 7447 7448
f 7445 7444 7589
f 7444 7588 7589
f 7590 7445 7589
f 2837 2838 7589
f 7589 2838 7590
f 7589 2836 2837
f 7589 7588 2836
f 7443 7444 7299
f 7443 7299 7298
f 7298 7442 7443
f 2822 7574 7573
f 2813 7565 7564
f 2813 2814 7566
f 7566 7565 2813
f 2811 2814 2813
f 2816 7568 7567
f 7567 2815 2816
f 2817 7569 2816
f 7569 7568 2816
f 2811 2817 2816
f 2816 2815 2811
f 2811 2820 2819
f 2819 2818 2811
f 2819 2820 7571
f 7571 2818 2819
f 1951 1950 2094
f 2238 2239 2094
f 2094 2093 2238
f 2094 1950 2093
f 2096 1952 1951
f 2096 2239 2240
f 2096 2240 2097
f 2097 1953 2096
f 1953 1952 2096
f 4782 4638 4781
f 4782 4781 4926
f 4926 4783 4782
f 4782 4783 4639
f 4639 4638 4782
f 671 670 814
f 814 815 671
f 527 670 671
f 671 815 672
f 671 528 527
f 672 528 671
f 1970 1969 2113
f 2113 2114 1970
f 1969 2112 2113
f 2112 2257 2113
f 2258 2114 2113
f 2113 2257 2258
f 6346 6345 6490
f 6634 6491 6490
f 6490 6347 6346
f 6491 6347 6490
f 6630 6485 6629
f 6629 6485 6628
f 6630 6487 6486
f 6486 6485 6630
f 6486 6487 6342
f 6342 6485 6486
f 6341 6342 6197
f 6197 6340 6341
f 6341 6485 6342
f 6484 6485 6341
f 6341 6340 6484
f 975 831 974
f 974 1119 975
f 1840 1839 1984
f 1840 1696 1839
f 1984 1841 1840
f 1841 1696 1840
f 1264 1119 1263
f 1263 1408 1264
f 1264 1408 1409
f 681 825 826
f 826 682 681
f 537 680 681
f 681 538 537
f 681 682 538
f 681 680 824
f 824 825 681
f 1249 1104 1248
f 1248 1392 1249
f 1104 1247 1248
f 1247 1392 1248
f 1535 1679 1536
f 1536 1392 1535
f 1392 1391 1535
f 1535 1391 1534
f 1534 1679 1535
f 1912 1911 2056
f 1912 1768 1911
f 1912 2056 1913
f 1913 1768 1912
f 794 937 938
f 937 1082 938
f 938 795 794
f 938 939 795
f 1083 939 938
f 938 1082 1083
f 1514 1513 1658
f 1370 1513 1514
f 1514 1658 1515
f 1515 1370 1514
f 2905 2906 7657
f 7657 2904 2905
f 2811 2906 2905
f 2905 2904 2811
f 7519 7374 7518
f 7374 7517 7518
f 7662 7519 7518
f 7518 7517 7662
f 2926 7677 2925
f 7677 2924 2925
f 2811 2926 2925
f 2925 2924 2811
f 7670 2918 7671
f 7670 7669 2918
f 7670 7671 7526
f 7526 7669 7670
f 7668 7667 2916
f 2916 7669 7668
f 7524 7667 7668
f 7668 7669 7524
f 7521 7664 7665
f 7665 7666 7521
f 7664 2913 7665
f 2913 7666 7665
f 7129 6986 6985
f 6985 7128 7129
f 7413 7558 7414
f 7558 7415 7414
f 7268 7412 7413
f 7411 7412 7268
f 7268 7124 7123
f 7125 7124 7268
f 7127 6983 7126
f 7127 7128 6983
f 7273 7129 7128
f 6986 7129 7273
f 7580 7436 7579
f 7580 7579 2827
f 2827 2828 7580
f 6967 6966 7111
f 7111 6966 7110
f 6968 6967 7111
f 7111 7112 6968
f 7398 7255 7254
f 7253 7397 7254
f 7397 7398 7254
f 7254 7111 7110
f 7255 7111 7254
f 7256 7255 7400
f 7256 7400 7401
f 7401 7257 7256
f 7257 7113 7256
f 7256 7113 7112
f 7112 7111 7256
f 7256 7111 7255
f 6386 6243 6242
f 6242 6241 6386
f 6242 6243 6098
f 6098 6241 6242
f 6239 6384 6240
f 6384 6241 6240
f 6240 6096 6239
f 6240 6241 6096
f 7110 6966 7109
f 6966 6965 7109
f 7109 6965 7108
f 7253 7254 7109
f 7109 7254 7110
f 7109 7252 7253
f 7109 7108 7252
f 7402 7258 7401
f 7402 7403 7258
f 7402 7401 7546
f 7546 7547 7402
f 7547 7403 7402
f 6245 6246 6101
f 6101 6100 6245
f 6245 6100 6244
f 6245 6244 6389
f 6389 6390 6245
f 6390 6246 6245
f 6104 5959 6103
f 5959 6102 6103
f 5501 5357 5500
f 5501 5502 5357
f 5647 5502 5646
f 5646 5789 5790
f 5790 5647 5646
f 5946 5802 5801
f 5801 5945 5946
f 5800 5945 5801
f 5801 5657 5800
f 5801 5802 5657
f 6090 6234 6235
f 6235 6091 6090
f 6233 6234 6090
f 6090 6091 5946
f 6092 5948 5947
f 5947 6091 6092
f 6092 6093 5948
f 6092 6236 6237
f 6237 6093 6092
f 6092 6235 6236
f 6092 6091 6235
f 1555 1410 1554
f 1554 1698 1555
f 1409 1553 1554
f 1554 1410 1409
f 1554 1553 1697
f 1697 1698 1554
f 1555 1698 1699
f 1699 1698 1843
f 1699 1700 1555
f 1843 1700 1699
f 1409 1266 1265
f 1265 1266 1121
f 1265 1264 1409
f 1121 1264 1265
f 1988 2132 1989
f 1988 1987 2132
f 692 691 835
f 835 691 690
f 690 834 835
f 7599 7455 7454
f 7599 2847 2848
f 2846 2847 7599
f 7331 7330 7475
f 7333 7189 7332
f 7189 7188 7332
f 7332 7187 7331
f 7332 7188 7187
f 7332 7475 7476
f 7331 7475 7332
f 7478 7334 7333
f 7191 7335 7192
f 7191 7334 7335
f 7191 7190 7334
f 7192 7048 7191
f 7048 7047 7191
f 7191 7047 7046
f 7046 7190 7191
f 7220 7219 7364
f 7220 7077 7076
f 7076 7075 7220
f 7075 7219 7220
f 7074 7073 7218
f 7218 7073 7217
f 7218 7075 7074
f 7218 7219 7075
f 7217 7361 7218
f 6927 7071 6928
f 6927 6926 7071
f 6928 6783 6927
f 6783 6782 6927
f 6782 6926 6927
f 7215 7358 7359
f 7359 7216 7215
f 7360 7216 7359
f 7359 7503 7360
f 7359 7358 7503
f 7213 7358 7214
f 7506 7363 7362
f 7362 7361 7506
f 7362 7218 7361
f 7363 7219 7362
f 7219 7218 7362
f 7360 7503 7504
f 7504 7361 7360
f 7504 7503 7648
f 6925 6780 6924
f 6779 6635 6634
f 6636 6635 6779
f 6779 6780 6636
f 6923 6924 6779
f 6779 6924 6780
f 7625 2874 7626
f 2874 7627 7626
f 2870 7623 7622
f 7622 7621 2870
f 7623 7478 7622
f 7622 7478 7621
f 7340 7339 7484
f 7628 7485 7484
f 7637 7636 2885
f 2885 7638 7637
f 7493 7636 7637
f 7637 7638 7493
f 7629 7485 7628
f 7629 7630 7485
f 7628 2877 7629
f 2877 7630 7629
f 7632 7631 2880
f 2880 7633 7632
f 7634 2882 7635
f 7634 7633 2882
f 7647 2895 7648
f 7647 7646 2895
f 7648 7503 7647
f 7503 7646 7647
f 7351 7206 7350
f 7351 7352 7208
f 7510 7511 7366
f 7200 7199 7343
f 7055 7199 7056
f 7055 7056 6911
f 6913 7058 6914
f 6771 6770 6914
f 6769 6913 6914
f 6914 6770 6769
f 7203 7058 7202
f 7202 7347 7203
f 6913 7056 7057
f 7057 7058 6913
f 6631 6487 6630
f 6631 6632 6487
f 6006 6005 6149
f 6149 6150 6006
f 6006 5862 6005
f 6150 6151 6006
f 6151 6007 6006
f 6006 6007 5863
f 5863 5862 6006
f 1309 1164 1308
f 1308 1452 1309
f 1164 1307 1308
f 1307 1452 1308
f 587 731 732
f 731 876 732
f 732 877 733
f 732 876 877
f 2019 2020 1875
f 2019 1875 2018
f 2018 2163 2019
f 2164 2020 2019
f 2019 2163 2164
f 1620 1475 1619
f 1619 1763 1620
f 1475 1474 1619
f 1619 1474 1618
f 1619 1618 1762
f 1762 1763 1619
f 1330 1474 1331
f 1187 1186 1330
f 1330 1331 1187
f 1330 1185 1329
f 1330 1186 1185
f 1329 1473 1330
f 1473 1474 1330
f 480 623 624
f 625 480 624
f 769 625 624
f 1736 1591 1735
f 1735 1879 1736
f 1591 1734 1735
f 1734 1879 1735
f 2023 2024 1880
f 1880 1879 2023
f 2023 2167 2168
f 2168 2024 2023
f 2166 2167 2023
f 2023 2022 2166
f 1878 2022 2023
f 2023 1879 1878
f 1446 1302 1445
f 1302 1301 1445
f 1445 1590 1446
f 1589 1590 1445
f 1445 1588 1589
f 1444 1588 1445
f 1300 1444 1445
f 1445 1301 1300
f 1877 1733 1732
f 1732 1876 1877
f 1877 2020 2021
f 1877 1876 2020
f 2021 2022 1877
f 1877 2022 1878
f 1877 1878 1734
f 1734 1733 1877
f 1019 1018 1162
f 1162 1163 1019
f 875 1018 1019
f 1019 876 875
f 1020 876 1019
f 1019 1164 1020
f 1019 1163 1164
f 2308 2165 2164
f 2308 2309 2165
f 2308 2307 2452
f 2452 2453 2308
f 2453 2309 2308
f 2164 2163 2308
f 2308 2163 2307
f 3392 3249 3248
f 3248 3249 3104
f 3247 3392 3248
f 3103 3247 3248
f 3248 3104 3103
f 7449 7450 7305
f 7305 7448 7449
f 7593 7594 7449
f 7594 7450 7449
f 7449 7592 7593
f 7449 7448 7592
f 7587 7588 7444
f 7444 7443 7587
f 7587 7443 7442
f 2834 2835 7587
f 7587 2835 2836
f 2836 7588 7587
f 2811 2824 2823
f 2823 2822 2811
f 2823 2824 7576
f 7576 7575 2823
f 7575 7574 2823
f 7574 2822 2823
f 2821 2820 2811
f 2811 2822 2821
f 7573 2820 2821
f 2821 2822 7573
f 2812 2813 7564
f 2812 7563 2809
f 2812 7564 7563
f 2812 2809 2811
f 2811 2813 2812
f 2095 2094 2239
f 1951 2094 2095
f 2239 2096 2095
f 2095 2096 1951
f 6345 6488 6489
f 6489 6490 6345
f 6489 6632 6633
f 6489 6488 6632
f 6489 6633 6634
f 6634 6490 6489
f 688 687 832
f 832 687 831
f 832 833 688
f 977 833 832
f 7269 7268 7413
f 7413 7414 7269
f 7269 7414 7270
f 7125 7268 7269
f 7269 7126 7125
f 7269 7270 7126
f 7410 7411 7266
f 7266 7409 7410
f 7266 7265 7409
f 7123 7122 7266
f 7266 7121 7265
f 7266 7122 7121
f 7128 7127 7271
f 7126 7270 7271
f 7271 7127 7126
f 7271 7414 7415
f 7270 7414 7271
f 7130 7131 6986
f 6986 7273 7130
f 7130 7274 7275
f 7275 7131 7130
f 7417 7274 7130
f 7130 7273 7417
f 7437 7436 7581
f 7436 7580 7581
f 7581 7582 7437
f 7581 2829 2830
f 2830 7582 7581
f 7581 2828 2829
f 7581 7580 2828
f 6247 6102 6246
f 6247 6103 6102
f 6248 6104 6247
f 6104 6103 6247
f 6392 6248 6247
f 6247 6391 6392
f 6247 6390 6391
f 6247 6246 6390
f 5502 5501 5645
f 5645 5646 5502
f 5645 5500 5644
f 5645 5501 5500
f 5644 5789 5645
f 5789 5646 5645
f 6087 6232 6088
f 6088 6232 6233
f 6088 5945 5944
f 6088 5943 6087
f 6088 5944 5943
f 1989 1845 1844
f 1844 1988 1989
f 1845 1700 1844
f 1844 1700 1843
f 1843 1987 1844
f 1987 1988 1844
f 1123 1124 979
f 979 978 1122
f 1122 1123 979
f 834 978 979
f 979 835 834
f 1268 1269 1125
f 1125 1124 1268
f 836 693 692
f 837 693 836
f 692 835 836
f 7454 7597 7598
f 7598 7599 7454
f 7598 7597 2846
f 2846 7599 7598
f 7456 7455 7600
f 7455 7599 7600
f 7600 7457 7456
f 7600 7599 2848
f 2848 2849 7600
f 7473 7472 7617
f 7473 7329 7472
f 7623 7480 7479
f 7479 7478 7623
f 7479 7480 7335
f 7335 7334 7479
f 7334 7478 7479
f 7476 7621 7477
f 7621 7478 7477
f 7477 7478 7333
f 7333 7332 7477
f 7477 7332 7476
f 7222 7077 7221
f 7077 7220 7221
f 7506 7361 7505
f 7361 7504 7505
f 7505 7649 7506
f 7648 7649 7505
f 7505 7504 7648
f 6634 6633 6778
f 6778 6779 6634
f 7618 7617 2866
f 2866 2867 7618
f 2867 7619 7618
f 7618 7619 7475
f 7618 7473 7617
f 7620 2867 2868
f 7620 7619 2867
f 2868 7621 7620
f 7620 7621 7476
f 7476 7475 7620
f 7475 7619 7620
f 7483 7339 7338
f 7483 7484 7339
f 7483 7626 7627
f 7483 7627 7628
f 7628 7484 7483
f 2887 7638 2886
f 2887 7639 7638
f 2888 7639 2887
f 2811 2888 2887
f 2887 2886 2811
f 2888 2889 7641
f 7641 2889 2890
f 7638 7639 7495
f 7352 7351 7495
f 7488 7632 7633
f 7631 7632 7488
f 7502 7646 7503
f 7503 7358 7502
f 7358 7501 7502
f 7205 7206 7061
f 7207 7351 7208
f 7206 7351 7207
f 6925 6924 7068
f 7068 6924 6923
f 7356 7355 7499
f 7346 7202 7345
f 7346 7347 7202
f 7365 7364 7508
f 7508 7509 7365
f 7365 7509 7510
f 7510 7366 7365
f 7365 7220 7364
f 7365 7221 7220
f 7365 7366 7222
f 7222 7221 7365
f 7368 7511 7512
f 7368 7513 7369
f 7368 7512 7513
f 7224 7223 7368
f 7369 7225 7368
f 7368 7225 7224
f 7197 7053 7196
f 7341 7484 7485
f 7340 7484 7341
f 7196 7340 7341
f 7341 7197 7196
f 7054 7198 7199
f 7199 7055 7054
f 7053 7197 7054
f 7054 7197 7198
f 6910 7053 7054
f 7054 6911 6910
f 7054 7055 6911
f 7060 7203 7204
f 7204 7205 7060
f 7060 7205 7061
f 7202 7058 7201
f 7058 7057 7201
f 7200 7345 7201
f 7345 7202 7201
f 7056 7200 7201
f 7201 7057 7056
f 733 589 588
f 588 732 733
f 588 589 444
f 444 587 588
f 587 732 588
f 768 623 767
f 768 624 623
f 768 767 912
f 769 624 768
f 768 913 769
f 768 912 913
f 7586 7585 2834
f 2834 7587 7586
f 7586 7442 7585
f 7586 7587 7442
f 1119 1264 1120
f 1120 1264 1121
f 7411 7268 7267
f 7267 7266 7411
f 7267 7268 7123
f 7123 7266 7267
f 7272 7273 7128
f 7128 7271 7272
f 7416 7417 7272
f 7417 7273 7272
f 7272 7415 7416
f 7272 7271 7415
f 6233 6090 6089
f 6089 6088 6233
f 5945 6088 6089
f 5946 5945 6089
f 6089 6090 5946
f 1556 1411 1555
f 1555 1700 1556
f 1556 1700 1557
f 1267 1124 1123
f 1267 1268 1124
f 1411 1268 1267
f 1267 1266 1411
f 1267 1123 1266
f 1413 1269 1412
f 1269 1268 1412
f 1412 1557 1413
f 1412 1556 1557
f 1412 1268 1411
f 1411 1556 1412
f 980 979 1124
f 835 979 980
f 980 836 835
f 980 1125 981
f 980 1124 1125
f 981 837 980
f 837 836 980
f 7602 7457 7601
f 7457 7600 7601
f 2849 7602 7601
f 7601 7600 2849
f 6633 6632 6777
f 6777 6778 6633
f 7474 7618 7475
f 7473 7618 7474
f 7474 7475 7330
f 7474 7330 7329
f 7329 7473 7474
f 7338 7337 7481
f 7337 7480 7481
f 7481 7480 7625
f 7625 7626 7481
f 7640 7639 2888
f 2888 7641 7640
f 7640 7495 7639
f 7641 7497 7640
f 2890 2891 7643
f 7643 2891 2892
f 7499 7355 7498
f 7498 7643 7499
f 7498 7497 7641
f 7493 7638 7494
f 7638 7495 7494
f 7494 7351 7350
f 7494 7495 7351
f 7633 7634 7490
f 7490 7634 7635
f 7347 7346 7490
f 7490 7346 7345
f 7485 7630 7486
f 7486 7341 7485
f 7344 7488 7345
f 7343 7488 7344
f 7344 7345 7200
f 7200 7343 7344
f 7350 7206 7349
f 7206 7205 7349
f 7493 7494 7349
f 7349 7494 7350
f 7206 7207 7063
f 7063 7207 7208
f 6778 6777 6921
f 6771 6914 6915
f 6915 6914 7058
f 7070 6925 7069
f 6925 7068 7069
f 7069 7214 7070
f 7069 7213 7214
f 7212 7213 7069
f 7069 7068 7212
f 7500 7356 7499
f 7499 7643 7500
f 7357 7501 7358
f 7358 7213 7357
f 7357 7500 7501
f 7356 7500 7357
f 7357 7213 7212
f 7212 7356 7357
f 7211 7210 7355
f 7211 7356 7212
f 7355 7356 7211
f 7212 7068 7211
f 7209 7065 7208
f 7209 7210 7065
f 7065 7210 7066
f 7210 7211 7066
f 7066 6921 7065
f 7367 7366 7511
f 7511 7368 7367
f 7367 7368 7223
f 7367 7223 7222
f 7222 7366 7367
f 976 975 1119
f 1119 1120 976
f 831 975 976
f 976 832 831
f 977 832 976
f 976 1121 977
f 976 1120 1121
f 6776 6777 6632
f 6632 6631 6776
f 6776 6921 6777
f 7626 7483 7482
f 7482 7481 7626
f 7482 7483 7338
f 7338 7481 7482
f 7496 7640 7497
f 7495 7640 7496
f 7496 7497 7352
f 7352 7495 7496
f 7642 7641 2890
f 2890 7643 7642
f 7642 7498 7641
f 7643 7498 7642
f 7645 2892 2893
f 2893 2894 7645
f 2894 7646 7645
f 7646 7502 7645
f 7645 7502 7501
f 7501 7500 7645
f 7352 7497 7353
f 7497 7498 7353
f 7210 7209 7353
f 7208 7352 7353
f 7353 7209 7208
f 7489 7488 7633
f 7633 7490 7489
f 7345 7488 7489
f 7489 7490 7345
f 7347 7490 7491
f 7635 7636 7491
f 7491 7490 7635
f 7487 7488 7343
f 7343 7486 7487
f 7631 7488 7487
f 7487 7630 7631
f 7487 7486 7630
f 7342 7486 7343
f 7341 7486 7342
f 7199 7198 7342
f 7342 7343 7199
f 7198 7197 7342
f 7197 7341 7342
f 7208 7065 7064
f 7064 7063 7208
f 7061 7206 7062
f 7206 7063 7062
f 6778 6921 6922
f 6923 6779 6922
f 6779 6778 6922
f 6922 7066 6923
f 6921 7066 6922
f 6773 6629 6628
f 6773 6774 6630
f 6630 6629 6773
f 7059 6915 7058
f 7060 6915 7059
f 7058 7203 7059
f 7203 7060 7059
f 7067 7068 6923
f 6923 7066 7067
f 7067 7211 7068
f 7067 7066 7211
f 6775 6776 6631
f 6630 6774 6775
f 6775 6631 6630
f 7644 7643 2892
f 2892 7645 7644
f 7644 7500 7643
f 7644 7645 7500
f 7354 7498 7355
f 7354 7353 7498
f 7355 7210 7354
f 7210 7353 7354
f 7493 7349 7492
f 7492 7636 7493
f 7492 7491 7636
f 7347 7491 7492
f 6921 6776 6920
f 6919 7063 6920
f 7063 7064 6920
f 7065 6921 6920
f 6920 7064 7065
f 6920 6775 6919
f 6776 6775 6920
f 6772 6628 6771
f 6772 6773 6628
f 6774 6773 6918
f 6918 6775 6774
f 6919 6775 6918
f 6918 7063 6919
f 6918 7062 7063
f 7347 7492 7348
f 7348 7492 7349
f 7204 7203 7348
f 7348 7203 7347
f 7348 7205 7204
f 7348 7349 7205
f 6773 6772 6917
f 6917 6918 6773
f 7061 7062 6917
f 7062 6918 6917
f 6916 6917 6772
f 6771 6915 6916
f 6916 6772 6771
f 6916 6915 7060
f 6916 7060 7061
f 7061 6917 6916
f 143 75 74
f 112 113 143
f 11 10 143
f 143 12 11
f 120 121 143
f 143 101 100
f 26 27 143
f 16 15 143
f 143 6 5
f 144 128 143
f 143 46 45
f 143 61 107
f 23 24 143
f 19 18 143
f 1 21 143
f 8 7 143
f 37 36 143
f 143 49 48
f 143 148 60
f 42 41 143
f 143 69 68
f 143 96 95
f 68 67 143
f 143 70 69
f 143 94 93
f 143 17 16
f 143 9 8
f 143 14 13
f 123 124 143
f 60 59 143
f 143 131 132
f 143 53 54
f 74 73 143
f 143 40 39
f 62 61 143
f 143 89 88
f 107 108 143
f 100 99 143
f 5 4 143
f 18 17 143
f 10 9 143
f 143 7 6
f 13 12 143
f 143 20 19
f 30 55 143
f 143 35 34
f 143 82 81
f 143 150 134
f 51 52 143
f 54 50 143
f 76 75 143
f 143 73 72
f 143 114 51
f 72 71 143
f 99 98 143
f 93 92 143
f 143 130 112
f 143 109 110
f 29 106 143
f 143 3 26
f 21 20 143
f 143 56 57
f 59 84 143
f 34 33 143
f 143 119 120
f 39 38 143
f 143 113 115
f 115 116 143
f 83 82 143
f 143 84 83
f 143 105 104
f 52 53 143
f 57 58 143
f 48 47 143
f 132 133 143
f 143 43 42
f 45 44 143
f 143 146 147
f 143 2 1
f 143 22 23
f 143 24 25
f 104 103 143
f 143 28 29
f 143 91 90
f 90 89 143
f 88 87 143
f 143 85 62
f 110 111 143
f 143 77 76
f 143 122 123
f 143 102 101
f 95 94 143
f 143 4 3
f 15 14 143
f 143 55 56
f 139 140 143
f 33 32 143
f 134 135 143
f 143 128 129
f 116 148 143
f 143 138 139
f 50 49 143
f 47 46 143
f 143 44 43
f 143 41 40
f 143 66 65
f 65 64 143
f 25 2 143
f 79 78 143
f 71 70 143
f 81 80 143
f 97 96 143
f 143 98 97
f 143 92 91
f 87 86 143
f 117 118 143
f 143 111 117
f 108 109 143
f 143 121 122
f 143 103 102
f 106 105 143
f 143 31 30
f 140 141 143
f 143 36 35
f 143 38 37
f 129 130 143
f 125 131 143
f 143 133 145
f 145 146 143
f 143 67 66
f 64 63 143
f 143 80 79
f 143 27 28
f 86 85 143
f 118 119 143
f 32 31 143
f 147 149 143
f 141 142 143
f 137 138 143
f 58 150 143
f 143 136 137
f 63 22 143
f 78 77 143
f 143 124 125
f 142 126 143
f 143 149 114
f 135 136 143
f 126 127 143

