# https://github.com/mikedh/trimesh
v 0.00151922 -0.02587586 -0.01599295
v 0.03340516 -0.02563208 -0.01637334
v 0.00152351 -0.02708494 -0.01388945
v 0.03340516 -0.02717255 -0.01372096
v 0.00152708 -0.02812033 -0.01169580
v 0.00152812 -0.02843421 -0.01092517
v 0.00152988 -0.02897513 -0.00942606
v 0.00153121 -0.02940374 -0.00801515
v 0.03340516 -0.02895603 -0.00948279
v 0.03340516 -0.02940366 -0.00801513
v 0.00153193 -0.02964317 -0.00709453
v 0.03340516 -0.02962677 -0.00716188
v 0.03340516 -0.03007098 -0.00502133
v 0.00153328 -0.03012093 -0.00471663
v 0.03340516 -0.03010727 -0.00480268
v 0.03340516 -0.03042911 -0.00197503
v 0.00153402 -0.03040553 -0.00230798
v 0.00153423 -0.03049427 0.00000000
v 0.03340516 -0.03049420 -0.00000001
v 0.00153251 -0.03044763 0.00167681
v 0.00153187 -0.03040553 0.00230798
v 0.03340516 -0.03042911 0.00197502
v 0.03340516 -0.03039702 0.00241259
v 0.00153083 -0.03030822 0.00333560
v 0.03340516 -0.02962677 0.00716188
v 0.03340516 -0.03007098 0.00502132
v 0.00152747 -0.02975208 0.00663076
v 0.00152915 -0.03007616 0.00498952
v 0.03340516 -0.02895604 0.00948278
v 0.03340516 -0.02940366 0.00801512
v 0.00152051 -0.02756613 0.01292652
v 0.03340516 -0.02810148 0.01174042
v 0.00152195 -0.02812032 0.01169579
v 0.03340516 -0.02843414 0.01092514
v 0.00152229 -0.02824275 0.01140243
v 0.00152405 -0.02883320 0.00984447
v 0.03340516 -0.02563208 0.01637333
v 0.03340516 -0.02717255 0.01372095
v 0.00151935 -0.02708494 0.01388944
v 0.00151956 -0.02717232 0.01372083
v 0.00151692 -0.02596203 0.01585531
v 0.00151871 -0.02680482 0.01441312
v 0.00151419 -0.02449998 0.01799226
v 0.00151516 -0.02504147 0.01724648
v 0.00151675 -0.02587586 0.01599294
v 0.04410437 -0.02451994 -0.01692562
v 0.04422824 -0.02526134 -0.01576964
v 0.04716136 -0.02452831 -0.01548586
v 0.05405019 -0.02543225 -0.00459486
v 0.05486769 -0.02452043 -0.00626338
v 0.04378845 -0.02451894 -0.01703624
v 0.04288962 -0.02597444 -0.01507874
v 0.04259510 -0.02550550 -0.01593055
v 0.04300701 -0.02722113 -0.01267743
v 0.04342060 -0.02662141 -0.01372466
v 0.04259461 -0.02837669 -0.01004621
v 0.04280625 -0.02827924 -0.01022885
v 0.04259414 -0.02962351 -0.00548495
v 0.04324281 -0.02949016 -0.00559470
v 0.04259423 -0.02944918 -0.00636394
v 0.05065314 -0.02730505 -0.00459516
v 0.05060526 -0.02722103 -0.00518872
v 0.04909858 -0.02798092 -0.00459505
v 0.04923026 -0.02777461 -0.00544251
v 0.04817096 -0.02827916 -0.00492913
v 0.04750142 -0.02827917 -0.00612804
v 0.05195598 -0.02662130 -0.00478663
v 0.05201710 -0.02662271 -0.00459517
v 0.05435019 -0.02452412 -0.00751131
v 0.05482782 -0.02452075 -0.00636970
v 0.05326200 -0.02526124 -0.00739644
v 0.05367981 -0.02526123 -0.00645433
v 0.05379502 -0.02452703 -0.00861772
v 0.05278928 -0.02526125 -0.00830770
v 0.05227242 -0.02597434 -0.00691685
v 0.04322864 -0.02526134 -0.01612424
v 0.05225731 -0.02526126 -0.00919547
v 0.05133288 -0.02597435 -0.00859923
v 0.05183035 -0.02597434 -0.00776903
v 0.05177083 -0.02453224 -0.01158061
v 0.05103112 -0.02526127 -0.01086873
v 0.05245209 -0.02453121 -0.01071838
v 0.05167146 -0.02526127 -0.01004916
v 0.04934129 -0.02662134 -0.00945929
v 0.04847593 -0.02722107 -0.00873752
v 0.04495057 -0.02452252 -0.01659609
v 0.04607525 -0.02452566 -0.01607893
v 0.04382441 -0.02597443 -0.01474714
v 0.04474434 -0.02597442 -0.01435374
v 0.04379782 -0.02722113 -0.01233924
v 0.04330681 -0.02777470 -0.01129420
v 0.04849099 -0.02777463 -0.00676628
v 0.04589497 -0.02906187 -0.00459500
v 0.04649598 -0.02873348 -0.00547955
v 0.04547538 -0.02913743 -0.00482129
v 0.04483247 -0.02913744 -0.00569860
v 0.04576529 -0.02873350 -0.00647664
v 0.05144861 -0.02691755 -0.00459517
v 0.05164651 -0.02662130 -0.00561734
v 0.05299567 -0.02597432 -0.00514323
v 0.05361838 -0.02570326 -0.00459474
v 0.05316251 -0.02452942 -0.00968739
v 0.05078501 -0.02597436 -0.00939757
v 0.04989859 -0.02662133 -0.00874600
v 0.04899071 -0.02722106 -0.00807865
v 0.05040848 -0.02662133 -0.00800301
v 0.05403539 -0.02526123 -0.00549984
v 0.05266315 -0.02597433 -0.00603583
v 0.05026937 -0.02722104 -0.00594610
v 0.04988934 -0.02722105 -0.00667867
v 0.05094225 -0.02453276 -0.01249975
v 0.05034099 -0.02526128 -0.01164736
v 0.04954081 -0.02597437 -0.01089215
v 0.04874066 -0.02662135 -0.01013695
v 0.05018619 -0.02597437 -0.01016400
v 0.04792113 -0.02722108 -0.00936347
v 0.04758872 -0.02777464 -0.00799751
v 0.04946169 -0.02722106 -0.00739236
v 0.05128288 -0.02662131 -0.00643728
v 0.05087146 -0.02662132 -0.00723037
v 0.05486729 -0.02488852 -0.00459485
v 0.05518522 -0.02451746 -0.00533078
v 0.04960331 -0.02526129 -0.01238236
v 0.04885096 -0.02597438 -0.01157949
v 0.04809863 -0.02662136 -0.01077664
v 0.04573274 -0.02827920 -0.00825184
v 0.04868520 -0.02453116 -0.01447653
v 0.04797684 -0.02526131 -0.01372397
v 0.04732995 -0.02597440 -0.01283411
v 0.04591297 -0.02662138 -0.01246560
v 0.04668308 -0.02662138 -0.01194427
v 0.04530920 -0.02722111 -0.01151443
v 0.04469019 -0.02777468 -0.01053925
v 0.04534129 -0.02777467 -0.01009848
v 0.04405914 -0.02827923 -0.00954511
v 0.04464883 -0.02827922 -0.00914592
v 0.04648363 -0.02452671 -0.01586725
v 0.04617713 -0.02526132 -0.01486111
v 0.04521195 -0.02526133 -0.01534897
v 0.04427674 -0.02662140 -0.01335854
v 0.04564694 -0.02597442 -0.01389751
v 0.04401702 -0.02777469 -0.01093522
v 0.04344947 -0.02827923 -0.00990373
v 0.04259456 -0.02868058 -0.00915996
v 0.04287282 -0.02873354 -0.00885569
v 0.04668426 -0.02827919 -0.00724313
v 0.04491446 -0.02873351 -0.00737861
v 0.04653809 -0.02777466 -0.00911129
v 0.04520405 -0.02827921 -0.00871655
v 0.04595435 -0.02777467 -0.00962440
v 0.04732810 -0.02722109 -0.00995435
v 0.04669033 -0.02722109 -0.01051493
v 0.04740819 -0.02662137 -0.01138353
v 0.04810908 -0.02597439 -0.01223159
v 0.04880999 -0.02526130 -0.01307968
v 0.05005216 -0.02453259 -0.01336002
v 0.04910124 -0.02453173 -0.01416002
v 0.04709198 -0.02526131 -0.01432298
v 0.04650247 -0.02597441 -0.01339427
v 0.04511676 -0.02662139 -0.01293395
v 0.04457375 -0.02722112 -0.01194705
v 0.04259449 -0.02891985 -0.00839606
v 0.04394525 -0.02873353 -0.00817807
v 0.04323108 -0.02913747 -0.00719564
v 0.04259430 -0.02932797 -0.00689079
v 0.04602055 -0.02722110 -0.01103288
v 0.04408385 -0.02913746 -0.00649222
v 0.04388794 -0.02949014 -0.00491079
v 0.04425643 -0.02946463 -0.00459475
v 0.04259531 -0.02977453 -0.00459509
v 0.05067204 -0.02721321 0.00500341
v 0.04958913 -0.02776970 0.00459504
v 0.05117662 -0.02449972 0.01225244
v 0.04658924 -0.02449975 0.01581034
v 0.04580994 -0.02449975 0.01620944
v 0.04573433 -0.02462931 0.01605250
v 0.04259458 -0.02889449 0.00845748
v 0.04259473 -0.02954325 0.00587364
v 0.04463277 -0.02937551 0.00459506
v 0.04521295 -0.02913247 0.00519915
v 0.04716419 -0.02827280 0.00660567
v 0.04412780 -0.02827284 0.00949020
v 0.04259472 -0.02834193 0.01012048
v 0.04290349 -0.02827286 0.01017695
v 0.04391359 -0.02721330 0.01227346
v 0.04259482 -0.02769826 0.01175395
v 0.04259493 -0.02697243 0.01332368
v 0.04368332 -0.02462933 0.01688789
v 0.04259519 -0.02532885 0.01618383
v 0.04305391 -0.02596509 0.01501753
v 0.04259513 -0.02578494 0.01546231
v 0.04410437 -0.02449977 0.01692562
v 0.04315498 -0.02449977 0.01723848
v 0.04808318 -0.02449966 0.01490210
v 0.04766549 -0.02462929 0.01496927
v 0.04776004 -0.02449966 0.01511570
v 0.04703251 -0.02449972 0.01556136
v 0.05058038 -0.02449971 0.01286387
v 0.04966499 -0.02449972 0.01369936
v 0.05323387 -0.02449963 0.00957479
v 0.05245490 -0.02462924 0.01041938
v 0.05259623 -0.02449968 0.01052126
v 0.05457372 -0.02462922 0.00654397
v 0.05402379 -0.02543533 0.00459505
v 0.05316231 -0.02596631 0.00459503
v 0.04547500 -0.02449976 0.01636659
v 0.04487776 -0.02596507 0.01427466
v 0.04259494 -0.02691738 0.01343327
v 0.05385827 -0.02449971 0.00850077
v 0.05273818 -0.02596498 0.00581922
v 0.05190287 -0.02596499 0.00760174
v 0.04995383 -0.02721322 0.00653603
v 0.04801648 -0.02838338 0.00459505
v 0.04657260 -0.02885965 0.00459515
v 0.04539012 -0.02721328 0.01144524
v 0.04259466 -0.02868055 0.00913787
v 0.05363438 -0.02462923 0.00854850
v 0.04905202 -0.02721323 0.00796648
v 0.04791195 -0.02827279 0.00541957
v 0.04525635 -0.02922479 0.00459512
v 0.04868520 -0.02449971 0.01447653
v 0.04675171 -0.02721326 0.01044118
v 0.04659505 -0.02596506 0.01331140
v 0.04371170 -0.02913250 0.00681422
v 0.04282309 -0.02913251 0.00746950
v 0.05104906 -0.02462925 0.01213383
v 0.04944632 -0.02462927 0.01365605
v 0.04817865 -0.02596504 0.01214362
v 0.04960388 -0.02596502 0.01078999
v 0.04797714 -0.02721324 0.00927731
v 0.04525681 -0.02827283 0.00865765
v 0.04627291 -0.02827281 0.00769259
v 0.04259527 -0.02977094 0.00459506
v 0.05237550 -0.02449970 0.01082089
v 0.05223267 -0.02449971 0.01100808
v 0.05085402 -0.02596501 0.00926542
v 0.04451145 -0.02913248 0.00605464
v 0.05259840 -0.02629218 0.00459501
v 0.05272682 -0.02638957 0.00349664
v 0.04394109 -0.02952629 0.00459498
v 0.04949790 -0.02796497 0.00349489
v 0.05582139 -0.02449982 0.00247952
v 0.05594988 -0.02449983 0.00124567
v 0.05582358 -0.02449991 -0.00246369
v 0.05561616 -0.02449957 -0.00366340
v 0.05082858 -0.02722205 -0.00459516
v 0.05273821 -0.02639540 -0.00350036
v 0.05215672 -0.02654784 -0.00459514
v 0.05427776 -0.02546643 -0.00350144
v 0.05114552 -0.02723057 -0.00349903
v 0.04436294 -0.02958304 -0.00349324
v 0.04259407 -0.02984809 0.00394942
v 0.04436200 -0.02957954 0.00349344
v 0.04438993 -0.02966992 0.00233171
v 0.04259413 -0.03007320 0.00049174
v 0.04259414 -0.03007682 -0.00001527
v 0.05595028 -0.02449982 -0.00123985
v 0.05599292 -0.02449978 -0.00000000
v 0.05445505 -0.02548875 -0.00234566
v 0.05459032 -0.02550211 -0.00000555
v 0.04960585 -0.02803384 0.00233321
v 0.05111891 -0.02707123 0.00459506
v 0.05113630 -0.02722563 0.00349557
v 0.05288297 -0.02642985 0.00233524
v 0.05126902 -0.02728147 0.00233390
v 0.05138021 -0.02732569 -0.00000560
v 0.04969586 -0.02808719 -0.00000410
v 0.05289444 -0.02643496 -0.00234402
v 0.05444057 -0.02548082 0.00233826
v 0.05127795 -0.02728504 -0.00234155
v 0.05301458 -0.02646354 -0.00000655
v 0.05426321 -0.02545868 0.00349868
v 0.04439085 -0.02967214 -0.00233196
v 0.04259412 -0.02995263 -0.00296082
v 0.04610773 -0.02914772 -0.00349465
v 0.04751045 -0.02856698 -0.00459515
v 0.04782309 -0.02860943 -0.00349600
v 0.04790486 -0.02868695 -0.00233639
v 0.04616284 -0.02923260 -0.00233414
v 0.04790005 -0.02868444 0.00233271
v 0.04610440 -0.02914400 0.00349396
v 0.04615983 -0.02923032 0.00233227
v 0.04441282 -0.02973749 -0.00000031
v 0.04620572 -0.02929562 -0.00000142
v 0.04950514 -0.02796944 -0.00349738
v 0.04961268 -0.02803673 -0.00233881
v 0.04796828 -0.02874493 -0.00000270
v 0.04781792 -0.02860533 0.00349439
v 0.00000020 -0.02229084 0.01855041
v 0.00000020 -0.02339134 0.01714190
v 0.00070104 -0.02416660 0.01774018
v 0.00000020 -0.02110220 0.01989212
v 0.00070017 -0.02191945 0.02040459
v 0.00000020 -0.01983174 0.02115896
v 0.00069967 -0.02067671 0.02162908
v 0.00069931 -0.01936097 0.02277524
v 0.00000020 -0.01848675 0.02234366
v 0.00069933 -0.01797866 0.02384053
v 0.00000020 -0.01707536 0.02343995
v 0.00069992 -0.01653620 0.02482269
v 0.00000020 -0.01560633 0.02444262
v 0.00000020 -0.01408893 0.02534761
v 0.00070103 -0.01503950 0.02572031
v 0.00135175 -0.02448957 0.01798401
v 0.00128255 -0.02447852 0.01797554
v 0.00152699 -0.02964316 0.00709453
v 0.00152577 -0.02933716 0.00825162
v 0.00152451 -0.02897512 0.00942605
v 0.00141464 -0.03048716 -0.00000000
v 0.00141418 -0.03039833 0.00230742
v 0.00129410 -0.03046507 -0.00000001
v 0.00129339 -0.03037621 0.00230571
v 0.00117444 -0.03033881 0.00230280
v 0.00117538 -0.03042772 -0.00000001
v 0.00106138 -0.03037546 -0.00000001
v 0.00106025 -0.03028649 0.00229875
v 0.00095356 -0.03022033 0.00229362
v 0.00095482 -0.03030935 -0.00000001
v 0.00085677 -0.03014204 0.00228756
v 0.00070235 -0.02993778 0.00257008
v 0.00070241 -0.02996220 0.00227362
v 0.00070274 -0.03003506 0.00094313
v 0.00077177 -0.03005383 0.00228072
v 0.00070211 -0.02977721 0.00400444
v 0.00070168 -0.02919681 0.00705687
v 0.00070153 -0.02868668 0.00888627
v 0.00070154 -0.02855789 0.00928707
v 0.00070156 -0.02820043 0.01030943
v 0.00077155 -0.02864486 0.00931592
v 0.00070150 -0.02697008 0.01316378
v 0.00070155 -0.02758670 0.01183552
v 0.00070156 -0.02771961 0.01152495
v 0.00070143 -0.02627143 0.01449148
v 0.00077097 -0.02678288 0.01373026
v 0.00070147 -0.02667175 0.01375070
v 0.00070148 -0.02670394 0.01368889
v 0.00070133 -0.02543254 0.01590000
v 0.00077058 -0.02559149 0.01581203
v 0.00070132 -0.02546548 0.01584791
v 0.00085794 -0.02430443 0.01784390
v 0.00103388 -0.02440227 0.01791771
v 0.00095305 -0.02436286 0.01788795
v 0.00089603 -0.02432959 0.01786286
v 0.00105703 -0.02441207 0.01792511
v 0.00105582 -0.02578001 0.01593145
v 0.00105426 -0.02441093 0.01792425
v 0.00139794 -0.02449471 0.01798799
v 0.00140560 -0.02707886 0.01388605
v 0.00152284 -0.02843420 0.01092516
v 0.00140852 -0.02811390 0.01169292
v 0.00152943 -0.03012092 0.00471663
v 0.00140207 -0.02587016 0.01598907
v 0.00128403 -0.02585237 0.01597758
v 0.00128678 -0.02705994 0.01387595
v 0.00128905 -0.02809399 0.01168433
v 0.00141082 -0.02896841 0.00942370
v 0.00095174 -0.02692622 0.01380548
v 0.00105717 -0.02698303 0.01383535
v 0.00105827 -0.02801311 0.01164976
v 0.00095242 -0.02795340 0.01162432
v 0.00095293 -0.02880135 0.00936791
v 0.00085616 -0.02788266 0.01159423
v 0.00085574 -0.02685888 0.01377012
v 0.00095091 -0.02572653 0.01589752
v 0.00085523 -0.02566312 0.01585735
v 0.00077658 -0.02424106 0.01779619
v 0.00070125 -0.02512904 0.01636912
v 0.00077130 -0.02780288 0.01156032
v 0.00085646 -0.02872779 0.00934346
v 0.00095347 -0.02993804 0.00468725
v 0.00085674 -0.02986068 0.00467489
v 0.00077175 -0.02977350 0.00466097
v 0.00118709 -0.02445639 0.01795869
v 0.00116772 -0.02582223 0.01595831
v 0.00116972 -0.02702790 0.01385900
v 0.00117137 -0.02806029 0.01166989
v 0.00105912 -0.02886348 0.00938859
v 0.00117265 -0.02891258 0.00940496
v 0.00105970 -0.02952811 0.00706614
v 0.00085665 -0.02938831 0.00703197
v 0.00070151 -0.02889317 0.00819857
v 0.00141359 -0.03011385 0.00471545
v 0.00129294 -0.03009201 0.00471191
v 0.00141249 -0.02963624 0.00709274
v 0.00129211 -0.02961487 0.00708744
v 0.00117414 -0.03005509 0.00470598
v 0.00106007 -0.03000341 0.00469770
v 0.00129083 -0.02894766 0.00941670
v 0.00117356 -0.02957871 0.00707855
v 0.00095327 -0.02946409 0.00705048
v 0.00077169 -0.02930289 0.00701113
v 0.00070190 -0.02953899 0.00547381
v 0.00070201 -0.02968239 0.00464644
v 0.00000020 -0.02892160 0.00213099
v 0.00000020 -0.02506500 0.01458579
v 0.00000020 -0.02468640 0.01521779
v 0.00070133 -0.02551744 0.01576523
v 0.00000020 -0.02586710 0.01311078
v 0.00000020 -0.02765266 0.00873671
v 0.00000020 -0.02756219 0.00901806
v 0.00000020 -0.02685645 0.01094215
v 0.00000020 -0.02646045 0.01186779
v 0.00000020 -0.02835800 0.00606823
v 0.00000020 -0.02883906 0.00305105
v 0.00000020 -0.02867797 0.00430976
v 0.00900020 -0.01710374 0.02487752
v 0.00900020 -0.01589262 0.02562269
v 0.00900026 -0.00484255 0.02960580
v 0.00900019 -0.00644862 0.02930028
v 0.00900018 -0.00805031 0.02890817
v 0.00900015 -0.00868022 0.02872976
v 0.00900020 -0.01027335 0.02821613
v 0.00900022 -0.01112007 0.02790588
v 0.00900020 -0.01183729 0.02762216
v 0.00900015 -0.01298678 0.02712584
v 0.00900020 -0.01446303 0.02640909
v 0.00900021 -0.01524494 0.02599084
v 0.00900022 -0.00323361 0.02982450
v 0.00900018 -0.00227354 0.02991333
v 0.00900020 -0.00162015 0.02995602
v 0.00085710 -0.00000009 0.02983019
v 0.00077861 -0.00175292 0.02971961
v 0.00095226 -0.02326846 0.01926382
v 0.00105571 -0.02331462 0.01930342
v 0.00077338 -0.01507454 0.02578497
v 0.00077248 -0.01657639 0.02488788
v 0.00077201 -0.01802444 0.02390577
v 0.00077200 -0.01941244 0.02283989
v 0.00077231 -0.02073387 0.02169225
v 0.00077273 -0.02198203 0.02046531
v 0.00070066 -0.02308404 0.01910619
v 0.00070271 -0.01331379 0.02662001
v 0.00070252 -0.01349438 0.02653218
v 0.00077460 -0.01352473 0.02659613
v 0.00070434 -0.01165853 0.02736027
v 0.00077596 -0.01193226 0.02732016
v 0.00077721 -0.01030209 0.02795539
v 0.00070571 -0.01004269 0.02797637
v 0.00077812 -0.00863901 0.02849999
v 0.00070665 -0.00840402 0.02850032
v 0.00070714 -0.00674124 0.02893273
v 0.00077883 -0.00523263 0.02930729
v 0.00070738 -0.00504779 0.02927358
v 0.00077876 -0.00349915 0.02956423
v 0.00070736 -0.00334602 0.02951667
v 0.00070732 -0.00167739 0.02965908
v 0.00077851 -0.00000010 0.02977163
v 0.00070713 -0.00000000 0.02970699
v 0.00132193 -0.00870239 0.02871847
v 0.00139207 -0.00804171 0.02891032
v 0.00139083 -0.00640856 0.02930875
v 0.00139264 -0.00477760 0.02961610
v 0.00131897 -0.00352544 0.02978665
v 0.00139721 -0.00315836 0.02983243
v 0.00131874 -0.00176609 0.02994312
v 0.00133740 -0.01362887 0.02682001
v 0.00143311 -0.01444706 0.02641750
v 0.00141819 -0.01295928 0.02713848
v 0.00133043 -0.01202154 0.02754105
v 0.00140501 -0.01126276 0.02785100
v 0.00132525 -0.01037795 0.02817434
v 0.00139670 -0.00966654 0.02842229
v 0.00139367 -0.00875756 0.02870672
v 0.00146550 -0.01746042 0.02464335
v 0.00145761 -0.01671818 0.02512345
v 0.00151321 -0.02416787 0.01842730
v 0.00139552 -0.02339215 0.01937054
v 0.00150464 -0.02226450 0.02063004
v 0.00139059 -0.02220437 0.02068331
v 0.00149796 -0.02120016 0.02168252
v 0.00138384 -0.02093596 0.02191839
v 0.00137535 -0.01959323 0.02307057
v 0.00148940 -0.02005191 0.02270107
v 0.00147913 -0.01883752 0.02366681
v 0.00136575 -0.01818402 0.02413771
v 0.00147290 -0.01818672 0.02414293
v 0.00085750 -0.02321360 0.01921686
v 0.00131846 -0.00000001 0.02999535
v 0.00131928 -0.00527166 0.02952807
v 0.00122194 -0.00352379 0.02977255
v 0.00132010 -0.00699889 0.02917081
v 0.00122654 -0.01037332 0.02816039
v 0.00123547 -0.01362262 0.02680562
v 0.00134599 -0.01519538 0.02601234
v 0.00135570 -0.01671582 0.02511835
v 0.00125685 -0.01817430 0.02412261
v 0.00126421 -0.01958208 0.02305558
v 0.00127076 -0.02092336 0.02190369
v 0.00127599 -0.02219041 0.02066915
v 0.00127981 -0.02337691 0.01935717
v 0.00122148 -0.00000003 0.02998117
v 0.00122173 -0.00176526 0.02992894
v 0.00112584 -0.00352098 0.02974880
v 0.00122220 -0.00526920 0.02951407
v 0.00122281 -0.00699569 0.02915689
v 0.00112605 -0.00526505 0.02949049
v 0.00122413 -0.00869849 0.02870458
v 0.00112728 -0.00869179 0.02868122
v 0.00112881 -0.01036533 0.02813695
v 0.00123033 -0.01201614 0.02752691
v 0.00113125 -0.01200675 0.02750321
v 0.00113463 -0.01361169 0.02678154
v 0.00124188 -0.01518809 0.02599768
v 0.00113893 -0.01517537 0.02597318
v 0.00124921 -0.01670735 0.02510343
v 0.00114927 -0.01815741 0.02409747
v 0.00115447 -0.01956283 0.02303056
v 0.00116293 -0.02216655 0.02064547
v 0.00116570 -0.02335100 0.01933473
v 0.00112544 -0.00000004 0.02995728
v 0.00112565 -0.00176386 0.02990507
v 0.00103213 -0.00351705 0.02971553
v 0.00112645 -0.00699025 0.02913346
v 0.00103250 -0.00698259 0.02910066
v 0.00103288 -0.00868233 0.02864853
v 0.00103360 -0.01035401 0.02810417
v 0.00103480 -0.01199343 0.02747010
v 0.00114395 -0.01669262 0.02507852
v 0.00103895 -0.01515730 0.02593900
v 0.00104510 -0.01813348 0.02406248
v 0.00115916 -0.02090175 0.02187915
v 0.00105140 -0.02087129 0.02184495
v 0.00105388 -0.02213300 0.02061247
v 0.00103195 -0.00176189 0.02987165
v 0.00103177 -0.00000006 0.02992382
v 0.00094204 -0.00175938 0.02982909
v 0.00094220 -0.00351205 0.02967319
v 0.00103229 -0.00525921 0.02945747
v 0.00094233 -0.00525178 0.02941543
v 0.00094237 -0.00697281 0.02905892
v 0.00094237 -0.00867023 0.02860693
v 0.00094238 -0.01033952 0.02806247
v 0.00094252 -0.01197636 0.02742803
v 0.00103656 -0.01359614 0.02674793
v 0.00094291 -0.01357621 0.02670527
v 0.00094485 -0.01664502 0.02499984
v 0.00104187 -0.01667174 0.02504381
v 0.00094635 -0.01810288 0.02401820
v 0.00104837 -0.01953565 0.02299572
v 0.00094804 -0.01950098 0.02295164
v 0.00094973 -0.02083253 0.02180170
v 0.00094189 -0.00000007 0.02988123
v 0.00085722 -0.00175637 0.02977810
v 0.00085737 -0.00350604 0.02962244
v 0.00085747 -0.00524286 0.02936507
v 0.00085706 -0.00865570 0.02855710
v 0.00085653 -0.01032211 0.02801256
v 0.00085583 -0.01195583 0.02737772
v 0.00085516 -0.01355224 0.02665433
v 0.00094368 -0.01513416 0.02589564
v 0.00085458 -0.01661300 0.02494748
v 0.00085482 -0.01806625 0.02396556
v 0.00085616 -0.02078635 0.02175038
v 0.00095117 -0.02209035 0.02057075
v 0.00085689 -0.02203959 0.02052128
v 0.00085738 -0.00696108 0.02900891
v 0.00077865 -0.00694760 0.02895155
v 0.00085471 -0.01510638 0.02584394
v 0.00085540 -0.01945958 0.02289928
v 0.00077313 -0.02315147 0.01916376
v 0.00900786 -0.01757108 0.02456879
v 0.00908002 -0.01855576 0.02387609
v 0.00944149 -0.02022939 0.02255071
v 0.00922566 -0.01943999 0.02320089
v 0.01048150 -0.02209772 0.02080262
v 0.01007141 -0.02155045 0.02134830
v 0.01198128 -0.02330540 0.01948223
v 0.01139816 -0.02293558 0.01990480
v 0.01091809 -0.02254656 0.02033155
v 0.01112492 -0.02272537 0.02013759
v 0.00150943 -0.02321311 0.01958925
v 0.01701334 -0.02447158 0.01803010
v 0.01627405 -0.02442390 0.01809336
v 0.01588413 -0.02438776 0.01814108
v 0.01488494 -0.02425354 0.01831651
v 0.01408740 -0.02409304 0.01852273
v 0.01334876 -0.02388855 0.01878006
v 0.00144972 -0.01598980 0.02556595
v 0.00144220 -0.01529701 0.02596219
v 0.00140447 -0.00155668 0.02995937
v 0.00900010 -0.00000000 0.02999999
v 0.00000010 -0.00000000 0.02899999
v 0.00000020 -0.00135490 0.02896832
v 0.00000020 -0.00293485 0.02885109
v 0.00000020 -0.00453744 0.02864281
v 0.00000020 -0.00615507 0.02833927
v 0.00000020 -0.00777977 0.02793697
v 0.00000020 -0.00940293 0.02743327
v 0.00000020 -0.01101543 0.02682647
v 0.00000020 -0.01253270 0.02615207
v 0.04188755 -0.02450173 -0.01756920
v 0.03939545 -0.02449987 -0.01793820
v 0.04032286 -0.02450033 -0.01784267
v 0.04061440 -0.02449987 -0.01780193
v 0.04159709 -0.02450009 -0.01762854
v 0.04410437 -0.02299663 -0.01692562
v 0.04259485 -0.02450179 -0.01741706
v 0.04648363 -0.02299663 -0.01586725
v 0.04808962 -0.02453019 -0.01489774
v 0.04868520 -0.02299663 -0.01447653
v 0.05066296 -0.02453278 -0.01278259
v 0.05066296 -0.02299663 -0.01278259
v 0.05559515 -0.02299663 -0.00376302
v 0.05540786 -0.02449871 -0.00459263
v 0.05486769 -0.02299663 -0.00626338
v 0.05599305 -0.02299663 -0.00000000
v 0.05486769 -0.02299663 0.00626338
v 0.05473571 -0.02449970 0.00660793
v 0.05253800 -0.02449968 0.01060158
v 0.05237550 -0.02299663 0.01082089
v 0.05378693 -0.02299663 0.00863255
v 0.05143677 -0.02449971 0.01196658
v 0.04908747 -0.02449973 0.01417081
v 0.05066296 -0.02299663 0.01278259
v 0.04432972 -0.02449976 0.01684264
v 0.04648363 -0.02299663 0.01586725
v 0.04259519 -0.02450149 0.01739602
v 0.04032671 -0.02450018 0.01784155
v 0.04138320 -0.02449959 0.01767164
v 0.04159727 -0.02449972 0.01762948
v 0.04010819 -0.02450019 0.01786870
v 0.03880035 -0.02450000 0.01797475
v 0.05486769 -0.02449970 0.00626338
v 0.05539631 -0.02449980 0.00459507
v 0.05559515 -0.02299663 0.00376302
v 0.05595407 -0.02299663 0.00118383
v 0.05560847 -0.02449984 0.00370016
v 0.01262961 -0.02362200 0.01910666
v 0.00972428 -0.02093031 0.02193179
v 0.03800023 -0.02449996 -0.01799233
v 0.05595407 -0.02299663 -0.00118383
v 0.05378693 -0.02299663 -0.00863255
v 0.05237550 -0.02299663 -0.01082089
v 0.04868520 -0.02299663 0.01447653
v 0.00000020 -0.02825792 0.00651844
v 0.00000020 -0.02867797 -0.00430975
v 0.00000020 -0.02900000 0.00000000
v 0.00000020 -0.02685645 -0.01094215
v 0.00000020 -0.02756219 -0.00901806
v 0.00000020 -0.02765266 -0.00873671
v 0.00000020 -0.02825792 -0.00651844
v 0.00000020 -0.02835800 -0.00606823
v 0.00000020 -0.01402428 -0.02538343
v 0.00000020 -0.01555249 -0.02447691
v 0.00000020 -0.01703208 -0.02347142
v 0.00000020 -0.01845362 -0.02237103
v 0.00000020 -0.01980816 -0.02118103
v 0.00000020 -0.02108742 -0.01990779
v 0.00000020 -0.02228397 -0.01855867
v 0.00000020 -0.02339134 -0.01714190
v 0.00000020 -0.02468640 -0.01521779
v 0.00000020 -0.02506500 -0.01458579
v 0.00000020 -0.02646045 -0.01186779
v -0.00000000 0.00000000 -0.02250000
v 0.00000020 -0.00135490 -0.02896832
v 0.00000020 -0.00293485 -0.02885109
v 0.00000020 -0.00453744 -0.02864281
v 0.00000020 -0.00615507 -0.02833927
v 0.00000020 -0.00777977 -0.02793697
v 0.00000020 -0.00940293 -0.02743327
v 0.00000020 -0.01101543 -0.02682647
v 0.00000020 -0.01253270 -0.02615207
v 0.00070157 -0.02921310 -0.00698961
v 0.00070178 -0.02952996 -0.00552183
v 0.00000020 -0.02883906 -0.00305105
v 0.00070208 -0.02979505 -0.00387141
v 0.00000020 -0.02892160 -0.00213099
v 0.00070135 -0.02855742 -0.00928689
v 0.00070139 -0.02872171 -0.00877246
v 0.00070117 -0.02667159 -0.01375055
v 0.00000020 -0.02586710 -0.01311078
v 0.00070117 -0.02670376 -0.01368878
v 0.00070122 -0.02754918 -0.01192060
v 0.00070123 -0.02771922 -0.01152482
v 0.00070112 -0.02551714 -0.01576505
v 0.00070111 -0.02546521 -0.01584769
v 0.00070110 -0.02513517 -0.01635922
v 0.00070104 -0.02416660 -0.01774018
v 0.00080639 -0.02426598 -0.01781494
v 0.00085597 -0.02430306 -0.01784287
v 0.00116622 -0.02445043 -0.01795417
v 0.00077192 -0.02559277 -0.01581284
v 0.00070114 -0.02602447 -0.01492430
v 0.00070117 -0.02682990 -0.01344308
v 0.00077232 -0.02678424 -0.01373097
v 0.00070129 -0.02818034 -0.01036198
v 0.00070155 -0.02917193 -0.00715730
v 0.00077304 -0.02930442 -0.00701150
v 0.00077289 -0.02864634 -0.00931642
v 0.00077310 -0.02977506 -0.00466122
v 0.00070193 -0.02968241 -0.00464644
v 0.00070248 -0.02996679 -0.00221139
v 0.00070298 -0.03004505 -0.00054713
v 0.00077311 -0.03014293 -0.00000001
v 0.00070318 -0.03005038 0.00000000
v 0.00141448 -0.03039836 -0.00230743
v 0.00141278 -0.02963628 -0.00709275
v 0.00141111 -0.02896844 -0.00942371
v 0.00085811 -0.03023111 -0.00000001
v 0.00085811 -0.03014326 -0.00228765
v 0.00077311 -0.03005541 -0.00228084
v 0.00085808 -0.02986189 -0.00467508
v 0.00085798 -0.02938949 -0.00703226
v 0.00085780 -0.02872894 -0.00934384
v 0.00085749 -0.02788377 -0.01159470
v 0.00077265 -0.02780430 -0.01156092
v 0.00077148 -0.02423658 -0.01779282
v 0.00095480 -0.03022121 -0.00229369
v 0.00095471 -0.02993892 -0.00468739
v 0.00095452 -0.02946495 -0.00705069
v 0.00095418 -0.02880218 -0.00936819
v 0.00095297 -0.02692698 -0.01380588
v 0.00085707 -0.02685994 -0.01377068
v 0.00095214 -0.02572725 -0.01589797
v 0.00085656 -0.02566411 -0.01585797
v 0.00093617 -0.02435352 -0.01788090
v 0.00106133 -0.03028707 -0.00229879
v 0.00106115 -0.03000398 -0.00469779
v 0.00106078 -0.02952867 -0.00706628
v 0.00106019 -0.02886402 -0.00938877
v 0.00095366 -0.02795419 -0.01162466
v 0.00105823 -0.02698353 -0.01383562
v 0.00105689 -0.02578048 -0.01593175
v 0.00105531 -0.02441136 -0.01792458
v 0.00117530 -0.03033914 -0.00230283
v 0.00117500 -0.03005541 -0.00470603
v 0.00117441 -0.02957903 -0.00707862
v 0.00117350 -0.02891289 -0.00940507
v 0.00105934 -0.02801363 -0.01164998
v 0.00117056 -0.02702818 -0.01385915
v 0.00116856 -0.02582250 -0.01595848
v 0.00108055 -0.02442140 -0.01793217
v 0.00129398 -0.03037635 -0.00230572
v 0.00129353 -0.03009216 -0.00471194
v 0.00129269 -0.02961501 -0.00708748
v 0.00129141 -0.02894780 -0.00941675
v 0.00128963 -0.02809412 -0.01168438
v 0.00117221 -0.02806058 -0.01167002
v 0.00128736 -0.02706007 -0.01387602
v 0.00128460 -0.02585249 -0.01597765
v 0.00123482 -0.02446849 -0.01796789
v 0.00128139 -0.02447830 -0.01797537
v 0.00140235 -0.02587018 -0.01598909
v 0.00140589 -0.02707889 -0.01388607
v 0.00140881 -0.02811393 -0.01169293
v 0.00141388 -0.03011388 -0.00471545
v 0.00151419 -0.02449998 -0.01799226
v 0.00070719 -0.00134538 -0.02967600
v 0.00000010 0.00000000 -0.02899999
v 0.00070713 0.00000000 -0.02970699
v 0.00070271 -0.01331379 -0.02662001
v 0.00070736 -0.00334602 -0.02951667
v 0.00070737 -0.00505227 -0.02927281
v 0.00070714 -0.00674124 -0.02893273
v 0.00070557 -0.01005578 -0.02797166
v 0.00070433 -0.01167900 -0.02735182
v 0.00085740 -0.02321354 -0.01921681
v 0.00070716 -0.00007057 -0.02970671
v 0.00070733 -0.00285998 -0.02956793
v 0.00077857 -0.00175291 -0.02971958
v 0.00077872 -0.00349914 -0.02956420
v 0.00077879 -0.00523263 -0.02930726
v 0.00077861 -0.00694760 -0.02895152
v 0.00070650 -0.00840817 -0.02849898
v 0.00077808 -0.00863900 -0.02849996
v 0.00077592 -0.01193224 -0.02732013
v 0.00070429 -0.01576036 -0.02530756
v 0.00077334 -0.01507452 -0.02578493
v 0.00070462 -0.01653907 -0.02482735
v 0.00077197 -0.01802442 -0.02390573
v 0.00077196 -0.01941241 -0.02283986
v 0.00070510 -0.01862215 -0.02336995
v 0.00070509 -0.01924327 -0.02288054
v 0.00070499 -0.01984867 -0.02237603
v 0.00077227 -0.02073384 -0.02169222
v 0.00070456 -0.02097032 -0.02136192
v 0.00077269 -0.02198200 -0.02046528
v 0.00070371 -0.02211504 -0.02020430
v 0.00077309 -0.02315144 -0.01916373
v 0.00070254 -0.02314326 -0.01903971
v 0.00116541 -0.02335092 -0.01933467
v 0.00139510 -0.02339211 -0.01937051
v 0.00141328 -0.00773721 -0.02899188
v 0.00132158 -0.00870239 -0.02871844
v 0.00141797 -0.00933630 -0.02852932
v 0.00132490 -0.01037794 -0.02817431
v 0.00142435 -0.01099428 -0.02795388
v 0.00133007 -0.01202153 -0.02754101
v 0.00143250 -0.01263089 -0.02728540
v 0.00134562 -0.01519536 -0.02601231
v 0.00141173 -0.00302088 -0.02984687
v 0.00140986 -0.00466410 -0.02963438
v 0.00131894 -0.00527165 -0.02952804
v 0.00140965 -0.00617837 -0.02935788
v 0.00141145 -0.00699988 -0.02917535
v 0.00131840 -0.00176608 -0.02994308
v 0.00141372 -0.00148171 -0.02996324
v 0.00141352 -0.00164091 -0.02995490
v 0.00141455 -0.00000000 -0.02999998
v 0.00141456 -0.00001116 -0.02999998
v 0.00141456 -0.00005589 -0.02999993
v 0.00141457 -0.00017926 -0.02999945
v 0.00085701 -0.00000009 -0.02983013
v 0.00077847 -0.00000010 -0.02977160
v 0.00085680 -0.02203954 -0.02052123
v 0.00077244 -0.01657637 -0.02488784
v 0.00085473 -0.01806621 -0.02396551
v 0.00085450 -0.01661297 -0.02494742
v 0.00077456 -0.01352471 -0.02659610
v 0.00085462 -0.01510635 -0.02584388
v 0.00085508 -0.01355221 -0.02665428
v 0.00077717 -0.01030208 -0.02795536
v 0.00085738 -0.00524285 -0.02936501
v 0.00085714 -0.00175637 -0.02977805
v 0.00095211 -0.02326838 -0.01926375
v 0.00095102 -0.02209028 -0.02057068
v 0.00085607 -0.02078629 -0.02175032
v 0.00085531 -0.01945953 -0.02289922
v 0.00094620 -0.01810282 -0.02401813
v 0.00094471 -0.01664498 -0.02499976
v 0.00094354 -0.01513412 -0.02589557
v 0.00085575 -0.01195581 -0.02737767
v 0.00094238 -0.01197633 -0.02742795
v 0.00085644 -0.01032209 -0.02801251
v 0.00085698 -0.00865569 -0.02855705
v 0.00094223 -0.00867021 -0.02860685
v 0.00085729 -0.00696107 -0.02900885
v 0.00085729 -0.00350603 -0.02962239
v 0.00094207 -0.00351204 -0.02967311
v 0.00094176 -0.00000007 -0.02988116
v 0.00105549 -0.02331454 -0.01930335
v 0.00094958 -0.02083247 -0.02180163
v 0.00105366 -0.02213292 -0.02061239
v 0.00094790 -0.01950092 -0.02295156
v 0.00104816 -0.01953559 -0.02299563
v 0.00104489 -0.01813342 -0.02406240
v 0.00104167 -0.01667169 -0.02504373
v 0.00103875 -0.01515726 -0.02593892
v 0.00094277 -0.01357618 -0.02670520
v 0.00103637 -0.01359611 -0.02674786
v 0.00094224 -0.01033950 -0.02806240
v 0.00103460 -0.01199340 -0.02747002
v 0.00103269 -0.00868230 -0.02864845
v 0.00094224 -0.00697280 -0.02905885
v 0.00103231 -0.00698257 -0.02910059
v 0.00094219 -0.00525177 -0.02941536
v 0.00103194 -0.00351705 -0.02971546
v 0.00094191 -0.00175938 -0.02982902
v 0.00103176 -0.00176188 -0.02987157
v 0.00103159 -0.00000006 -0.02992374
v 0.00116265 -0.02216648 -0.02064539
v 0.00105119 -0.02087122 -0.02184487
v 0.00115888 -0.02090168 -0.02187907
v 0.00115420 -0.01956278 -0.02303048
v 0.00114900 -0.01815736 -0.02409740
v 0.00113868 -0.01517533 -0.02597310
v 0.00113438 -0.01361165 -0.02678147
v 0.00113100 -0.01200672 -0.02750314
v 0.00103341 -0.01035399 -0.02810409
v 0.00112857 -0.01036530 -0.02813688
v 0.00112704 -0.00869177 -0.02868115
v 0.00112621 -0.00699023 -0.02913339
v 0.00103210 -0.00525920 -0.02945739
v 0.00112581 -0.00526503 -0.02949042
v 0.00112541 -0.00176385 -0.02990500
v 0.00112520 -0.00000004 -0.02995720
v 0.00127946 -0.02337685 -0.01935712
v 0.00127564 -0.02219035 -0.02066909
v 0.00127041 -0.02092331 -0.02190363
v 0.00126387 -0.01958203 -0.02305552
v 0.00125652 -0.01817426 -0.02412255
v 0.00114368 -0.01669258 -0.02507844
v 0.00124888 -0.01670731 -0.02510336
v 0.00124157 -0.01518806 -0.02599762
v 0.00123517 -0.01362259 -0.02680556
v 0.00123002 -0.01201612 -0.02752685
v 0.00122624 -0.01037330 -0.02816034
v 0.00122383 -0.00869847 -0.02870452
v 0.00122190 -0.00526919 -0.02951401
v 0.00112560 -0.00352098 -0.02974872
v 0.00122164 -0.00352378 -0.02977249
v 0.00122144 -0.00176525 -0.02992888
v 0.00122119 -0.00000003 -0.02998111
v 0.00131812 -0.00000001 -0.02999532
v 0.00141427 -0.00089707 -0.02998654
v 0.00131862 -0.00352544 -0.02978662
v 0.00131976 -0.00699888 -0.02917078
v 0.00122251 -0.00699568 -0.02915683
v 0.00133704 -0.01362886 -0.02681998
v 0.00135532 -0.01671580 -0.02511832
v 0.00136536 -0.01818399 -0.02413767
v 0.00138344 -0.02093593 -0.02191835
v 0.00139019 -0.02220434 -0.02068328
v 0.00144981 -0.01529700 -0.02596222
v 0.00145243 -0.01563947 -0.02576925
v 0.00146456 -0.01713187 -0.02485964
v 0.00147658 -0.01854841 -0.02388168
v 0.00137496 -0.01959321 -0.02307053
v 0.00148762 -0.01988461 -0.02284051
v 0.00150449 -0.02231075 -0.02058166
v 0.00139447 -0.02449438 -0.01798774
v 0.00150991 -0.02340013 -0.01937129
v 0.00151378 -0.02438047 -0.01815080
v 0.01761098 -0.02449264 -0.01800205
v 0.00900010 0.00000000 -0.02999999
v 0.00900020 -0.00530182 -0.02952737
v 0.00900020 -0.00453400 -0.02965460
v 0.00900020 -0.00227353 -0.02991331
v 0.00900020 -0.00676901 -0.02922886
v 0.00900020 -0.01112008 -0.02790590
v 0.00900020 -0.00896773 -0.02864365
v 0.00144183 -0.01417581 -0.02655606
v 0.00900020 -0.01321599 -0.02702048
v 0.00903944 -0.01814054 -0.02417542
v 0.00900020 -0.01710374 -0.02487752
v 0.00900020 -0.01524494 -0.02599085
v 0.00915596 -0.01908244 -0.02348034
v 0.00149710 -0.02113997 -0.02173875
v 0.00934795 -0.01992921 -0.02280355
v 0.00961241 -0.02068299 -0.02215489
v 0.00994589 -0.02134885 -0.02154189
v 0.01034508 -0.02193340 -0.02096965
v 0.01080720 -0.02244377 -0.02044140
v 0.01112404 -0.02272566 -0.02013727
v 0.01128880 -0.02285564 -0.01999394
v 0.01182809 -0.02321777 -0.01958390
v 0.01245680 -0.02354583 -0.01919822
v 0.01314619 -0.02382095 -0.01886381
v 0.01390088 -0.02404695 -0.01858125
v 0.01466805 -0.02421532 -0.01836597
v 0.01548721 -0.02434232 -0.01820078
v 0.01627405 -0.02442404 -0.01809317
v 0.01649152 -0.02444075 -0.01807106
v 0.01007711 -0.02156053 -0.02133852
v 0.00070502 -0.01798263 -0.02384617
v 0.00070484 -0.01721576 -0.02438281
v 0.00070392 -0.01504105 -0.02572316
v 0.00070341 -0.01423916 -0.02615665
v 0.03813054 -0.02707416 0.01388253
v 0.04040914 -0.02702822 0.01376198
v 0.04036966 -0.02584619 0.01585110
v 0.04259507 -0.02618461 0.01478998
v 0.04259479 -0.02787941 0.01132060
v 0.04259489 -0.02721728 0.01282114
v 0.04047490 -0.02886582 0.00933976
v 0.04051813 -0.02998209 0.00469781
v 0.04050018 -0.02952833 0.00703647
v 0.04053264 -0.03030929 -0.00005060
v 0.04052862 -0.03023119 0.00233231
v 0.04259410 -0.02999878 0.00233053
v 0.04053023 -0.03022643 -0.00243226
v 0.04259414 -0.03005402 -0.00129068
v 0.04052087 -0.02997077 -0.00479376
v 0.04050390 -0.02951209 -0.00712491
v 0.04047959 -0.02884868 -0.00941737
v 0.04259511 -0.02631918 -0.01457504
v 0.04259494 -0.02691818 -0.01345333
v 0.04259488 -0.02709740 -0.01309204
v 0.04041493 -0.02701785 -0.01381701
v 0.04037441 -0.02584645 -0.01588991
v 0.04259516 -0.02578663 -0.01548052
v 0.03808371 -0.02586743 -0.01602816
v 0.03822657 -0.02892446 -0.00950979
v 0.03817846 -0.02809851 0.01168924
v 0.04044430 -0.02803184 0.01158710
v 0.03807683 -0.02587139 0.01598759
v 0.03800023 -0.02449996 0.01799233
v 0.03828208 -0.03006892 -0.00484456
v 0.03829838 -0.03043209 -0.00005789
v 0.03829281 -0.03034818 0.00234804
v 0.03827822 -0.03008344 0.00473521
v 0.03821993 -0.02894745 0.00942092
v 0.04259488 -0.02921183 0.00733148
v 0.04259497 -0.02932073 0.00689850
v 0.03340516 -0.02707059 0.01391742
v 0.03825384 -0.02961725 0.00709524
v 0.03825913 -0.02959662 -0.00719608
v 0.04044957 -0.02801553 -0.01165326
v 0.04259471 -0.02777087 -0.01160442
v 0.03340516 -0.02843414 -0.01092515
v 0.03818626 -0.02807648 -0.01176461
v 0.03340516 -0.02810148 -0.01174042
v 0.03813907 -0.02705883 -0.01394341
v 0.03829495 -0.03034136 -0.00246225
v -0.00000000 0.00020110 0.02899930
v 0.00070717 0.00005628 0.02970698
v 0.00070716 0.00946043 0.02816096
v -0.00000000 0.00884419 0.02761910
v -0.00000000 0.00794086 0.02789222
v 0.00070716 0.00785638 0.02864943
v -0.00000000 0.00599844 0.02837335
v -0.00000000 0.00523573 0.02852391
v 0.00070717 0.00456522 0.02935385
v 0.00000000 0.00307897 0.02883639
v 0.00070717 0.00289227 0.02956588
v -0.00000000 0.00124925 0.02897320
v 0.00070717 0.00121184 0.02968252
v -0.00000000 0.01197239 0.02641397
v 0.00070715 0.01258476 0.02690963
v 0.00000000 0.01158750 0.02658507
v 0.00070716 0.01103836 0.02758065
v -0.00000000 0.01063914 0.02697859
v 0.00070713 0.02310193 0.01867552
v 0.00070713 0.02200466 0.01995708
v -0.00000000 0.02048689 0.02052581
v 0.00070714 0.02083666 0.02117452
v 0.00000000 0.01894845 0.02195408
v 0.00070714 0.01960344 0.02232174
v -0.00000000 0.01825508 0.02253396
v 0.00000000 0.01666327 0.02373533
v -0.00000000 0.01584121 0.02429173
v 0.00000000 0.01420206 0.02528509
v -0.00000000 0.01328760 0.02577741
v 0.00000000 0.02290593 0.01778576
v -0.00000000 0.02249924 0.01829754
v -0.00000000 0.02103176 0.01996711
v -0.00000000 0.02639172 0.01202005
v 0.00070712 0.02670518 0.01301398
v -0.00000000 0.02594050 0.01296520
v -0.00000000 0.02504212 0.01462534
v 0.00070712 0.02592537 0.01450591
v -0.00000000 0.02454646 0.01544283
v 0.00070712 0.02506468 0.01594627
v -0.00000000 0.02341331 0.01711228
v 0.00000000 0.02891390 0.00223308
v 0.00070711 0.02951659 0.00335917
v -0.00000000 0.02873113 0.00393982
v 0.00000000 0.02856808 0.00498648
v -0.00000000 0.02823091 0.00663450
v 0.00070711 0.02894729 0.00667667
v 0.00000000 0.02795619 0.00771056
v 0.00070711 0.02852350 0.00830099
v -0.00000000 0.02745424 0.00934167
v 0.00070712 0.02800713 0.00990387
v 0.00000000 0.02707914 0.01037897
v -0.00000000 0.02695900 0.01068718
v 0.00070711 0.02965918 0.00168062
v -0.00000000 0.02900000 0.00000000
v 0.00900000 0.01500004 0.02598074
v 0.00900000 0.00407996 0.02972127
v 0.00900000 0.00273163 0.02987538
v 0.00900000 0.00219715 0.02991943
v 0.00900000 0.00562144 0.02946862
v 0.00900000 0.00677078 0.02922595
v 0.00900000 0.00897122 0.02862721
v 0.00900000 0.00940525 0.02848756
v 0.00900000 0.01070070 0.02802668
v 0.00900000 0.01196146 0.02751224
v 0.00900000 0.01441816 0.02630811
v 0.00077543 0.00146057 0.02973363
v 0.00070715 0.00002817 0.02970700
v 0.00077543 0.00291768 0.02962592
v 0.00077543 0.00436783 0.02944681
v 0.00077543 0.00580753 0.02919696
v 0.00070717 0.00622258 0.02904772
v 0.00077543 0.00723330 0.02887703
v 0.00077542 0.00864166 0.02848771
v 0.00077542 0.01002913 0.02802967
v 0.00077542 0.01139225 0.02750364
v 0.00077542 0.01272784 0.02691107
v 0.00077542 0.01403284 0.02625374
v 0.00070715 0.01409223 0.02615121
v 0.00070715 0.01555354 0.02530934
v 0.00077541 0.01530421 0.02553343
v 0.00070714 0.01696184 0.02438848
v 0.00077541 0.01653888 0.02475193
v 0.00070714 0.01831100 0.02339333
v 0.00077541 0.01773380 0.02391103
v 0.00077541 0.01888593 0.02301251
v 0.00077540 0.02105008 0.02105035
v 0.00077540 0.02205724 0.01999174
v 0.00077540 0.02301149 0.01888512
v 0.00077540 0.02391059 0.01773322
v 0.00070713 0.02412343 0.01733633
v 0.00077540 0.02475231 0.01653881
v 0.00077540 0.02553442 0.01530464
v 0.00077540 0.02625470 0.01403345
v 0.00077539 0.02691131 0.01272822
v 0.00070712 0.02740016 0.01147746
v 0.00077539 0.02962585 0.00291790
v 0.00077539 0.02944752 0.00436815
v 0.00077539 0.02919775 0.00580776
v 0.00070711 0.02927824 0.00503245
v 0.00077539 0.02887724 0.00723331
v 0.00077539 0.02848718 0.00864147
v 0.00077539 0.02802872 0.01002889
v 0.00077539 0.02750304 0.01139226
v 0.00141421 0.02996354 0.00147199
v 0.00141421 0.02985538 0.00294051
v 0.00141421 0.02980122 0.00344812
v 0.00131727 0.02985069 0.00294005
v 0.00131727 0.02909641 0.00728821
v 0.00141422 0.02920752 0.00685056
v 0.00131727 0.02941935 0.00585184
v 0.00141422 0.02942397 0.00585276
v 0.00141422 0.02967568 0.00440199
v 0.00141423 0.02687169 0.01333922
v 0.00141423 0.02711982 0.01282684
v 0.00131728 0.02771179 0.01147872
v 0.00141423 0.02771614 0.01148052
v 0.00131728 0.02824145 0.01010501
v 0.00141422 0.02824589 0.01010660
v 0.00141422 0.02870789 0.00870842
v 0.00141424 0.02516018 0.01633921
v 0.00141424 0.02573227 0.01542322
v 0.00131728 0.02645397 0.01413996
v 0.00131730 0.02409208 0.01786782
v 0.00141425 0.02318980 0.01903145
v 0.00141425 0.02409586 0.01787063
v 0.00131729 0.02494019 0.01666434
v 0.00141424 0.02494410 0.01666696
v 0.00131731 0.02120986 0.02121013
v 0.00131730 0.02222467 0.02014348
v 0.00131730 0.02318616 0.01902846
v 0.00131732 0.01902929 0.02318719
v 0.00141428 0.01813819 0.02389617
v 0.00141427 0.01903228 0.02319083
v 0.00131731 0.02014398 0.02222561
v 0.00131734 0.01542038 0.02572726
v 0.00131733 0.01786842 0.02409253
v 0.00131735 0.01147874 0.02771243
v 0.00141431 0.01220215 0.02740647
v 0.00141431 0.01282648 0.02711962
v 0.00131734 0.01413937 0.02645303
v 0.00141430 0.01414159 0.02645719
v 0.00141429 0.01542281 0.02573130
v 0.00131736 0.00870727 0.02870398
v 0.00141432 0.00897134 0.02862756
v 0.00131736 0.01010527 0.02824245
v 0.00141432 0.01010686 0.02824689
v 0.00141431 0.01148054 0.02771678
v 0.00141434 0.00585255 0.02942324
v 0.00141432 0.00870864 0.02870849
v 0.00131739 0.00147168 0.02995937
v 0.00141150 0.00000000 0.02999999
v 0.00141435 0.00294031 0.02985554
v 0.00131738 0.00440100 0.02967037
v 0.00131737 0.00585163 0.02941862
v 0.00141434 0.00440169 0.02967503
v 0.00131727 0.02995883 0.00147175
v 0.00131738 0.00293985 0.02985085
v 0.00121994 0.00147097 0.02994502
v 0.00121994 0.00293844 0.02983655
v 0.00121993 0.00439889 0.02965616
v 0.00121993 0.00584882 0.02940452
v 0.00131737 0.00728822 0.02909626
v 0.00121992 0.00870310 0.02869023
v 0.00121992 0.01010043 0.02822893
v 0.00121991 0.01147324 0.02769916
v 0.00131735 0.01282447 0.02711536
v 0.00121991 0.01281832 0.02710237
v 0.00121990 0.01413260 0.02644037
v 0.00121990 0.01541300 0.02571493
v 0.00131733 0.01666442 0.02493982
v 0.00121989 0.01665644 0.02492788
v 0.00121989 0.01785986 0.02408100
v 0.00121988 0.02013433 0.02221497
v 0.00121987 0.02119970 0.02119997
v 0.00121987 0.02221403 0.02013384
v 0.00121987 0.02317505 0.01901935
v 0.00121986 0.02408054 0.01785927
v 0.00121986 0.02492824 0.01665636
v 0.00131729 0.02572823 0.01542080
v 0.00121986 0.02571591 0.01541341
v 0.00121985 0.02644130 0.01413319
v 0.00121985 0.02710258 0.01281868
v 0.00131728 0.02711557 0.01282482
v 0.00131727 0.02870339 0.00870705
v 0.00121984 0.02868964 0.00870289
v 0.00121984 0.02908248 0.00728472
v 0.00121984 0.02940526 0.00584904
v 0.00131727 0.02967102 0.00440130
v 0.00121984 0.02994449 0.00147105
v 0.00112345 0.00146978 0.02992089
v 0.00112345 0.00293607 0.02981250
v 0.00112345 0.00439535 0.02963225
v 0.00112344 0.00584411 0.02938082
v 0.00121993 0.00728473 0.02908232
v 0.00112344 0.00727886 0.02905888
v 0.00112344 0.00869609 0.02866711
v 0.00112343 0.01009229 0.02820618
v 0.00112343 0.01280799 0.02708053
v 0.00112342 0.01540058 0.02569421
v 0.00112341 0.01664302 0.02490779
v 0.00112341 0.01784547 0.02406159
v 0.00121988 0.01902017 0.02317609
v 0.00112340 0.02011811 0.02219707
v 0.00112340 0.02118262 0.02118289
v 0.00112340 0.02219612 0.02011761
v 0.00112339 0.02315638 0.01900402
v 0.00112339 0.02490816 0.01664294
v 0.00112338 0.02569519 0.01540099
v 0.00112338 0.02767620 0.01146398
v 0.00121985 0.02769851 0.01147322
v 0.00121985 0.02822793 0.01010017
v 0.00112337 0.02820518 0.01009203
v 0.00112337 0.02905904 0.00727885
v 0.00112337 0.02938157 0.00584433
v 0.00121984 0.02965681 0.00439919
v 0.00121984 0.02983640 0.00293864
v 0.00112337 0.02963291 0.00439565
v 0.00112337 0.02981236 0.00293627
v 0.00112337 0.02992036 0.00146986
v 0.00102933 0.02988660 0.00146821
v 0.00093914 0.02973590 0.00292874
v 0.00102933 0.02977872 0.00293296
v 0.00093914 0.02955692 0.00438438
v 0.00102933 0.02959947 0.00439069
v 0.00093914 0.02930622 0.00582934
v 0.00102933 0.02934841 0.00583773
v 0.00102933 0.02902625 0.00727064
v 0.00093914 0.02898452 0.00726018
v 0.00102933 0.02863417 0.00868606
v 0.00093914 0.02813285 0.01006615
v 0.00093914 0.02701129 0.01277550
v 0.00102933 0.02705018 0.01279390
v 0.00093915 0.02635224 0.01408558
v 0.00093915 0.02562929 0.01536150
v 0.00093915 0.02484427 0.01660026
v 0.00093916 0.02213919 0.02006602
v 0.00102935 0.02217107 0.02009491
v 0.00102935 0.02115871 0.02115898
v 0.00093916 0.02112829 0.02112856
v 0.00093916 0.02006650 0.02214014
v 0.00102935 0.02009540 0.02217202
v 0.00093916 0.01895610 0.02309801
v 0.00102936 0.01898339 0.02313127
v 0.00102936 0.01782532 0.02403443
v 0.00093917 0.01660033 0.02484390
v 0.00093917 0.01536107 0.02562830
v 0.00102937 0.01538319 0.02566521
v 0.00102937 0.01279353 0.02704996
v 0.00093918 0.01277514 0.02701106
v 0.00093918 0.01143459 0.02760584
v 0.00102938 0.01008090 0.02817434
v 0.00093919 0.00867378 0.02859357
v 0.00102938 0.00868627 0.02863475
v 0.00093919 0.00726018 0.02898434
v 0.00102939 0.00727064 0.02902608
v 0.00102939 0.00583751 0.02934766
v 0.00093919 0.00438407 0.02955624
v 0.00102939 0.00439038 0.02959880
v 0.00093919 0.00292853 0.02973602
v 0.00093914 0.02984363 0.00146610
v 0.00112337 0.02866652 0.00869587
v 0.00102933 0.02817335 0.01008064
v 0.00102933 0.02764496 0.01145104
v 0.00112338 0.02708074 0.01280835
v 0.00112338 0.02642000 0.01412180
v 0.00102934 0.02639018 0.01410586
v 0.00102934 0.02566619 0.01538361
v 0.00102934 0.02488004 0.01662416
v 0.00102934 0.02403398 0.01782473
v 0.00112339 0.02406114 0.01784487
v 0.00102935 0.02313024 0.01898257
v 0.00112341 0.01900484 0.02315741
v 0.00102936 0.01662423 0.02487968
v 0.00102937 0.01410527 0.02638924
v 0.00112342 0.01412121 0.02641906
v 0.00102938 0.01145105 0.02764559
v 0.00112343 0.01146399 0.02767683
v 0.00102939 0.00293275 0.02977884
v 0.00102940 0.00146812 0.02988711
v 0.00085412 0.02968463 0.00292369
v 0.00085412 0.02950596 0.00437682
v 0.00085412 0.02925568 0.00581929
v 0.00085412 0.02893454 0.00724767
v 0.00093914 0.02859301 0.00867357
v 0.00085412 0.02755762 0.01141486
v 0.00093914 0.02760522 0.01143458
v 0.00085412 0.02696472 0.01275348
v 0.00085412 0.02630680 0.01406130
v 0.00085412 0.02558509 0.01533501
v 0.00085413 0.02395804 0.01776841
v 0.00093915 0.02399943 0.01779911
v 0.00085413 0.02305716 0.01892260
v 0.00093915 0.02309699 0.01895528
v 0.00085413 0.02210102 0.02003142
v 0.00085413 0.02109185 0.02109212
v 0.00085413 0.02003190 0.02210196
v 0.00085414 0.01776900 0.02395849
v 0.00085414 0.01657170 0.02480106
v 0.00093917 0.01779969 0.02399987
v 0.00085414 0.01533458 0.02558411
v 0.00085415 0.01406070 0.02630585
v 0.00093918 0.01408499 0.02635129
v 0.00093918 0.01006640 0.02813382
v 0.00085415 0.00865882 0.02854426
v 0.00085416 0.00581906 0.02925491
v 0.00093919 0.00582912 0.02930545
v 0.00085416 0.00437650 0.02950526
v 0.00085416 0.00146347 0.02979265
v 0.00093919 0.00146601 0.02984412
v 0.00077539 0.02973317 0.00146067
v 0.00085412 0.02979217 0.00146357
v 0.00085412 0.02854371 0.00865862
v 0.00085412 0.02808434 0.01004880
v 0.00085413 0.02480143 0.01657163
v 0.00077541 0.01999222 0.02205818
v 0.00085414 0.01892341 0.02305818
v 0.00085415 0.01275310 0.02696448
v 0.00085415 0.01141487 0.02755823
v 0.00085415 0.01004904 0.02808530
v 0.00085416 0.00724766 0.02893435
v 0.00085416 0.00292348 0.02968473
v 0.00900140 0.01527134 0.02582220
v 0.00903104 0.01621805 0.02523836
v 0.00906949 0.01676636 0.02487748
v 0.00913274 0.01735589 0.02446984
v 0.00925854 0.01813853 0.02389547
v 0.00929115 0.01829917 0.02377268
v 0.00951243 0.01916077 0.02308387
v 0.01015410 0.02065797 0.02175427
v 0.00982133 0.02000044 0.02236029
v 0.01102736 0.02180333 0.02060618
v 0.01021873 0.02076642 0.02165077
v 0.01419507 0.02354049 0.01859692
v 0.01299641 0.02312125 0.01911564
v 0.01275865 0.02301211 0.01924689
v 0.01210518 0.02265473 0.01966630
v 0.01152010 0.02224407 0.02012961
v 0.01143587 0.02217587 0.02020472
v 0.01607331 0.02388964 0.01814622
v 0.01584359 0.02386171 0.01818292
v 0.01496417 0.02371952 0.01836803
v 0.01672863 0.02395117 0.01806493
v 0.01773850 0.02399969 0.01800041
v -0.00000000 0.00523573 -0.02852391
v 0.00000000 -0.00000000 0.02250000
v -0.00000000 0.01666327 -0.02373533
v -0.00000000 0.01457910 -0.02506958
v 0.00000000 0.01420206 -0.02528509
v -0.00000000 0.01328760 -0.02577741
v 0.00000000 0.01158750 -0.02658507
v -0.00000000 0.01063914 -0.02697859
v 0.00000000 0.00884419 -0.02761910
v -0.00000000 0.00794086 -0.02789222
v -0.00000000 0.00124925 -0.02897320
v -0.00000000 0.00020110 -0.02899930
v 0.00000000 0.02891390 -0.00223308
v -0.00000000 0.02888242 -0.00260885
v -0.00000000 0.02426176 -0.01588641
v 0.00000000 0.02856808 -0.00498648
v 0.00000000 0.02290593 -0.01778576
v -0.00000000 0.02048689 -0.02052581
v -0.00000000 0.02795619 -0.00771056
v -0.00000000 0.02745424 -0.00934167
v -0.00000000 0.02707914 -0.01037897
v -0.00000000 0.02639172 -0.01202005
v -0.00000000 0.01894845 -0.02195408
v -0.00000000 0.01706835 -0.02344571
v -0.00000000 0.02504212 -0.01462534
v -0.00000000 0.02103176 -0.01996710
v -0.00000000 0.01584121 -0.02429173
v 0.00070717 0.00172960 -0.02965682
v -0.00000000 0.00307897 -0.02883638
v 0.00070717 0.00339893 -0.02951182
v 0.00000000 0.00599844 -0.02837335
v 0.00070717 0.00506350 -0.02927197
v 0.00070716 0.00994946 -0.02799199
v 0.00070716 0.01151567 -0.02738463
v 0.00070715 0.01304255 -0.02669057
v 0.00070715 0.01453298 -0.02590880
v 0.00070715 0.01598004 -0.02504235
v 0.00070714 0.01737648 -0.02409505
v 0.00070714 0.01871537 -0.02307129
v 0.00070713 0.02234009 -0.01958068
v 0.00070714 0.02092563 -0.02108653
v 0.00070713 0.02341463 -0.01828197
v -0.00000000 0.02249924 -0.01829754
v 0.00070713 0.02300003 -0.01880088
v 0.00070713 0.02394288 -0.01758472
v 0.00070712 0.02533672 -0.01551072
v 0.00000000 0.02454646 -0.01544283
v -0.00000000 0.02594050 -0.01296520
v 0.00070712 0.02617450 -0.01405137
v 0.00070712 0.02759136 -0.01100956
v 0.00070711 0.02866097 -0.00781361
v -0.00000000 0.02823091 -0.00663450
v 0.00070711 0.02956928 -0.00285640
v 0.00070711 0.02968341 -0.00117929
v 0.00070710 0.02970710 0.00000000
v 0.00900000 0.01320808 -0.02693597
v 0.00900000 0.01220210 -0.02740636
v 0.00900000 0.01196135 -0.02751229
v 0.00900000 0.01070060 -0.02802672
v 0.00900000 0.00940516 -0.02848759
v 0.00900000 0.00897122 -0.02862721
v 0.00900000 0.00677072 -0.02922597
v 0.00900000 0.00562144 -0.02946862
v 0.00900000 0.00544051 -0.02950256
v 0.00900000 0.00407992 -0.02972127
v 0.00900000 0.00273160 -0.02987538
v 0.00900000 0.00219715 -0.02991943
v 0.00141423 0.02687169 -0.01333922
v 0.00141423 0.02654917 -0.01397045
v 0.00141426 0.02232873 -0.02003507
v 0.00131793 0.01289631 -0.02708129
v 0.00141432 0.01016507 -0.02822600
v 0.00141421 0.02999999 0.00000000
v 0.00103153 0.02989972 -0.00119532
v 0.00113085 0.02995900 0.00000000
v 0.00077855 0.02311331 -0.01876448
v 0.00070714 0.01999021 -0.02197592
v 0.00077857 0.01145802 -0.02747910
v 0.00070715 0.00002817 -0.02970700
v 0.00070717 0.00005628 -0.02970698
v 0.00077858 0.00146945 -0.02973579
v 0.00077858 0.00293539 -0.02962679
v 0.00077858 0.00439423 -0.02944551
v 0.00077857 0.00584244 -0.02919265
v 0.00070716 0.00671550 -0.02893782
v 0.00077857 0.00727646 -0.02886888
v 0.00070716 0.00834683 -0.02851056
v 0.00077857 0.00869276 -0.02847490
v 0.00077857 0.01008778 -0.02801138
v 0.00131797 0.00148051 -0.02995899
v 0.00141435 0.00148074 -0.02996364
v 0.00131796 0.00442722 -0.02966652
v 0.00141434 0.00442791 -0.02967113
v 0.00141434 0.00562138 -0.02946826
v 0.00131796 0.00588630 -0.02941176
v 0.00141433 0.00588721 -0.02941632
v 0.00131795 0.00733108 -0.02908556
v 0.00141433 0.00733222 -0.02909007
v 0.00141432 0.00875936 -0.02869307
v 0.00085710 0.00147234 -0.02979419
v 0.00085710 0.00294116 -0.02968497
v 0.00085710 0.00585391 -0.02924998
v 0.00085710 0.00729075 -0.02892558
v 0.00085709 0.00870983 -0.02853082
v 0.00094182 0.00147487 -0.02984510
v 0.00094181 0.00294619 -0.02973569
v 0.00094181 0.00441039 -0.02955374
v 0.00085710 0.00440287 -0.02950334
v 0.00094181 0.00586392 -0.02929995
v 0.00094181 0.00872471 -0.02857956
v 0.00085709 0.01010759 -0.02806639
v 0.00103160 0.00147697 -0.02988759
v 0.00103160 0.00441667 -0.02959581
v 0.00103159 0.00873713 -0.02862025
v 0.00094181 0.00730321 -0.02897500
v 0.00103159 0.01013927 -0.02815436
v 0.00094180 0.01012486 -0.02811434
v 0.00112516 0.00147862 -0.02992097
v 0.00103160 0.00295038 -0.02977802
v 0.00112516 0.00295368 -0.02981128
v 0.00112516 0.00442160 -0.02962887
v 0.00112515 0.00587882 -0.02937443
v 0.00103159 0.00587226 -0.02934166
v 0.00103159 0.00731361 -0.02901624
v 0.00112515 0.00732177 -0.02904865
v 0.00112514 0.01015059 -0.02818580
v 0.00122110 0.00147980 -0.02994482
v 0.00122110 0.00295604 -0.02983504
v 0.00122109 0.00588351 -0.02939784
v 0.00122109 0.00732761 -0.02907180
v 0.00112515 0.00874689 -0.02865221
v 0.00131796 0.00295744 -0.02984916
v 0.00122109 0.00442513 -0.02965248
v 0.00131795 0.00875800 -0.02868862
v 0.00131794 0.01016349 -0.02822162
v 0.00122108 0.00875386 -0.02867504
v 0.00122108 0.01015868 -0.02820826
v 0.00085709 0.01148052 -0.02753307
v 0.00094180 0.01150013 -0.02758010
v 0.00103158 0.01151650 -0.02761936
v 0.00122107 0.01153855 -0.02767224
v 0.00131793 0.01154401 -0.02768534
v 0.00141432 0.00897134 -0.02862756
v 0.00141431 0.01220215 -0.02740647
v 0.00131792 0.01421725 -0.02641131
v 0.00141430 0.01421945 -0.02641541
v 0.00141429 0.01550610 -0.02568120
v 0.00141429 0.01527093 -0.02582171
v 0.00131792 0.01550369 -0.02567721
v 0.00122107 0.01289021 -0.02706848
v 0.00131791 0.01675252 -0.02488084
v 0.00122106 0.01549636 -0.02566506
v 0.00122106 0.01421052 -0.02639881
v 0.00112513 0.01419920 -0.02637779
v 0.00112514 0.01287994 -0.02704693
v 0.00122105 0.01795209 -0.02401266
v 0.00122105 0.01674459 -0.02486907
v 0.00112512 0.01673126 -0.02484927
v 0.00112513 0.01548402 -0.02564463
v 0.00103157 0.01546675 -0.02561602
v 0.00094180 0.01284729 -0.02697835
v 0.00094180 0.01416320 -0.02631092
v 0.00141428 0.01796338 -0.02402775
v 0.00141429 0.01675512 -0.02488470
v 0.00131791 0.01796059 -0.02402403
v 0.00103158 0.01418336 -0.02634837
v 0.00141427 0.02024512 -0.02213986
v 0.00141427 0.01912774 -0.02311218
v 0.00131790 0.02024198 -0.02213643
v 0.00131790 0.01912477 -0.02310860
v 0.00122104 0.01911573 -0.02309766
v 0.00112512 0.01793780 -0.02399354
v 0.00094179 0.01544476 -0.02557961
v 0.00085709 0.01282538 -0.02693235
v 0.00077857 0.01280024 -0.02687956
v 0.00077856 0.01411134 -0.02621457
v 0.00085709 0.01413905 -0.02626605
v 0.00085708 0.01541842 -0.02553599
v 0.00094179 0.01668884 -0.02478627
v 0.00103157 0.01671259 -0.02482155
v 0.00131789 0.02130957 -0.02110994
v 0.00141426 0.02131288 -0.02111322
v 0.00131789 0.02232526 -0.02003196
v 0.00122103 0.02129949 -0.02109996
v 0.00122104 0.02023240 -0.02212596
v 0.00112511 0.01910050 -0.02307927
v 0.00112511 0.02021629 -0.02210834
v 0.00103156 0.01791779 -0.02396678
v 0.00085708 0.01666038 -0.02474400
v 0.00077856 0.01538820 -0.02548595
v 0.00141425 0.02329037 -0.01890823
v 0.00141425 0.02311493 -0.01912232
v 0.00131788 0.02328676 -0.01890529
v 0.00122103 0.02231470 -0.02002248
v 0.00112511 0.02128253 -0.02108316
v 0.00103156 0.01907920 -0.02305353
v 0.00094179 0.01789232 -0.02393271
v 0.00094179 0.01905208 -0.02302076
v 0.00085708 0.01786181 -0.02389190
v 0.00141425 0.02419552 -0.01773552
v 0.00131788 0.02419177 -0.01773277
v 0.00122103 0.02327574 -0.01889635
v 0.00112510 0.02229693 -0.02000654
v 0.00103156 0.02125879 -0.02105964
v 0.00103156 0.02019374 -0.02208368
v 0.00094178 0.02016504 -0.02205229
v 0.00077856 0.01782680 -0.02384508
v 0.00122102 0.02502617 -0.01650940
v 0.00122102 0.02418032 -0.01772438
v 0.00112510 0.02416107 -0.01771027
v 0.00112510 0.02325721 -0.01888130
v 0.00103155 0.02323127 -0.01886025
v 0.00103155 0.02227206 -0.01998423
v 0.00085707 0.02119238 -0.02099385
v 0.00085707 0.02013065 -0.02201469
v 0.00077855 0.02009120 -0.02197155
v 0.00131787 0.02503801 -0.01651721
v 0.00094178 0.02122858 -0.02102971
v 0.00085708 0.01901959 -0.02298151
v 0.00077856 0.01898232 -0.02293647
v 0.00141424 0.02516018 -0.01633921
v 0.00141424 0.02582720 -0.01526380
v 0.00131786 0.02654506 -0.01396828
v 0.00131787 0.02582320 -0.01526144
v 0.00122101 0.02581098 -0.01525422
v 0.00112509 0.02500624 -0.01649625
v 0.00103155 0.02413413 -0.01769052
v 0.00094178 0.02319825 -0.01883344
v 0.00094178 0.02224041 -0.01995583
v 0.00085707 0.02220248 -0.01992180
v 0.00077855 0.02115085 -0.02095271
v 0.00077856 0.01662773 -0.02469551
v 0.00103158 0.01286557 -0.02701676
v 0.00112514 0.01152936 -0.02765021
v 0.00141431 0.01154581 -0.02768964
v 0.00070713 0.02119716 -0.02081334
v 0.00077855 0.02215897 -0.01988276
v 0.00085707 0.02315869 -0.01880133
v 0.00094177 0.02409983 -0.01766538
v 0.00112509 0.02579043 -0.01524207
v 0.00122101 0.02653250 -0.01396167
v 0.00131786 0.02720181 -0.01264085
v 0.00141423 0.02720603 -0.01264281
v 0.00141423 0.02779655 -0.01128430
v 0.00131786 0.02779224 -0.01128255
v 0.00122101 0.02718894 -0.01263487
v 0.00112509 0.02651137 -0.01395056
v 0.00103154 0.02576167 -0.01522507
v 0.00103154 0.02497835 -0.01647785
v 0.00094177 0.02494285 -0.01645444
v 0.00085707 0.02405873 -0.01763525
v 0.00141422 0.02822601 -0.01016198
v 0.00131786 0.02831514 -0.00989680
v 0.00122101 0.02777909 -0.01127721
v 0.00112509 0.02716729 -0.01262481
v 0.00085707 0.02490032 -0.01642638
v 0.00077855 0.02401159 -0.01760069
v 0.00141422 0.02877378 -0.00848834
v 0.00141422 0.02831953 -0.00989833
v 0.00131785 0.02876932 -0.00848702
v 0.00122100 0.02830175 -0.00989212
v 0.00112508 0.02775697 -0.01126823
v 0.00103154 0.02713700 -0.01261073
v 0.00103154 0.02648181 -0.01393500
v 0.00094177 0.02644417 -0.01391520
v 0.00094177 0.02572506 -0.01520344
v 0.00085706 0.02568119 -0.01517751
v 0.00077855 0.02485153 -0.01639419
v 0.00070713 0.02441523 -0.01692318
v 0.00085706 0.02639908 -0.01389147
v 0.00103154 0.02772602 -0.01125567
v 0.00112508 0.02827921 -0.00988424
v 0.00122100 0.02875571 -0.00848301
v 0.00122100 0.02945275 -0.00560641
v 0.00131785 0.02946669 -0.00560906
v 0.00122100 0.02913978 -0.00705330
v 0.00112508 0.02911658 -0.00704768
v 0.00112508 0.02873281 -0.00847625
v 0.00103153 0.02870077 -0.00846680
v 0.00103153 0.02824768 -0.00987322
v 0.00094176 0.02820753 -0.00985919
v 0.00094176 0.02768662 -0.01123967
v 0.00085706 0.02763941 -0.01122051
v 0.00085706 0.02705223 -0.01257134
v 0.00077854 0.02699922 -0.01254671
v 0.00141422 0.02920752 -0.00685056
v 0.00131785 0.02915357 -0.00705663
v 0.00077854 0.02563087 -0.01514777
v 0.00077854 0.02634735 -0.01386425
v 0.00094177 0.02709843 -0.01259281
v 0.00141422 0.02947127 -0.00560993
v 0.00141421 0.02971211 -0.00414836
v 0.00131785 0.02970750 -0.00414772
v 0.00085706 0.02971120 -0.00266145
v 0.00070711 0.02936165 -0.00452006
v 0.00085706 0.02815944 -0.00984238
v 0.00103153 0.02908411 -0.00703982
v 0.00122100 0.02969345 -0.00414576
v 0.00131785 0.02987548 -0.00267617
v 0.00141421 0.02980122 -0.00344812
v 0.00141421 0.02988011 -0.00267658
v 0.00077854 0.02948626 -0.00411683
v 0.00077854 0.02965298 -0.00265624
v 0.00070711 0.02943002 -0.00405013
v 0.00077854 0.02974792 -0.00118925
v 0.00083090 0.02981224 0.00000000
v 0.00085706 0.02980632 -0.00119158
v 0.00097572 0.02989872 0.00000000
v 0.00094176 0.02985723 -0.00119362
v 0.00094176 0.02976194 -0.00266600
v 0.00070711 0.02905855 -0.00617512
v 0.00077854 0.02924724 -0.00556729
v 0.00085706 0.02954415 -0.00412491
v 0.00094176 0.02959461 -0.00413196
v 0.00112508 0.02993310 -0.00119665
v 0.00077854 0.02855506 -0.00842381
v 0.00077854 0.02893645 -0.00700408
v 0.00085706 0.02899326 -0.00701783
v 0.00085706 0.02930466 -0.00557822
v 0.00094176 0.02935471 -0.00558774
v 0.00103153 0.02963672 -0.00413784
v 0.00103153 0.02980430 -0.00266979
v 0.00112508 0.02983757 -0.00267277
v 0.00122100 0.02995695 -0.00119760
v 0.00121984 0.02998092 0.00000000
v 0.00077854 0.02810426 -0.00982309
v 0.00070712 0.02817100 -0.00942767
v 0.00103153 0.02939649 -0.00559570
v 0.00131785 0.02997113 -0.00119817
v 0.00129152 0.02999243 0.00000000
v 0.00141421 0.02997578 -0.00119836
v 0.00122100 0.02986134 -0.00267490
v 0.00112508 0.02966981 -0.00414246
v 0.00112508 0.02942931 -0.00560194
v 0.00094176 0.02904277 -0.00702982
v 0.00094176 0.02865998 -0.00845477
v 0.00085706 0.02861112 -0.00844035
v 0.00077854 0.02758525 -0.01119852
v 0.00070712 0.02692531 -0.01255184
v 0.00070713 0.02481844 -0.01632658
v 0.00900135 0.01527134 -0.02582221
v 0.00900000 0.01499995 -0.02598079
v 0.00910598 0.01713671 -0.02462400
v 0.00902834 0.01617408 -0.02526670
v 0.00988469 0.02014092 -0.02223383
v 0.00961716 0.01948100 -0.02281449
v 0.00957260 0.01935061 -0.02292525
v 0.00925067 0.01809811 -0.02392605
v 0.00992739 0.02023099 -0.02215190
v 0.01021858 0.02076639 -0.02165082
v 0.01030231 0.02089972 -0.02152220
v 0.01069596 0.02143726 -0.02098693
v 0.01112317 0.02189697 -0.02050624
v 0.01143626 0.02217542 -0.02020480
v 0.01161349 0.02231610 -0.02004943
v 0.01221086 0.02271893 -0.01959210
v 0.01284237 0.02305168 -0.01919950
v 0.01353720 0.02333529 -0.01885373
v 0.01777604 0.02400063 -0.01799931
v 0.01676311 0.02395410 -0.01806157
v 0.01584569 0.02386189 -0.01818260
v 0.01497880 0.02372220 -0.01836457
v 0.01422949 0.02354969 -0.01858522
v 0.01399283 0.02348322 -0.01866918
v 0.03800010 0.02400550 0.01799265
v 0.03939484 0.02400581 0.01793818
v 0.04031499 0.02400622 0.01784222
v 0.04072589 0.02400619 0.01778418
v 0.04203415 0.02400672 0.01753301
v 0.04259554 0.02400464 0.01739692
v 0.04031499 0.02400591 -0.01784265
v 0.03864061 0.02400561 -0.01798102
v 0.04320841 0.02400551 0.01722237
v 0.04330355 0.02100000 0.01719332
v 0.04572768 0.02100000 0.01624874
v 0.04572768 0.02400551 0.01624874
v 0.04708385 0.02400551 0.01553135
v 0.04710798 0.02400551 0.01551722
v 0.04807283 0.02400551 0.01490898
v 0.04813577 0.02100000 0.01486626
v 0.05019101 0.02400551 0.01323328
v 0.05023827 0.02100000 0.01318958
v 0.05203450 0.02400551 0.01125940
v 0.05206740 0.02100000 0.01121827
v 0.05358228 0.02100000 0.00899636
v 0.05474908 0.02100000 0.00657348
v 0.05473837 0.02400551 -0.00660070
v 0.05474908 0.02100000 -0.00657348
v 0.05554174 0.02100000 -0.00400376
v 0.05553782 0.02400551 -0.00402087
v 0.05594210 0.02400551 -0.00135043
v 0.05594254 0.02100000 -0.00134460
v 0.05594254 0.02100000 0.00134460
v 0.05594210 0.02400551 0.00135043
v 0.05473837 0.02400551 0.00660070
v 0.05377761 0.02400551 0.00864921
v 0.05435742 0.02400551 -0.00749512
v 0.05377790 0.02400551 -0.00864869
v 0.05358228 0.02100000 -0.00899636
v 0.05356176 0.02400551 -0.00903181
v 0.05203450 0.02400551 -0.01125940
v 0.05206740 0.02100000 -0.01121827
v 0.05023827 0.02100000 -0.01318958
v 0.05019101 0.02400551 -0.01323328
v 0.04708468 0.02400551 -0.01553086
v 0.04580685 0.02100000 -0.01621085
v 0.04572768 0.02400551 -0.01624874
v 0.05019101 0.02100000 -0.01323328
v 0.04807283 0.02400551 -0.01490898
v 0.04813577 0.02100000 -0.01486626
v 0.04807283 0.02100000 -0.01490898
v 0.04710798 0.02400551 -0.01551722
v 0.04320841 0.02400551 -0.01722237
v 0.04330355 0.02100000 -0.01719332
v 0.04572768 0.02100000 -0.01624874
v 0.01825066 0.02400551 0.01799265
v 0.03340498 0.02400552 0.01799267
v 0.05554174 0.02100000 0.00400376
v 0.04580685 0.02100000 0.01621085
v 0.04807283 0.02100000 0.01490898
v 0.05019101 0.02100000 0.01323328
v 0.03800010 0.02400551 -0.01799265
v 0.05356176 0.02400551 0.00903181
v 0.04944991 0.02433490 -0.01329348
v 0.04382845 0.02813139 0.00864040
v 0.04259959 0.02760952 0.01079659
v 0.04366201 0.02732806 0.01100551
v 0.04259957 0.02683904 0.01259032
v 0.04259968 0.02595261 0.01432842
v 0.04321231 0.02515745 0.01548989
v 0.04259925 0.02509177 0.01578771
v 0.04395430 0.02873884 0.00621513
v 0.04259960 0.02898641 0.00621520
v 0.04259963 0.02878929 0.00707181
v 0.04408104 0.02935059 -0.00125140
v 0.04259963 0.02961735 0.00128422
v 0.04408104 0.02935057 0.00125195
v 0.04403869 0.02914618 0.00374659
v 0.04403871 0.02914625 -0.00374603
v 0.04259961 0.02952939 -0.00262045
v 0.04395432 0.02873895 -0.00621459
v 0.04259958 0.02929325 -0.00455695
v 0.04259959 0.02940795 -0.00374611
v 0.04382848 0.02813154 -0.00863987
v 0.04259961 0.02782726 -0.01022216
v 0.04259961 0.02892973 -0.00647366
v 0.04366205 0.02732826 -0.01100499
v 0.04259956 0.02709395 -0.01203205
v 0.04259958 0.02752703 -0.01100522
v 0.04345620 0.02633468 -0.01329348
v 0.04259963 0.02624359 -0.01378830
v 0.04321237 0.02515773 -0.01548941
v 0.04259934 0.02478506 -0.01626495
v 0.05223189 0.02495619 -0.00863987
v 0.05435742 0.02400551 0.00749512
v 0.05449353 0.02427637 0.00621513
v 0.05553782 0.02400551 0.00402087
v 0.05484461 0.02479312 0.00125195
v 0.05484462 0.02479314 -0.00125140
v 0.05472734 0.02462052 -0.00374603
v 0.05449359 0.02427647 -0.00621459
v 0.05253918 0.02549504 -0.00621459
v 0.05284861 0.02603764 -0.00125140
v 0.05472730 0.02462046 0.00374659
v 0.05284860 0.02603762 0.00125195
v 0.05274519 0.02585630 0.00374659
v 0.05253912 0.02549494 0.00621513
v 0.05182551 0.02424358 -0.01100499
v 0.04988189 0.02525303 -0.01100499
v 0.05023114 0.02599532 -0.00863987
v 0.05049523 0.02655660 -0.00621459
v 0.05274523 0.02585636 -0.00374603
v 0.05067231 0.02693297 -0.00374603
v 0.05076116 0.02712180 -0.00125140
v 0.05076114 0.02712178 0.00125195
v 0.05067228 0.02693291 0.00374659
v 0.05223181 0.02495605 0.00864040
v 0.05182541 0.02424340 0.01100551
v 0.04988180 0.02525285 0.01100551
v 0.04750644 0.02515780 -0.01329348
v 0.04786510 0.02610697 -0.01100499
v 0.04837433 0.02745462 -0.00621459
v 0.04859512 0.02803893 -0.00125140
v 0.04859511 0.02803891 0.00125195
v 0.05049518 0.02655650 0.00621513
v 0.04837429 0.02745452 0.00621513
v 0.05023107 0.02599518 0.00864040
v 0.04944980 0.02433468 0.01329398
v 0.04786503 0.02610678 0.01100551
v 0.04578755 0.02680014 -0.01100499
v 0.04815507 0.02687436 -0.00863987
v 0.04601646 0.02758790 -0.00863987
v 0.04618954 0.02818357 -0.00621459
v 0.04852135 0.02784372 -0.00374603
v 0.04630560 0.02858299 -0.00374603
v 0.04636383 0.02878339 -0.00125140
v 0.04636383 0.02878337 0.00125195
v 0.04630558 0.02858293 0.00374659
v 0.04852133 0.02784365 0.00374659
v 0.04815501 0.02687421 0.00864040
v 0.04618951 0.02818346 0.00621513
v 0.04601641 0.02758775 0.00864040
v 0.04750635 0.02515757 0.01329398
v 0.04578750 0.02679994 0.01100551
v 0.04550436 0.02582552 0.01329398
v 0.04516897 0.02467128 0.01548989
v 0.04516905 0.02467156 -0.01548941
v 0.04550443 0.02582576 -0.01329348
v 0.04345616 0.02633444 0.01329398
v 0.01346186 0.02330816 0.01888729
v 0.00141425 0.02311493 0.01912232
v 0.00141426 0.02076458 0.02165310
v 0.00141426 0.02121319 0.02121346
v 0.00141426 0.02222816 0.02014665
v 0.01058720 0.02130117 0.02112487
v 0.00141429 0.01666704 0.02494374
v 0.00141428 0.01787122 0.02409632
v 0.00141427 0.02014714 0.02222911
v 0.00141429 0.01527093 0.02582171
v 0.00900000 0.01220210 0.02740636
v 0.00900000 0.00810430 0.02888460
v 0.00141433 0.00728937 0.02910083
v 0.00141434 0.00562138 0.02946826
v 0.00141435 0.00147191 0.02996408
v 0.00900000 0.00544057 0.02950254
v 0.03340497 0.02498122 0.01661140
v 0.03340497 0.02516012 0.01633917
v 0.03340496 0.02583255 0.01525384
v 0.00141423 0.02645813 0.01414218
v 0.03340496 0.02687135 0.01333906
v 0.03340496 0.02783881 0.01118037
v 0.03340496 0.02822642 0.01016214
v 0.03340496 0.02909124 0.00732800
v 0.00141422 0.02910098 0.00728936
v 0.03340496 0.02980118 0.00344811
v 0.03340496 0.02997044 0.00133136
v 0.03340496 0.03000000 0.00000000
v 0.03340496 0.02987676 -0.00271651
v 0.03340496 0.02962582 -0.00472343
v 0.03340496 0.02920737 -0.00685053
v 0.00141422 0.02915809 -0.00705773
v 0.03340496 0.02872069 -0.00866729
v 0.03340496 0.02822642 -0.01016214
v 0.03340496 0.02729185 -0.01245613
v 0.03340496 0.02687135 -0.01333906
v 0.03340496 0.02536936 -0.01601231
v 0.03340498 0.02442680 -0.01741641
v 0.00141424 0.02504190 -0.01651977
v 0.00141426 0.02076458 -0.02165310
v 0.00937548 0.01866670 -0.02348536
v 0.00141428 0.01813819 -0.02389617
v 0.00141430 0.01289831 -0.02708550
v 0.00141435 0.00295790 -0.02985379
v 0.04037600 0.02695741 0.01290421
v 0.04040160 0.02843364 0.00917618
v 0.04038969 0.02775783 0.01106477
v 0.04259966 0.02826065 0.00895407
v 0.04036082 0.02603592 0.01468728
v 0.03340496 0.02608222 0.01482285
v 0.03808680 0.02700651 0.01302185
v 0.03810604 0.02782049 0.01116762
v 0.03812268 0.02850799 0.00926272
v 0.04041869 0.02940059 0.00528949
v 0.04259958 0.02919264 0.00516183
v 0.04259960 0.02946892 0.00323120
v 0.04042387 0.02968715 0.00331100
v 0.04042669 0.02984107 0.00131591
v 0.04042707 0.02986200 -0.00068657
v 0.04259963 0.02963753 -0.00067004
v 0.03340496 0.02920737 0.00685053
v 0.03813628 0.02906586 0.00731638
v 0.03814669 0.02949147 0.00534071
v 0.03340496 0.02951908 0.00535014
v 0.03815392 0.02978306 0.00334322
v 0.03815783 0.02993973 0.00132873
v 0.03815836 0.02996103 -0.00069327
v 0.04042056 0.02950495 -0.00466959
v 0.04042501 0.02974986 -0.00268514
v 0.04041385 0.02912783 -0.00663397
v 0.04040490 0.02861993 -0.00857351
v 0.04259966 0.02844021 -0.00836604
v 0.04039365 0.02798388 -0.01047592
v 0.04038047 0.02722231 -0.01233160
v 0.04036576 0.02633842 -0.01413319
v 0.04259972 0.02527971 -0.01548476
v 0.04034945 0.02533682 -0.01587295
v 0.03807230 0.02637737 -0.01425978
v 0.03809311 0.02727585 -0.01244479
v 0.03811158 0.02805044 -0.01057377
v 0.03812730 0.02869749 -0.00865472
v 0.03813989 0.02921404 -0.00669774
v 0.03814932 0.02959765 -0.00471491
v 0.03815551 0.02984689 -0.00271130
v 0.04041129 0.02898211 0.00724704
v 0.03806531 0.02606998 0.01481764
v 0.03340496 0.02980118 -0.00344811
v 0.03804927 0.02535964 -0.01601089
v 0.04259906 0.02423316 0.01707642
v 0.04031412 0.02505847 0.01631612
v 0.04259926 0.02527661 0.01549005
v 0.03799624 0.02507614 0.01645504
v 0.04057173 0.02400590 -0.01780755
v 0.03340496 0.02516012 -0.01633917
v 0.03340499 0.02400551 -0.01799269
v 0.03799706 0.02469185 -0.01703067
v 0.03994136 0.02400585 -0.01788698
v 0.04031554 0.02467895 -0.01688934
v 0.04259543 0.02400497 -0.01739645
v 0.04126789 0.02400593 -0.01769279
f 905 908 885
f 985 654 1329
f 51 908 905
f 905 46 51
f 1618 1867 1613
f 1356 1338 1328
f 1863 1902 1864
f 1740 1741 905
f 1734 1741 1740
f 905 1394 1740
f 596 1741 1734
f 596 46 905
f 905 1741 596
f 908 51 597
f 1355 1338 1356
f 593 913 594
f 1729 1728 1727
f 1727 102 1729
f 102 82 1729
f 80 1728 1729
f 1714 69 1724
f 1724 1788 1714
f 70 69 1714
f 73 1724 69
f 1817 1807 1835
f 23 26 24
f 985 585 584
f 985 588 587
f 960 593 594
f 1392 1740 1393
f 1393 1740 1394
f 1393 1880 1392
f 1394 1880 1393
f 1734 1740 1834
f 1834 1835 1807
f 1731 1728 1730
f 1730 1735 1731
f 86 596 1734
f 46 596 86
f 998 1002 1000
f 1825 1764 1765
f 1765 1828 1825
f 1824 1764 1825
f 1894 1902 1893
f 1883 1753 1882
f 1100 1858 1102
f 1400 1863 1864
f 1864 1658 1400
f 1339 654 985
f 650 1339 649
f 913 593 916
f 1 962 3
f 3 4 5
f 908 597 907
f 907 791 908
f 595 960 594
f 783 909 911
f 911 595 594
f 1727 1728 1795
f 1795 1728 1731
f 626 258 606
f 606 1721 626
f 626 1721 1720
f 1715 70 1714
f 249 259 268
f 633 82 80
f 80 1729 633
f 633 1729 82
f 1788 1724 1789
f 1798 1800 1789
f 632 73 102
f 102 73 74
f 75 74 71
f 71 73 69
f 71 74 73
f 1817 1835 1777
f 1835 1834 1777
f 1903 1902 1894
f 1864 1902 1903
f 1906 1918 1919
f 1602 1618 1613
f 1799 1789 1800
f 1788 1789 1799
f 1718 1786 1721
f 1719 244 1718
f 1718 1721 606
f 1784 1722 1713
f 1731 1736 1751
f 1751 1736 1807
f 1737 157 600
f 1737 1736 1731
f 1731 157 1737
f 1915 1911 1914
f 1762 1823 1766
f 1766 1823 1822
f 1766 1822 1820
f 1895 1903 1894
f 1894 1763 1895
f 1801 1800 1810
f 1811 1802 1810
f 1810 1802 1801
f 1823 1824 1810
f 1810 1824 1811
f 940 939 964
f 26 23 971
f 1703 1833 1700
f 19 16 969
f 18 16 19
f 969 22 19
f 19 20 18
f 19 22 20
f 953 968 954
f 17 16 18
f 15 16 17
f 17 14 15
f 985 584 583
f 583 584 446
f 446 448 583
f 586 585 985
f 985 587 586
f 566 629 470
f 567 571 628
f 628 466 577
f 571 466 628
f 985 289 292
f 292 294 985
f 224 231 225
f 947 971 946
f 947 946 178
f 1935 1740 1392
f 1912 1911 1778
f 1807 1736 1739
f 87 598 137
f 1015 1005 1016
f 1016 1004 1015
f 1006 1016 1005
f 1111 1853 1104
f 1109 1853 1111
f 1928 1926 1922
f 1693 1926 1928
f 1856 1857 1097
f 1858 1857 1887
f 1887 1857 1922
f 1922 1926 1885
f 1885 1887 1922
f 1881 1887 1885
f 1756 1881 1885
f 1841 1320 1838
f 1841 1321 1320
f 1841 1840 1315
f 1847 1049 1123
f 1693 1049 1694
f 1694 1926 1693
f 1694 1695 1926
f 1049 1847 1694
f 1048 1695 1694
f 1694 1847 1048
f 1313 1839 1845
f 1836 1832 1754
f 1754 1832 1831
f 1757 1836 1756
f 1700 1833 1757
f 1757 1758 1700
f 1833 1832 1757
f 1832 1836 1757
f 1700 1758 1925
f 1925 1758 1926
f 1700 1042 581
f 1047 1695 1048
f 1695 1045 1696
f 1926 1695 1696
f 1696 1925 1926
f 988 1002 989
f 988 987 1002
f 989 992 991
f 991 992 1055
f 542 421 526
f 1828 1765 1759
f 1760 1761 1759
f 1892 1763 1894
f 1894 1893 1892
f 1764 1763 1892
f 1892 1765 1764
f 1902 1863 1901
f 1901 1893 1902
f 1890 1893 1901
f 1858 1887 1888
f 1888 1881 1883
f 1888 1887 1881
f 1097 1857 1098
f 1858 1100 1098
f 1098 1857 1858
f 1318 1108 1838
f 1692 1853 1109
f 1693 1928 1692
f 1692 1928 1853
f 1320 1321 1692
f 1692 1312 1693
f 1015 1004 1003
f 1029 1033 1031
f 1031 1084 1029
f 1029 1084 1030
f 1212 1213 1211
f 1027 1029 1028
f 1025 1037 1038
f 1038 1027 1025
f 1341 1038 1340
f 1379 1341 1343
f 660 1339 659
f 1418 1394 905
f 1418 1880 1394
f 924 900 923
f 636 1339 641
f 678 650 649
f 924 923 630
f 954 968 977
f 8 12 11
f 917 897 914
f 908 791 798
f 597 909 906
f 906 907 597
f 909 794 906
f 792 907 906
f 886 907 792
f 791 907 886
f 795 909 783
f 795 794 909
f 591 909 597
f 960 595 591
f 591 911 909
f 595 911 591
f 594 913 910
f 910 911 594
f 1798 1797 1809
f 1797 1818 1809
f 1809 1800 1798
f 1809 1819 1820
f 1818 1819 1809
f 1820 1822 1809
f 50 70 605
f 70 1715 605
f 245 121 604
f 249 121 245
f 259 249 245
f 245 244 259
f 257 244 1719
f 259 244 257
f 258 260 257
f 257 260 259
f 1781 1789 1724
f 1727 1795 1781
f 1781 1795 1797
f 1781 1797 1798
f 1798 1789 1781
f 1726 102 1727
f 1726 632 102
f 1724 73 1725
f 73 632 1725
f 632 1726 1725
f 1725 1726 1727
f 1727 1781 1725
f 1725 1781 1724
f 77 82 102
f 102 74 77
f 1917 1869 1867
f 1867 1918 1917
f 1870 1869 1917
f 1778 1911 1910
f 1910 1911 1915
f 1776 1910 1909
f 1906 1919 1904
f 1904 1773 1906
f 1769 1773 1904
f 1904 1919 1920
f 1866 1618 1619
f 1867 1618 1866
f 1866 1918 1867
f 1866 1919 1918
f 1788 1799 1787
f 1786 1718 1787
f 1750 200 1712
f 1783 1782 1722
f 1722 1784 1783
f 1793 1792 1803
f 1803 1792 1802
f 1721 1786 1785
f 1785 1792 1793
f 1790 1785 1786
f 1792 1785 1790
f 1790 1800 1801
f 1790 1799 1800
f 1786 1787 1790
f 1790 1787 1799
f 1797 1795 1796
f 1796 1751 1807
f 1796 1795 1731
f 1731 1751 1796
f 1796 1818 1797
f 1872 1871 1915
f 1915 1914 1872
f 1762 1766 1767
f 1906 1773 1908
f 1769 1766 1768
f 1768 1773 1769
f 1768 1766 1820
f 1820 1819 1768
f 1768 1819 1771
f 1771 1908 1768
f 1768 1908 1773
f 1822 1823 1821
f 1823 1810 1821
f 1821 1810 1800
f 1821 1809 1822
f 1800 1809 1821
f 43 44 967
f 967 628 577
f 567 628 967
f 967 566 565
f 41 42 966
f 40 31 38
f 348 42 354
f 348 31 40
f 354 31 348
f 965 940 964
f 985 1329 637
f 637 394 985
f 637 1329 654
f 654 1339 637
f 18 20 309
f 309 20 311
f 309 17 18
f 946 949 252
f 970 971 23
f 23 22 970
f 970 949 946
f 946 971 970
f 970 22 969
f 969 949 970
f 972 29 30
f 972 965 964
f 945 965 972
f 964 34 972
f 972 34 29
f 26 25 27
f 416 457 417
f 579 417 457
f 407 417 579
f 474 472 564
f 564 562 474
f 412 413 619
f 460 413 412
f 479 408 452
f 232 231 224
f 181 218 232
f 614 173 1709
f 1712 200 611
f 1701 1703 1700
f 1700 581 1701
f 733 311 725
f 733 309 311
f 985 583 582
f 582 583 448
f 436 437 435
f 564 472 473
f 473 563 564
f 629 563 473
f 472 474 487
f 464 406 465
f 406 407 465
f 568 571 567
f 568 570 571
f 567 967 568
f 568 967 570
f 468 469 571
f 571 570 468
f 565 566 468
f 468 566 470
f 470 469 468
f 490 508 509
f 523 424 509
f 509 508 523
f 577 466 576
f 576 466 575
f 576 967 577
f 575 967 576
f 467 466 571
f 571 469 467
f 294 292 293
f 985 294 297
f 971 947 976
f 976 25 26
f 26 971 976
f 30 25 976
f 976 972 30
f 976 947 945
f 945 972 976
f 974 947 178
f 178 224 974
f 216 945 177
f 945 947 177
f 53 591 597
f 960 591 53
f 982 5 4
f 237 224 178
f 237 232 224
f 181 232 237
f 270 266 267
f 268 266 270
f 213 214 288
f 1913 1914 1911
f 1911 1912 1913
f 1740 1935 1780
f 1780 1935 1936
f 1780 1913 1912
f 1778 1777 1779
f 1779 1912 1778
f 1779 1777 1834
f 1779 1780 1912
f 1779 1834 1740
f 1740 1780 1779
f 1732 1834 1807
f 1807 1739 1732
f 1734 1834 1732
f 137 598 1732
f 48 1736 1738
f 48 1739 1736
f 137 1732 48
f 48 1732 1739
f 1742 86 1734
f 1742 87 86
f 598 87 1733
f 1734 1732 1733
f 1733 1732 598
f 1733 1742 1734
f 87 1742 1733
f 155 128 157
f 1007 1005 1009
f 1063 1011 1012
f 1001 1000 1002
f 1123 1049 1125
f 1884 1882 1753
f 1760 1890 1921
f 1921 1761 1760
f 1882 1884 1921
f 1921 1884 1761
f 1109 1111 1110
f 1110 1111 1104
f 1886 1856 1105
f 1922 1857 1886
f 1857 1856 1886
f 1853 1928 1854
f 1104 1853 1854
f 1854 1105 1104
f 1926 1758 1927
f 1927 1885 1926
f 1756 1885 1927
f 1927 1757 1756
f 1758 1757 1927
f 1840 1841 1113
f 1159 1158 1113
f 1113 1841 1838
f 1693 1308 1307
f 1307 1306 1693
f 1039 1049 1693
f 1693 1306 1039
f 1039 1125 1049
f 1309 1308 1693
f 1693 1310 1309
f 1693 1312 1311
f 1311 1310 1693
f 1116 1310 1311
f 1754 1753 1755
f 1755 1836 1754
f 1755 1753 1883
f 1883 1881 1755
f 1755 1881 1756
f 1756 1836 1755
f 1851 1042 1136
f 1851 581 1042
f 1041 1042 1700
f 1700 1040 1041
f 1136 1042 1041
f 1041 1040 1136
f 1139 1040 1852
f 1136 1040 1139
f 1139 1141 1136
f 1046 1045 1695
f 1695 1047 1046
f 1046 1128 1045
f 1700 1925 1697
f 1925 1696 1697
f 1697 1040 1700
f 1852 1040 1697
f 1697 1043 1852
f 1697 1696 1044
f 1044 1043 1697
f 1848 1696 1045
f 1044 1696 1848
f 452 408 453
f 548 533 547
f 547 437 548
f 548 437 436
f 499 515 516
f 501 499 516
f 1057 988 989
f 989 990 1057
f 987 988 1057
f 1130 1046 1047
f 1128 1046 1130
f 1131 1047 1048
f 1131 1130 1047
f 1235 1181 1260
f 1044 1848 1849
f 1056 990 989
f 989 991 1056
f 1056 991 1055
f 1056 1057 990
f 996 994 992
f 985 997 996
f 996 997 1050
f 986 997 985
f 985 582 986
f 543 526 421
f 527 526 543
f 1891 1893 1890
f 1891 1892 1893
f 1891 1890 1760
f 1765 1892 1891
f 1760 1759 1891
f 1891 1759 1765
f 1103 1860 1861
f 1859 1103 1102
f 1102 1858 1859
f 1858 1888 1859
f 1093 1861 1897
f 1897 1861 1860
f 1099 1100 1102
f 1099 1098 1100
f 1317 1325 1109
f 1109 1108 1317
f 1317 1692 1325
f 1221 1189 1190
f 1190 1189 1159
f 1320 1692 1319
f 1319 1692 1318
f 1838 1320 1319
f 1319 1318 1838
f 1315 1692 1322
f 1322 1692 1321
f 1322 1841 1315
f 1321 1841 1322
f 1842 1692 1315
f 1315 1840 1842
f 1312 1692 1314
f 1314 1692 1313
f 1314 1313 1845
f 1014 1024 1015
f 1015 1003 1014
f 1014 1003 1073
f 1073 1024 1014
f 1211 1213 1197
f 1863 1400 1088
f 1088 1089 1863
f 1862 1901 1863
f 1863 1089 1862
f 1080 1037 1025
f 1080 1294 1037
f 1209 1267 1212
f 1865 1628 1658
f 1865 1903 1920
f 1865 1658 1864
f 1864 1903 1865
f 1658 1628 1626
f 751 662 756
f 649 1339 648
f 648 778 649
f 662 1339 661
f 1339 660 661
f 661 756 662
f 661 660 755
f 755 756 661
f 656 1339 655
f 656 657 1339
f 659 1339 658
f 1339 657 658
f 655 1339 749
f 749 758 655
f 1407 1339 1338
f 1407 749 1339
f 1338 1355 1408
f 1408 1407 1338
f 649 778 780
f 780 678 649
f 636 641 642
f 902 928 903
f 962 630 592
f 593 960 592
f 592 960 962
f 914 915 592
f 592 917 914
f 592 916 593
f 592 915 916
f 927 630 928
f 926 630 927
f 928 902 927
f 927 902 926
f 903 928 929
f 928 630 929
f 924 630 925
f 925 630 926
f 926 902 925
f 925 900 924
f 925 902 900
f 890 915 896
f 896 915 914
f 962 1 2
f 1 747 2
f 2 630 962
f 2 747 630
f 933 747 903
f 3 5 744
f 10 977 12
f 10 12 8
f 735 736 8
f 13 11 12
f 12 977 13
f 15 14 13
f 14 11 13
f 13 968 15
f 13 977 968
f 7 6 9
f 7 10 8
f 9 10 7
f 703 709 702
f 709 708 702
f 726 733 725
f 717 708 709
f 919 630 920
f 919 592 630
f 917 592 919
f 797 885 908
f 908 798 797
f 655 758 748
f 838 840 856
f 243 260 258
f 243 269 260
f 258 626 243
f 243 626 1720
f 623 607 1713
f 604 121 122
f 50 605 122
f 122 605 1715
f 122 1715 1714
f 603 604 1716
f 1716 245 603
f 603 245 604
f 1719 1718 631
f 631 257 1719
f 631 1718 606
f 606 258 631
f 258 257 631
f 278 275 277
f 107 70 50
f 50 122 107
f 107 122 121
f 80 82 81
f 78 77 74
f 61 63 64
f 1601 1602 1603
f 1570 1872 1395
f 1871 1872 1570
f 1571 1579 1870
f 1571 1572 1579
f 1870 1871 1571
f 1871 1570 1571
f 1571 1570 1572
f 1582 1590 1598
f 1606 1604 1605
f 1579 1572 1580
f 1589 1582 1598
f 1607 1589 1598
f 1599 1589 1607
f 1605 1599 1607
f 1607 1606 1605
f 1870 1917 1916
f 1916 1917 1909
f 1915 1871 1916
f 1916 1871 1870
f 1916 1910 1915
f 1909 1910 1916
f 1774 1819 1817
f 1771 1819 1774
f 1817 1777 1774
f 1717 1787 1718
f 1714 1788 1717
f 1788 1787 1717
f 1717 122 1714
f 1717 1718 244
f 1716 604 1717
f 604 122 1717
f 1717 245 1716
f 244 245 1717
f 202 1750 1711
f 200 1750 202
f 202 201 200
f 1711 1750 1710
f 1709 173 1710
f 1791 1783 1784
f 1791 1785 1793
f 1791 1784 1721
f 1721 1785 1791
f 1811 1824 1826
f 1826 1824 1825
f 1826 1802 1811
f 1826 1803 1802
f 1825 1828 1826
f 1818 1796 1808
f 1817 1819 1808
f 1808 1819 1818
f 1808 1807 1817
f 1808 1796 1807
f 1924 1873 1914
f 1914 1913 1924
f 1770 1766 1769
f 1770 1767 1766
f 1769 1904 1770
f 1762 1767 1896
f 1896 1764 1762
f 1896 1763 1764
f 1896 1895 1763
f 1896 1767 1895
f 1905 1904 1920
f 1895 1767 1905
f 1905 1770 1904
f 1767 1770 1905
f 1920 1903 1905
f 1903 1895 1905
f 1906 1908 1907
f 1909 1917 1907
f 1907 1918 1906
f 1907 1917 1918
f 1772 1908 1771
f 1771 1774 1772
f 1772 1774 1776
f 1772 1776 1909
f 1909 1907 1772
f 1772 1907 1908
f 574 967 575
f 574 466 43
f 575 466 574
f 569 967 565
f 570 967 569
f 565 468 569
f 569 468 570
f 561 406 464
f 37 45 41
f 41 966 37
f 44 45 37
f 37 967 44
f 37 966 967
f 939 940 941
f 941 966 939
f 975 966 42
f 939 966 975
f 975 38 939
f 39 348 40
f 42 348 39
f 39 975 42
f 40 38 39
f 38 975 39
f 173 614 198
f 198 614 1709
f 418 453 408
f 454 453 418
f 409 617 408
f 409 479 451
f 408 479 409
f 405 403 985
f 667 637 1339
f 950 949 255
f 950 252 949
f 178 946 233
f 946 252 233
f 32 34 964
f 32 38 31
f 964 939 32
f 939 38 32
f 355 31 354
f 985 399 400
f 635 399 985
f 985 403 635
f 403 405 392
f 382 383 24
f 382 27 383
f 476 474 562
f 476 561 464
f 562 561 476
f 414 413 460
f 460 459 414
f 414 459 458
f 458 415 414
f 411 412 619
f 461 482 460
f 460 412 461
f 211 218 212
f 212 218 181
f 1703 1746 1704
f 1833 1703 1704
f 1746 616 1704
f 1712 611 1723
f 1723 1750 1712
f 173 198 226
f 236 218 211
f 211 200 236
f 200 201 236
f 969 951 948
f 948 949 969
f 255 949 948
f 951 952 948
f 969 16 984
f 984 951 969
f 984 16 15
f 15 968 984
f 968 953 984
f 953 951 984
f 719 720 727
f 727 726 719
f 727 720 728
f 736 735 728
f 728 735 727
f 729 728 720
f 17 309 696
f 309 733 696
f 590 435 589
f 589 588 985
f 985 590 589
f 470 629 471
f 629 473 471
f 471 469 470
f 488 469 471
f 471 473 472
f 472 487 471
f 471 487 488
f 426 300 427
f 501 502 483
f 407 579 578
f 578 465 407
f 489 469 488
f 489 508 490
f 489 467 469
f 490 467 489
f 299 301 985
f 985 297 299
f 299 297 296
f 225 177 973
f 224 225 973
f 973 974 224
f 947 974 973
f 973 177 947
f 954 977 955
f 955 162 954
f 983 982 4
f 983 4 3
f 3 962 983
f 962 960 983
f 960 959 983
f 279 275 278
f 279 284 273
f 273 284 283
f 283 952 273
f 282 284 287
f 287 279 278
f 284 279 287
f 281 214 220
f 281 288 214
f 220 214 180
f 180 214 181
f 181 237 180
f 251 279 273
f 275 279 251
f 271 266 268
f 268 259 271
f 259 260 271
f 260 269 271
f 266 271 265
f 285 63 61
f 278 277 285
f 285 277 63
f 1699 1932 1934
f 1934 1933 1699
f 1932 1924 1934
f 1934 1924 1913
f 1936 1929 1934
f 1934 1780 1936
f 1913 1780 1934
f 599 48 1738
f 1738 1736 599
f 1736 1737 599
f 601 1730 602
f 1013 1012 1011
f 1002 987 1058
f 1058 1001 1002
f 987 1057 1058
f 1000 1001 1059
f 1001 1058 1059
f 1121 1131 1122
f 1122 1847 1123
f 1048 1847 1122
f 1122 1131 1048
f 1123 1125 1124
f 1306 1307 1126
f 1752 1759 1761
f 1761 1884 1752
f 1829 1828 1752
f 1828 1759 1752
f 1752 1831 1829
f 1754 1831 1752
f 1752 1753 1754
f 1752 1884 1753
f 1855 1854 1928
f 1855 1928 1922
f 1922 1886 1855
f 1855 1886 1105
f 1105 1854 1855
f 1105 1856 1106
f 1106 1856 1097
f 1164 1165 1192
f 1192 1165 1249
f 1112 1839 1840
f 1840 1113 1112
f 1112 1113 1158
f 1158 1157 1112
f 1278 1220 1277
f 1277 1220 1221
f 1188 1158 1159
f 1159 1189 1188
f 1188 1157 1158
f 1188 1221 1222
f 1188 1189 1221
f 1844 1310 1116
f 1844 1309 1310
f 420 581 580
f 492 454 455
f 542 526 524
f 1136 1141 1134
f 1134 1851 1136
f 588 589 438
f 438 435 437
f 438 589 435
f 544 529 527
f 527 543 544
f 446 584 445
f 445 584 585
f 547 533 532
f 501 516 517
f 517 502 501
f 517 532 533
f 516 532 517
f 1236 1238 1237
f 1129 1121 1148
f 1128 1130 1129
f 1129 1131 1121
f 1130 1131 1129
f 1182 1260 1261
f 1261 1260 1181
f 1261 1181 1148
f 1180 1235 1237
f 1180 1181 1235
f 1148 1181 1180
f 1180 1147 1148
f 1132 1043 1044
f 1044 1849 1132
f 1133 1849 1848
f 1045 1128 1133
f 1133 1848 1045
f 1238 1236 1288
f 1288 1058 1057
f 1056 1289 1304
f 1238 1288 1304
f 1057 1056 1304
f 1304 1288 1057
f 992 994 993
f 1241 1262 1242
f 1242 1240 1241
f 1292 1052 1050
f 447 448 446
f 447 543 421
f 447 1292 1050
f 421 1292 447
f 1050 997 447
f 997 986 447
f 1103 1861 1092
f 1170 1169 1092
f 1092 1861 1093
f 1889 1860 1103
f 1103 1859 1889
f 1889 1859 1888
f 1883 1882 1889
f 1889 1888 1883
f 1898 1897 1860
f 1860 1889 1898
f 1882 1921 1898
f 1898 1889 1882
f 1093 1897 1095
f 1031 1033 1032
f 1032 1084 1031
f 1318 1692 1837
f 1692 1317 1837
f 1108 1318 1837
f 1837 1317 1108
f 1109 1110 1107
f 1160 1190 1159
f 1159 1113 1160
f 1325 1692 1324
f 1692 1323 1324
f 1109 1325 1324
f 1324 1323 1109
f 1313 1692 1316
f 1692 1842 1316
f 1839 1313 1316
f 1840 1839 1316
f 1316 1842 1840
f 1020 1024 1022
f 1074 1024 1073
f 1103 1092 1168
f 1168 1092 1169
f 1901 1862 1899
f 1897 1898 1899
f 1890 1901 1899
f 1899 1921 1890
f 1899 1898 1921
f 1202 1173 1203
f 1211 1197 1210
f 1210 1212 1211
f 1210 1209 1212
f 1267 1209 1266
f 1027 1081 1026
f 1026 1081 1080
f 1025 1027 1026
f 1026 1080 1025
f 1379 1346 1347
f 1653 1348 1347
f 1628 1865 1627
f 1627 1626 1628
f 1625 1602 1601
f 1626 1625 1659
f 1659 1660 1650
f 1659 1625 1660
f 764 660 659
f 755 660 764
f 1339 646 647
f 647 648 1339
f 643 1339 662
f 643 644 1339
f 645 646 1339
f 1339 644 645
f 659 658 754
f 754 764 659
f 763 764 754
f 762 763 754
f 758 749 750
f 1454 1417 884
f 803 1408 1427
f 1427 830 803
f 1432 830 1427
f 866 1439 1445
f 850 1439 866
f 850 830 1432
f 1432 1439 850
f 1446 1445 1439
f 714 724 723
f 740 744 739
f 868 853 869
f 868 851 853
f 918 934 900
f 918 892 920
f 922 630 923
f 922 934 630
f 922 923 900
f 900 934 922
f 779 780 778
f 779 777 757
f 778 777 779
f 805 777 775
f 757 777 805
f 663 642 641
f 903 929 930
f 930 929 630
f 890 896 891
f 914 897 891
f 891 896 914
f 630 747 904
f 904 933 630
f 747 933 904
f 745 744 5
f 739 744 745
f 5 6 745
f 8 11 697
f 697 735 8
f 697 11 14
f 736 6 698
f 6 7 698
f 8 736 698
f 698 7 8
f 727 735 734
f 734 726 727
f 733 726 734
f 734 696 733
f 917 919 899
f 920 892 899
f 899 919 920
f 872 838 856
f 837 838 872
f 803 814 804
f 804 748 758
f 758 750 804
f 804 1408 803
f 1407 1408 804
f 796 797 798
f 796 798 791
f 791 882 796
f 885 797 796
f 796 882 885
f 830 850 849
f 792 906 793
f 793 906 794
f 879 793 794
f 792 793 879
f 880 864 847
f 880 879 864
f 847 849 880
f 753 761 762
f 753 658 657
f 762 754 753
f 753 754 658
f 657 656 752
f 752 753 657
f 761 753 752
f 644 643 767
f 890 790 895
f 895 790 894
f 895 894 916
f 895 915 890
f 916 915 895
f 217 200 211
f 269 243 242
f 242 243 1720
f 1720 1721 242
f 1721 1784 242
f 1784 1745 242
f 276 277 275
f 108 107 100
f 75 71 108
f 109 64 110
f 247 249 268
f 268 270 247
f 247 248 100
f 100 107 101
f 249 247 101
f 101 247 100
f 82 77 83
f 83 81 82
f 110 118 120
f 120 109 110
f 92 64 66
f 110 64 92
f 92 118 110
f 104 85 84
f 1614 1602 1613
f 1614 1603 1602
f 1604 1606 1624
f 1582 1589 1573
f 1586 1585 1869
f 1586 1580 1585
f 1586 1869 1870
f 1870 1579 1586
f 1579 1580 1586
f 1585 1580 1587
f 1587 1614 1585
f 1603 1614 1587
f 1600 1599 1605
f 1600 1587 1580
f 1603 1587 1600
f 1605 1604 1600
f 1604 1603 1600
f 1581 1589 1599
f 1581 1580 1572
f 1572 1573 1581
f 1581 1573 1589
f 1775 1774 1777
f 1776 1774 1775
f 1775 1777 1778
f 1778 1910 1775
f 1910 1776 1775
f 1392 1880 1420
f 1936 1935 1389
f 1709 1710 1708
f 1706 1707 1708
f 1794 1791 1793
f 1783 1791 1794
f 1782 1783 1794
f 1750 1723 1804
f 1804 1723 1782
f 1782 1794 1804
f 1803 1826 1812
f 1793 1803 1812
f 1812 1794 1793
f 1814 1804 1812
f 1812 1804 1794
f 1749 1932 1699
f 1749 1874 1932
f 1749 1527 1874
f 573 574 43
f 967 574 573
f 619 941 620
f 617 409 620
f 620 409 410
f 620 411 619
f 410 411 620
f 967 966 622
f 966 941 622
f 622 407 406
f 406 561 622
f 622 561 562
f 622 562 564
f 564 563 622
f 622 563 629
f 629 566 622
f 566 967 622
f 1705 1704 197
f 454 418 419
f 455 454 419
f 420 580 419
f 419 580 455
f 289 291 431
f 431 292 289
f 431 293 292
f 290 291 289
f 290 289 985
f 354 42 353
f 366 431 291
f 490 509 373
f 21 23 24
f 24 310 21
f 21 310 20
f 21 22 23
f 20 22 21
f 24 383 312
f 312 310 24
f 311 20 312
f 20 310 312
f 708 717 315
f 315 318 708
f 404 394 320
f 985 394 404
f 404 405 985
f 665 1339 636
f 665 667 1339
f 636 666 665
f 240 233 252
f 240 237 178
f 178 233 240
f 33 32 31
f 375 358 376
f 375 355 354
f 376 355 375
f 345 358 375
f 313 387 316
f 316 315 313
f 316 317 318
f 318 315 316
f 325 635 403
f 403 392 325
f 324 404 320
f 405 404 324
f 26 27 28
f 27 382 28
f 386 379 387
f 386 387 313
f 313 312 386
f 386 312 383
f 506 487 486
f 486 487 474
f 486 518 506
f 412 411 462
f 462 461 412
f 482 461 462
f 527 529 528
f 527 528 512
f 512 528 496
f 512 526 527
f 512 524 526
f 452 453 480
f 480 453 454
f 454 492 480
f 499 482 498
f 498 515 499
f 205 238 239
f 211 212 210
f 238 205 210
f 219 212 181
f 181 214 219
f 219 214 213
f 213 172 219
f 172 212 219
f 255 948 256
f 256 948 952
f 256 283 255
f 952 283 256
f 720 719 711
f 710 709 703
f 710 711 719
f 718 719 726
f 718 717 709
f 709 710 718
f 718 710 719
f 718 726 725
f 725 717 718
f 721 729 720
f 720 711 721
f 538 539 520
f 540 539 538
f 520 536 538
f 296 429 428
f 549 548 436
f 551 425 426
f 551 538 536
f 303 300 426
f 426 425 303
f 301 300 303
f 456 483 457
f 458 483 456
f 456 415 458
f 456 457 416
f 416 415 456
f 458 459 500
f 500 483 458
f 501 483 500
f 500 499 501
f 500 482 499
f 500 459 460
f 460 482 500
f 484 578 579
f 484 579 457
f 294 293 295
f 295 297 294
f 293 430 295
f 295 430 429
f 296 297 295
f 295 429 296
f 298 299 296
f 296 428 298
f 298 428 427
f 298 427 300
f 298 300 301
f 301 299 298
f 488 487 507
f 507 487 506
f 507 506 520
f 520 539 507
f 522 540 541
f 522 539 540
f 522 541 523
f 523 508 522
f 147 97 96
f 146 97 147
f 147 126 146
f 66 97 146
f 146 92 66
f 956 959 960
f 46 86 47
f 161 140 160
f 137 48 138
f 138 87 137
f 161 91 90
f 90 140 161
f 142 91 161
f 161 132 142
f 142 132 133
f 133 143 142
f 144 955 56
f 162 955 144
f 963 955 977
f 963 10 9
f 977 10 963
f 254 284 282
f 254 283 284
f 254 950 255
f 255 283 254
f 282 287 280
f 280 281 282
f 288 281 280
f 280 287 267
f 274 951 953
f 274 952 951
f 273 952 274
f 274 251 273
f 264 271 269
f 239 265 264
f 264 265 271
f 263 265 239
f 250 285 61
f 250 247 270
f 286 270 267
f 278 285 286
f 286 250 270
f 285 250 286
f 286 287 278
f 267 287 286
f 1933 1934 1698
f 1698 1934 1929
f 1698 1383 1933
f 157 128 127
f 128 599 127
f 600 157 127
f 127 1737 600
f 127 599 1737
f 131 129 154
f 154 129 128
f 128 155 154
f 124 113 125
f 125 154 124
f 156 155 157
f 1731 1735 156
f 156 157 1731
f 1735 1730 156
f 1730 601 156
f 1009 1011 1010
f 1009 1010 1067
f 1067 1010 1068
f 1005 1007 1299
f 1007 1008 1299
f 1299 1006 1005
f 999 1013 998
f 998 1000 999
f 1000 1059 999
f 999 1059 1060
f 1063 1012 1064
f 1012 1013 1062
f 1062 1064 1012
f 1062 999 1060
f 1013 999 1062
f 1285 1233 1286
f 1235 1260 1287
f 1237 1235 1287
f 1287 1236 1237
f 1123 1124 1150
f 1150 1122 1123
f 1150 1151 1121
f 1121 1122 1150
f 1182 1151 1152
f 1151 1150 1152
f 1152 1150 1124
f 1153 1155 1183
f 1843 1126 1307
f 1843 1307 1308
f 1308 1309 1843
f 1309 1844 1843
f 1163 1106 1165
f 1165 1164 1163
f 1105 1106 1163
f 1104 1105 1163
f 1163 1110 1104
f 1098 1099 1167
f 1097 1098 1167
f 1167 1106 1097
f 1165 1106 1167
f 1218 1252 1251
f 1192 1249 1251
f 1251 1191 1192
f 1252 1191 1251
f 1219 1218 1273
f 1219 1252 1218
f 1839 1112 1118
f 1118 1112 1157
f 1845 1839 1118
f 1157 1186 1118
f 1072 1003 1004
f 1004 1071 1072
f 1073 1003 1072
f 1072 1071 1278
f 1221 1190 1255
f 1255 1277 1221
f 1223 1225 1222
f 1222 1221 1223
f 1221 1220 1223
f 1223 1220 1278
f 1278 1279 1223
f 1157 1188 1187
f 1187 1186 1157
f 1222 1225 1187
f 1187 1188 1222
f 1120 1844 1116
f 1120 1186 1156
f 1851 1134 1135
f 581 1851 1135
f 1135 580 581
f 542 524 525
f 511 492 510
f 510 525 511
f 511 525 524
f 511 480 492
f 1141 1139 1137
f 1137 1144 1141
f 1141 1144 1143
f 1143 1134 1141
f 1242 1262 1175
f 1175 1143 1144
f 585 586 443
f 443 445 585
f 443 442 444
f 444 445 443
f 1232 1260 1182
f 1232 1233 1260
f 1232 1286 1233
f 1301 1233 1285
f 1149 1151 1182
f 1182 1261 1149
f 1121 1151 1149
f 1148 1121 1149
f 1149 1261 1148
f 1852 1043 1850
f 1043 1132 1850
f 1850 1139 1852
f 1850 1137 1139
f 1138 1132 1849
f 1849 1146 1138
f 1138 1850 1132
f 1137 1850 1138
f 1145 1144 1138
f 1144 1137 1138
f 1237 1238 1239
f 1239 1180 1237
f 1238 1240 1239
f 1147 1180 1178
f 1145 1138 1178
f 1178 1138 1146
f 1849 1133 1127
f 1127 1146 1849
f 1127 1133 1128
f 1147 1178 1127
f 1127 1178 1146
f 1128 1129 1127
f 1148 1147 1127
f 1127 1129 1148
f 1177 1144 1145
f 1055 992 1054
f 992 993 1054
f 1054 1056 1055
f 1054 1289 1056
f 1054 993 1053
f 995 1052 1053
f 995 993 994
f 1053 993 995
f 994 996 995
f 995 996 1050
f 1050 1052 995
f 1289 1054 1291
f 1291 1054 1053
f 1262 1241 1243
f 1241 1291 1243
f 1290 1241 1240
f 1290 1240 1238
f 1289 1291 1290
f 1290 1291 1241
f 1238 1304 1290
f 1290 1304 1289
f 1262 1243 1263
f 542 525 1263
f 448 447 1051
f 1051 447 986
f 1051 582 448
f 1051 986 582
f 422 447 446
f 543 447 422
f 446 445 422
f 422 445 444
f 444 544 422
f 422 544 543
f 1079 1036 1017
f 1087 1034 1079
f 1033 1036 1035
f 1035 1034 1033
f 1035 1079 1034
f 1036 1079 1035
f 1019 1017 1020
f 1021 1019 1020
f 1077 1019 1021
f 1033 1034 1085
f 1085 1032 1033
f 1084 1032 1085
f 1086 1034 1087
f 1086 1085 1034
f 1245 1197 1213
f 1245 1169 1170
f 1170 1197 1245
f 1114 1113 1838
f 1114 1160 1113
f 1838 1108 1114
f 1114 1108 1109
f 1109 1107 1114
f 1109 1327 1743
f 1326 1323 1692
f 1109 1323 1326
f 1326 1327 1109
f 1089 1088 1140
f 1140 1657 1173
f 1140 1088 1400
f 1400 1657 1140
f 1900 1862 1096
f 1900 1899 1862
f 1096 1095 1900
f 1900 1095 1897
f 1897 1899 1900
f 1096 1862 1090
f 1090 1862 1089
f 1201 1202 1208
f 1208 1205 1207
f 1207 1209 1208
f 1209 1210 1208
f 1084 1267 1082
f 1267 1266 1082
f 1030 1084 1082
f 1082 1029 1030
f 1028 1029 1082
f 1265 1209 1207
f 1265 1266 1209
f 1081 1082 1265
f 1265 1082 1266
f 1207 1205 1265
f 1205 1264 1265
f 1080 1081 1265
f 1265 1264 1080
f 1655 1624 1647
f 1655 1648 1660
f 1604 1624 1655
f 1626 1659 1651
f 1650 1642 1651
f 1651 1659 1650
f 1402 1651 1642
f 1203 1173 1402
f 1402 1204 1203
f 1635 1204 1402
f 1382 1038 1037
f 1037 1294 1382
f 1649 1642 1650
f 1650 1660 1649
f 1660 1648 1649
f 1380 1341 1340
f 1923 1627 1865
f 1919 1866 1923
f 1923 1866 1619
f 1619 1627 1923
f 1920 1919 1923
f 1923 1865 1920
f 1626 1627 1620
f 1620 1625 1626
f 1620 1627 1619
f 1602 1625 1620
f 1619 1618 1620
f 1618 1602 1620
f 787 910 788
f 839 823 840
f 840 838 839
f 811 822 839
f 839 822 823
f 776 777 778
f 778 648 776
f 648 647 776
f 775 777 776
f 749 1407 1406
f 1406 750 749
f 1407 804 1406
f 1406 804 750
f 1454 884 883
f 883 1445 1454
f 866 1445 883
f 883 882 866
f 885 882 883
f 883 884 885
f 885 884 802
f 802 884 801
f 905 885 802
f 802 801 905
f 799 1417 1418
f 799 884 1417
f 799 1418 905
f 1432 1427 1428
f 853 851 852
f 815 831 724
f 816 831 815
f 757 805 815
f 815 805 816
f 833 851 781
f 781 831 833
f 833 831 816
f 833 852 851
f 816 832 833
f 832 852 833
f 650 678 677
f 731 740 739
f 744 740 743
f 743 747 1
f 743 1 3
f 3 744 743
f 893 918 900
f 892 918 893
f 869 892 893
f 893 868 869
f 781 851 867
f 851 868 867
f 921 918 920
f 934 918 921
f 920 630 921
f 630 934 921
f 757 680 679
f 679 779 757
f 817 832 816
f 816 805 817
f 817 805 775
f 642 663 664
f 636 642 664
f 663 688 664
f 703 702 664
f 664 688 703
f 640 641 1339
f 1339 639 640
f 1339 653 638
f 638 639 1339
f 1339 650 651
f 651 652 1339
f 650 677 651
f 675 683 651
f 651 683 652
f 903 930 931
f 931 930 630
f 728 729 738
f 736 728 738
f 735 697 746
f 746 734 735
f 746 697 14
f 696 734 746
f 14 17 746
f 17 696 746
f 897 917 898
f 917 899 898
f 898 891 897
f 871 891 898
f 898 899 892
f 871 872 873
f 890 891 873
f 873 891 871
f 873 872 856
f 847 864 863
f 863 829 847
f 846 829 863
f 863 845 846
f 762 761 813
f 879 880 881
f 881 886 792
f 792 879 881
f 791 886 881
f 881 882 791
f 865 880 849
f 866 882 865
f 882 881 865
f 865 881 880
f 865 850 866
f 865 849 850
f 814 829 828
f 828 813 761
f 828 829 846
f 846 813 828
f 848 849 847
f 847 829 848
f 848 829 814
f 830 849 848
f 848 814 803
f 803 830 848
f 759 752 656
f 759 656 655
f 761 752 759
f 814 828 759
f 759 828 761
f 856 840 857
f 857 858 875
f 874 875 790
f 874 873 856
f 856 857 874
f 874 857 875
f 874 790 890
f 890 873 874
f 789 910 913
f 788 910 789
f 894 790 912
f 790 875 912
f 913 916 912
f 916 894 912
f 200 217 209
f 209 611 200
f 1782 1723 209
f 209 1723 611
f 63 277 65
f 277 276 65
f 65 64 63
f 66 64 65
f 65 276 66
f 72 108 71
f 107 108 72
f 70 107 72
f 69 70 72
f 72 71 69
f 61 64 62
f 64 109 62
f 62 109 99
f 99 98 62
f 67 98 99
f 100 248 67
f 67 108 100
f 99 108 67
f 49 107 121
f 49 101 107
f 49 121 249
f 249 101 49
f 75 120 79
f 79 120 78
f 79 74 75
f 79 78 74
f 119 120 75
f 75 108 119
f 119 108 99
f 99 109 119
f 109 120 119
f 77 78 103
f 103 83 77
f 103 104 84
f 105 104 118
f 85 104 105
f 118 92 105
f 106 120 118
f 118 104 106
f 78 120 106
f 106 103 78
f 104 103 106
f 1585 1614 1868
f 1867 1869 1868
f 1869 1585 1868
f 1613 1867 1868
f 1868 1614 1613
f 1378 1346 1379
f 1622 1639 1343
f 1640 1647 1646
f 1646 1639 1640
f 1930 1924 1932
f 1873 1924 1930
f 1572 1570 1569
f 1569 1573 1572
f 1569 1570 1395
f 1395 1872 1396
f 1396 1872 1914
f 1608 1607 1598
f 1598 1609 1608
f 1608 1610 1623
f 1608 1609 1610
f 1599 1600 1588
f 1588 1600 1580
f 1588 1581 1599
f 1580 1581 1588
f 1425 1389 1423
f 1474 1491 1671
f 1699 1933 1671
f 201 202 609
f 609 234 201
f 610 234 609
f 1711 610 609
f 609 202 1711
f 173 226 612
f 612 1710 173
f 1705 1706 1830
f 1830 1704 1705
f 1830 1832 1833
f 1833 1704 1830
f 1806 1804 1814
f 1748 198 1709
f 1709 1708 1748
f 1813 1826 1828
f 1813 1812 1826
f 1813 1828 1829
f 1829 1827 1813
f 1813 1827 1814
f 1814 1812 1813
f 1680 1509 1397
f 1679 1509 1680
f 1680 1749 1679
f 1683 1682 1397
f 1684 1749 1683
f 1683 1749 1682
f 1688 1527 1687
f 1687 1749 1688
f 43 967 572
f 572 573 43
f 967 573 572
f 621 622 941
f 621 415 416
f 416 417 621
f 621 417 407
f 407 622 621
f 216 177 182
f 182 225 231
f 182 177 225
f 222 182 231
f 942 941 940
f 942 191 941
f 189 620 941
f 941 191 189
f 617 620 189
f 985 395 396
f 396 290 985
f 291 290 367
f 367 366 291
f 290 396 367
f 352 45 44
f 44 353 352
f 41 45 352
f 352 42 41
f 352 353 42
f 364 358 345
f 431 366 560
f 477 430 560
f 293 431 560
f 560 430 293
f 304 467 490
f 466 467 304
f 353 373 374
f 345 375 374
f 354 353 374
f 374 375 354
f 313 315 314
f 311 312 314
f 314 312 313
f 725 311 314
f 314 717 725
f 314 315 717
f 394 637 322
f 637 695 322
f 637 667 693
f 693 695 637
f 179 180 237
f 237 240 179
f 220 180 179
f 31 355 350
f 350 33 31
f 388 355 376
f 397 396 395
f 399 326 327
f 327 400 399
f 400 327 328
f 399 635 381
f 635 325 381
f 381 326 399
f 370 371 317
f 370 316 387
f 317 316 370
f 371 370 380
f 392 371 380
f 393 392 405
f 405 324 393
f 351 382 24
f 351 28 382
f 24 26 351
f 26 28 351
f 474 476 475
f 475 486 474
f 475 476 464
f 464 486 475
f 482 462 497
f 497 498 482
f 494 479 452
f 452 480 494
f 451 479 494
f 493 512 496
f 496 494 493
f 493 494 480
f 480 511 493
f 524 512 493
f 493 511 524
f 496 528 513
f 498 497 513
f 625 1745 624
f 624 1745 1784
f 607 623 624
f 1713 607 624
f 624 1784 1713
f 171 210 212
f 171 212 172
f 203 209 217
f 203 217 211
f 211 210 203
f 668 640 639
f 730 731 739
f 723 731 730
f 540 538 552
f 538 551 552
f 426 427 552
f 552 551 426
f 553 428 429
f 533 548 535
f 548 549 535
f 549 550 535
f 537 550 536
f 537 536 520
f 520 506 537
f 506 518 537
f 558 550 549
f 425 551 558
f 536 550 558
f 558 551 536
f 301 303 302
f 985 301 302
f 302 590 985
f 433 303 425
f 590 302 433
f 433 302 303
f 504 518 505
f 505 486 464
f 518 486 505
f 477 423 555
f 555 430 477
f 429 430 555
f 555 553 429
f 521 507 539
f 539 522 521
f 488 507 521
f 521 522 508
f 521 489 488
f 508 489 521
f 93 276 275
f 275 251 93
f 116 148 151
f 152 151 150
f 150 151 148
f 136 134 150
f 116 85 117
f 117 148 116
f 92 146 117
f 126 148 117
f 117 146 126
f 117 105 92
f 85 105 117
f 147 96 167
f 167 164 147
f 167 96 59
f 60 167 59
f 164 167 60
f 162 144 145
f 145 144 143
f 958 959 957
f 959 956 957
f 89 140 55
f 55 957 956
f 958 957 55
f 140 90 55
f 86 87 139
f 139 47 86
f 87 138 139
f 89 47 139
f 139 138 89
f 960 53 961
f 961 956 960
f 88 47 89
f 89 55 88
f 88 55 956
f 76 51 46
f 46 47 76
f 76 597 51
f 76 53 597
f 76 961 53
f 130 129 131
f 131 132 130
f 161 160 130
f 130 132 161
f 141 140 89
f 141 160 140
f 89 138 141
f 141 130 160
f 166 134 133
f 133 132 166
f 152 150 166
f 166 150 134
f 166 132 131
f 56 979 57
f 57 979 91
f 57 144 56
f 143 144 57
f 91 142 57
f 57 142 143
f 54 90 91
f 91 979 54
f 54 979 958
f 958 55 54
f 54 55 90
f 955 963 978
f 978 959 958
f 958 979 978
f 56 955 978
f 978 979 56
f 980 963 9
f 9 6 980
f 980 6 5
f 5 982 980
f 282 281 253
f 253 254 282
f 253 281 220
f 220 179 253
f 253 179 240
f 253 240 252
f 252 950 253
f 950 254 253
f 241 263 172
f 288 280 241
f 241 172 213
f 213 288 241
f 170 274 953
f 169 251 170
f 251 274 170
f 68 250 98
f 68 67 248
f 98 67 68
f 248 247 68
f 247 250 68
f 1383 1698 1384
f 1385 1471 1384
f 1929 1385 1384
f 1384 1698 1929
f 111 601 602
f 111 1728 80
f 111 1730 1728
f 602 1730 111
f 123 113 124
f 123 154 155
f 124 154 123
f 155 156 123
f 123 156 601
f 84 85 114
f 114 85 116
f 114 125 113
f 116 151 114
f 114 151 125
f 153 166 131
f 152 166 153
f 131 154 153
f 154 125 153
f 153 151 152
f 125 151 153
f 1068 1010 1065
f 1065 1010 1011
f 1069 1067 1068
f 1069 1299 1008
f 1009 1067 1069
f 1069 1007 1009
f 1069 1008 1007
f 1006 1299 1070
f 1070 1071 1004
f 1278 1071 1070
f 1070 1279 1278
f 1004 1016 1070
f 1016 1006 1070
f 1284 1064 1285
f 1284 1286 1230
f 1285 1286 1284
f 1061 1062 1060
f 1060 1301 1061
f 1061 1301 1285
f 1285 1064 1061
f 1064 1062 1061
f 1230 1286 1258
f 1286 1232 1258
f 1258 1232 1182
f 1234 1287 1260
f 1260 1233 1234
f 1233 1301 1234
f 1303 1059 1058
f 1058 1288 1303
f 1287 1234 1303
f 1303 1288 1236
f 1236 1287 1303
f 1155 1153 1119
f 1126 1843 1119
f 1119 1152 1124
f 1119 1153 1152
f 1117 1311 1312
f 1116 1311 1117
f 1117 1314 1845
f 1312 1314 1117
f 1227 1187 1225
f 1216 1249 1248
f 1162 1164 1192
f 1192 1191 1162
f 1110 1163 1162
f 1162 1163 1164
f 1298 1219 1273
f 1278 1277 1276
f 1276 1072 1278
f 1277 1274 1276
f 1073 1072 1276
f 1276 1274 1073
f 1254 1255 1190
f 1254 1191 1252
f 1254 1162 1191
f 1225 1223 1224
f 510 492 491
f 491 492 455
f 1242 1175 1176
f 1176 1175 1144
f 1144 1177 1176
f 1176 1240 1242
f 1176 1177 1240
f 529 544 545
f 444 442 545
f 545 544 444
f 439 438 437
f 439 437 547
f 441 557 442
f 441 443 586
f 442 443 441
f 441 586 587
f 1180 1239 1179
f 1179 1178 1180
f 1179 1239 1240
f 1240 1177 1179
f 1145 1178 1179
f 1179 1177 1145
f 1052 1292 1305
f 1292 1243 1305
f 1305 1243 1291
f 1053 1052 1305
f 1305 1291 1053
f 1174 1175 1262
f 1262 1263 1174
f 1143 1175 1174
f 1174 525 510
f 1174 1263 525
f 1293 1243 1292
f 1293 1263 1243
f 542 1263 1293
f 1293 421 542
f 1293 1292 421
f 1093 1095 1094
f 1094 1092 1093
f 1170 1092 1094
f 1094 1171 1170
f 1201 1208 1198
f 1198 1208 1210
f 1198 1199 1201
f 1198 1171 1199
f 1198 1210 1197
f 1198 1197 1170
f 1170 1171 1198
f 1078 1079 1017
f 1087 1079 1078
f 1077 1021 1076
f 1076 1021 1020
f 1020 1022 1076
f 1076 1022 1023
f 1272 1076 1273
f 1077 1076 1272
f 1273 1218 1272
f 1218 1217 1272
f 1272 1078 1077
f 1272 1217 1215
f 1218 1251 1250
f 1250 1217 1218
f 1250 1251 1249
f 1250 1249 1216
f 1216 1215 1250
f 1215 1217 1250
f 1268 1214 1213
f 1213 1212 1268
f 1212 1267 1268
f 1297 1086 1087
f 1214 1268 1297
f 1085 1086 1297
f 1214 1297 1270
f 1270 1215 1216
f 1216 1247 1270
f 1196 1245 1213
f 1744 1326 1692
f 1327 1326 1744
f 1744 1743 1327
f 1744 1692 1109
f 1109 1743 1744
f 1096 1090 1172
f 1172 1095 1096
f 1172 1094 1095
f 1199 1171 1172
f 1171 1094 1172
f 1200 1202 1201
f 1201 1199 1200
f 1199 1172 1200
f 1173 1202 1200
f 1244 1204 1635
f 1206 1208 1202
f 1205 1208 1206
f 1206 1202 1203
f 1203 1204 1206
f 1206 1244 1205
f 1204 1244 1206
f 1028 1082 1083
f 1083 1082 1081
f 1083 1027 1028
f 1083 1081 1027
f 1661 1655 1660
f 1661 1625 1601
f 1660 1625 1661
f 1604 1655 1661
f 1601 1603 1661
f 1661 1603 1604
f 1656 1651 1657
f 1656 1400 1658
f 1656 1657 1400
f 1658 1626 1656
f 1626 1651 1656
f 1657 1651 1652
f 1651 1402 1652
f 1173 1657 1652
f 1652 1402 1173
f 1633 1382 1294
f 1633 1244 1635
f 1635 1636 1633
f 1641 1649 1648
f 1641 1647 1640
f 1641 1655 1647
f 1648 1655 1641
f 1401 1636 1635
f 1401 1402 1642
f 1635 1402 1401
f 1642 1649 1401
f 1649 1636 1401
f 1637 1636 1649
f 1649 1641 1637
f 1640 1621 1637
f 1637 1641 1640
f 1640 1639 1629
f 1639 1622 1629
f 1630 1629 1380
f 1630 1621 1640
f 1640 1629 1630
f 910 787 786
f 911 910 786
f 786 785 911
f 751 756 766
f 766 822 811
f 876 858 860
f 875 858 876
f 876 787 788
f 788 789 876
f 876 789 875
f 840 823 842
f 842 857 840
f 858 857 842
f 860 843 861
f 843 845 861
f 784 878 783
f 785 878 784
f 783 911 784
f 911 785 784
f 755 764 765
f 765 764 763
f 841 842 823
f 827 763 762
f 762 813 827
f 843 826 844
f 844 845 843
f 826 827 844
f 846 845 844
f 844 813 846
f 844 827 813
f 783 878 888
f 888 879 794
f 864 879 888
f 801 884 800
f 884 799 800
f 905 801 800
f 800 799 905
f 1409 1427 1408
f 1409 1428 1427
f 1409 1408 1355
f 1409 1356 1357
f 1409 1355 1356
f 1432 1428 1433
f 1433 1439 1432
f 1433 1446 1439
f 1445 1446 1447
f 1454 1445 1447
f 1447 1455 1454
f 1459 1417 1454
f 1454 1455 1459
f 1880 1418 1459
f 1418 1417 1459
f 1459 1420 1880
f 716 815 724
f 716 724 714
f 716 680 757
f 757 815 716
f 715 716 714
f 680 716 715
f 715 679 680
f 677 679 715
f 741 681 781
f 781 867 741
f 741 867 742
f 741 742 740
f 740 731 741
f 731 681 741
f 732 831 781
f 781 681 732
f 724 831 732
f 732 681 731
f 732 723 724
f 732 731 723
f 740 742 901
f 901 743 740
f 747 743 901
f 903 747 901
f 742 867 901
f 779 679 707
f 678 780 707
f 780 779 707
f 707 677 678
f 707 679 677
f 646 645 772
f 645 935 772
f 646 772 773
f 690 702 666
f 690 664 702
f 671 653 1339
f 1339 652 671
f 653 671 684
f 675 651 676
f 676 651 677
f 630 933 932
f 932 931 630
f 932 933 903
f 903 931 932
f 739 745 737
f 737 730 739
f 738 730 737
f 736 738 737
f 737 6 736
f 737 745 6
f 655 748 760
f 760 759 655
f 814 759 760
f 760 804 814
f 748 804 760
f 821 838 837
f 821 839 838
f 811 839 821
f 821 810 811
f 811 810 809
f 751 766 809
f 809 766 811
f 938 809 810
f 751 809 938
f 938 662 751
f 938 643 662
f 875 789 889
f 889 912 875
f 889 789 913
f 913 912 889
f 61 62 246
f 246 62 98
f 246 250 61
f 98 250 246
f 115 103 84
f 84 114 115
f 115 114 113
f 115 113 81
f 81 83 115
f 83 103 115
f 1664 1608 1623
f 1647 1624 1662
f 1349 1347 1348
f 1688 1749 1689
f 1689 1527 1688
f 1689 1518 1527
f 1685 1518 1691
f 1685 1749 1684
f 1685 1691 1749
f 1527 1518 1528
f 1567 1552 1535
f 1549 1396 1914
f 1914 1873 1549
f 1353 1345 1370
f 1350 1345 1404
f 1547 1350 1404
f 1360 1335 1361
f 1351 1345 1350
f 1351 1365 1330
f 1699 1674 1673
f 1678 1749 1699
f 1679 1749 1678
f 1678 1509 1679
f 1423 1389 1390
f 1390 1421 1423
f 1390 1389 1935
f 1440 1447 1446
f 1446 1433 1440
f 1470 1387 1388
f 1389 1425 1388
f 1936 1389 1388
f 1388 1387 1936
f 1933 1383 1669
f 1386 1385 1929
f 1386 1929 1936
f 1936 1387 1386
f 1412 1337 1413
f 1356 1328 1410
f 1328 1359 1410
f 1357 1356 1410
f 1410 1409 1357
f 1428 1409 1410
f 1336 1337 1335
f 1336 1335 1360
f 1413 1337 1414
f 1337 1336 1414
f 235 236 201
f 201 234 235
f 235 610 1711
f 235 234 610
f 1711 1710 235
f 1710 612 235
f 1706 1708 1815
f 1815 1830 1706
f 1708 1806 1815
f 1804 1806 1805
f 1805 1710 1750
f 1750 1804 1805
f 1805 1708 1710
f 1805 1806 1708
f 1816 1831 1832
f 1832 1830 1816
f 1830 1815 1816
f 1816 1815 1806
f 1829 1831 1816
f 1816 1827 1829
f 1814 1827 1816
f 1816 1806 1814
f 1397 1682 1681
f 1681 1680 1397
f 1682 1749 1681
f 1749 1680 1681
f 1686 1687 1527
f 618 941 619
f 618 621 941
f 619 413 618
f 413 414 618
f 618 414 415
f 415 621 618
f 183 945 216
f 183 965 945
f 216 182 184
f 184 183 216
f 231 232 230
f 230 222 231
f 230 232 218
f 218 236 230
f 182 222 215
f 185 184 215
f 215 184 182
f 198 1748 199
f 199 1748 1708
f 191 942 190
f 190 189 191
f 188 189 190
f 617 189 193
f 193 189 188
f 420 419 193
f 193 419 418
f 408 617 193
f 193 418 408
f 365 367 338
f 366 367 365
f 347 44 43
f 347 304 44
f 43 466 347
f 466 304 347
f 305 353 44
f 44 304 305
f 305 373 353
f 490 373 305
f 305 304 490
f 320 394 321
f 394 322 321
f 317 371 319
f 699 319 322
f 318 317 699
f 317 319 699
f 692 693 667
f 692 665 666
f 667 665 692
f 30 29 307
f 308 307 29
f 378 388 376
f 349 350 355
f 355 388 349
f 337 367 396
f 338 367 337
f 398 395 985
f 329 328 327
f 329 327 326
f 326 381 329
f 376 358 359
f 359 378 376
f 391 381 325
f 391 380 381
f 391 325 392
f 392 380 391
f 390 379 361
f 390 380 370
f 387 379 390
f 390 370 387
f 372 393 324
f 372 319 371
f 372 371 392
f 392 393 372
f 449 497 462
f 481 409 451
f 410 409 481
f 495 494 496
f 496 513 495
f 451 494 495
f 495 481 451
f 495 513 497
f 514 528 529
f 514 513 528
f 515 498 514
f 498 513 514
f 272 205 239
f 239 264 272
f 272 264 269
f 204 624 623
f 623 203 204
f 205 272 204
f 204 272 624
f 204 210 205
f 204 203 210
f 238 210 262
f 210 171 262
f 239 238 262
f 262 263 239
f 172 263 262
f 262 171 172
f 608 203 623
f 209 203 608
f 1782 209 608
f 608 623 1713
f 1713 1722 608
f 1722 1782 608
f 640 668 669
f 639 638 686
f 686 668 639
f 428 553 559
f 540 552 559
f 541 540 559
f 559 553 541
f 427 428 559
f 559 552 427
f 504 502 534
f 502 517 534
f 534 517 533
f 533 535 534
f 550 537 519
f 504 534 519
f 519 518 504
f 519 537 518
f 519 535 550
f 519 534 535
f 434 433 425
f 425 558 434
f 434 558 549
f 434 549 436
f 578 484 503
f 503 505 578
f 504 505 503
f 503 502 504
f 503 483 502
f 457 483 503
f 503 484 457
f 465 578 485
f 578 505 485
f 464 465 485
f 485 505 464
f 554 555 423
f 554 424 523
f 554 423 424
f 523 541 554
f 541 553 554
f 553 555 554
f 94 96 97
f 94 97 66
f 66 276 94
f 276 93 94
f 136 150 149
f 149 126 147
f 149 148 126
f 149 150 148
f 954 162 165
f 165 60 954
f 162 164 165
f 164 60 165
f 135 145 143
f 135 143 133
f 135 134 136
f 133 134 135
f 136 149 163
f 163 149 147
f 163 135 136
f 145 135 163
f 147 164 163
f 163 164 162
f 162 145 163
f 956 961 52
f 52 88 956
f 961 76 52
f 47 88 52
f 52 76 47
f 129 130 159
f 130 141 159
f 128 129 159
f 981 983 959
f 959 978 981
f 982 983 981
f 981 980 982
f 981 978 963
f 963 980 981
f 267 266 261
f 266 265 261
f 261 280 267
f 261 241 280
f 265 263 261
f 263 241 261
f 58 170 953
f 58 953 954
f 954 60 58
f 58 60 59
f 59 170 58
f 168 170 59
f 169 170 168
f 59 96 168
f 168 96 169
f 81 113 112
f 113 123 112
f 80 81 112
f 112 111 80
f 601 111 112
f 112 123 601
f 1230 1229 1282
f 1282 1284 1230
f 1183 1155 1184
f 1184 1257 1183
f 1229 1257 1228
f 1230 1258 1231
f 1183 1257 1231
f 1231 1229 1230
f 1231 1257 1229
f 1259 1153 1183
f 1152 1153 1259
f 1183 1231 1259
f 1259 1231 1258
f 1182 1152 1259
f 1259 1258 1182
f 1059 1303 1302
f 1302 1303 1234
f 1302 1234 1301
f 1060 1059 1302
f 1302 1301 1060
f 1155 1119 1154
f 1154 1119 1843
f 1154 1156 1155
f 1154 1120 1156
f 1154 1843 1844
f 1844 1120 1154
f 1126 1119 1846
f 1125 1039 1846
f 1846 1124 1125
f 1846 1119 1124
f 1846 1039 1306
f 1306 1126 1846
f 1115 1118 1186
f 1116 1117 1115
f 1845 1118 1115
f 1115 1117 1845
f 1115 1120 1116
f 1186 1120 1115
f 1166 1167 1099
f 1165 1167 1166
f 1166 1249 1165
f 1166 1248 1249
f 1075 1074 1073
f 1073 1274 1075
f 1075 1274 1298
f 1023 1022 1075
f 1075 1076 1023
f 1075 1022 1024
f 1024 1074 1075
f 1075 1298 1273
f 1273 1076 1075
f 1277 1255 1253
f 1255 1254 1253
f 1253 1254 1252
f 1252 1219 1253
f 1190 1160 1161
f 1161 1254 1190
f 1161 1114 1107
f 1160 1114 1161
f 1162 1254 1161
f 1161 1107 1110
f 1110 1162 1161
f 1280 1223 1279
f 1280 1224 1223
f 1279 1070 1280
f 1280 1070 1299
f 1280 1069 1300
f 1299 1069 1280
f 1226 1227 1225
f 1225 1224 1226
f 1226 1228 1227
f 1226 1280 1300
f 1224 1280 1226
f 478 1135 1134
f 1134 491 478
f 580 1135 478
f 455 580 478
f 478 491 455
f 531 516 515
f 531 532 516
f 440 439 557
f 440 441 587
f 557 441 440
f 440 587 588
f 588 438 440
f 438 439 440
f 1134 1143 1142
f 1143 1174 1142
f 1142 491 1134
f 510 491 1142
f 1142 1174 510
f 1018 1019 1077
f 1077 1078 1018
f 1017 1019 1018
f 1018 1078 1017
f 1087 1078 1271
f 1271 1272 1215
f 1078 1272 1271
f 1085 1297 1296
f 1296 1297 1268
f 1296 1268 1267
f 1296 1267 1084
f 1084 1085 1296
f 1269 1297 1087
f 1269 1270 1297
f 1087 1271 1269
f 1215 1270 1269
f 1269 1271 1215
f 1248 1166 1193
f 1193 1247 1216
f 1216 1248 1193
f 1214 1270 1246
f 1246 1270 1247
f 1213 1214 1246
f 1246 1196 1213
f 1247 1193 1246
f 1246 1193 1196
f 1101 1099 1102
f 1102 1103 1101
f 1103 1168 1101
f 1169 1245 1195
f 1245 1196 1195
f 1195 1168 1169
f 1195 1101 1168
f 1099 1101 1195
f 1196 1193 1195
f 1091 1172 1090
f 1091 1200 1172
f 1091 1090 1089
f 1089 1140 1091
f 1091 1140 1173
f 1173 1200 1091
f 1295 1633 1294
f 1244 1633 1295
f 1294 1080 1295
f 1080 1264 1295
f 1295 1264 1205
f 1205 1244 1295
f 1341 1380 1631
f 1380 1629 1631
f 1631 1629 1622
f 1343 1341 1631
f 1631 1622 1343
f 1382 1633 1632
f 1621 1630 1632
f 860 861 877
f 877 861 878
f 877 876 860
f 877 878 785
f 785 786 877
f 877 786 787
f 787 876 877
f 755 765 812
f 812 756 755
f 812 766 756
f 822 766 812
f 826 841 825
f 825 827 826
f 825 765 763
f 763 827 825
f 859 826 843
f 859 841 826
f 859 843 860
f 842 841 859
f 860 858 859
f 858 842 859
f 887 795 783
f 783 888 887
f 794 795 887
f 887 888 794
f 862 861 845
f 864 888 862
f 878 861 862
f 862 888 878
f 862 863 864
f 845 863 862
f 837 872 855
f 855 836 837
f 855 872 871
f 853 852 835
f 807 808 819
f 836 835 819
f 936 645 644
f 936 935 645
f 682 683 675
f 682 715 683
f 675 676 682
f 677 715 682
f 682 676 677
f 782 901 867
f 782 902 903
f 903 901 782
f 900 902 782
f 782 893 900
f 868 893 782
f 782 867 868
f 770 772 935
f 770 936 807
f 935 936 770
f 646 773 774
f 774 647 646
f 775 776 774
f 774 776 647
f 691 666 636
f 691 690 666
f 636 664 691
f 664 690 691
f 652 683 670
f 670 671 652
f 729 721 712
f 712 715 714
f 820 808 810
f 810 821 820
f 820 821 837
f 820 819 808
f 837 836 820
f 836 819 820
f 768 938 810
f 768 808 767
f 810 808 768
f 1643 1623 1653
f 1643 1664 1623
f 1643 1347 1346
f 1346 1378 1643
f 1645 1646 1647
f 1647 1662 1645
f 1639 1646 1645
f 1664 1643 1645
f 1608 1664 1663
f 1663 1624 1606
f 1663 1662 1624
f 1664 1645 1663
f 1663 1645 1662
f 1606 1607 1663
f 1607 1608 1663
f 1370 1342 1344
f 1344 1369 1370
f 1372 1369 1344
f 1373 1595 1667
f 1667 1374 1373
f 1667 1342 1374
f 1615 1595 1373
f 1594 1595 1615
f 1590 1582 1574
f 1582 1573 1574
f 1574 1552 1567
f 1597 1611 1617
f 1617 1592 1597
f 1598 1590 1617
f 1617 1609 1598
f 1610 1609 1617
f 1617 1611 1610
f 1749 1691 1690
f 1690 1689 1749
f 1691 1518 1690
f 1518 1689 1690
f 1519 1683 1397
f 1684 1683 1519
f 1519 1685 1684
f 1518 1685 1519
f 1537 1538 1554
f 1577 1566 1578
f 1578 1566 1565
f 1593 1594 1597
f 1597 1592 1593
f 1537 1535 1536
f 1536 1535 1528
f 1536 1538 1537
f 1527 1528 1875
f 1875 1930 1932
f 1932 1874 1875
f 1874 1527 1875
f 1396 1549 1551
f 1551 1535 1552
f 1370 1369 1371
f 1367 1353 1370
f 1370 1371 1367
f 1332 1333 1331
f 1331 1363 1332
f 1363 1333 1332
f 1503 1333 1363
f 1335 1333 1334
f 1334 1361 1335
f 1502 1361 1334
f 1467 1453 1443
f 1354 1351 1330
f 1354 1364 1331
f 1366 1350 1547
f 1366 1351 1350
f 1495 1673 1674
f 1494 1673 1495
f 1494 1676 1672
f 1672 1673 1494
f 1672 1676 1699
f 1699 1673 1672
f 1699 1676 1677
f 1677 1678 1699
f 1677 1676 1494
f 1391 1935 1392
f 1391 1390 1935
f 1392 1420 1391
f 1420 1421 1391
f 1421 1390 1391
f 1447 1440 1448
f 1443 1453 1441
f 1474 1671 1668
f 1668 1671 1933
f 1933 1669 1668
f 1474 1668 1475
f 1475 1668 1669
f 1670 1671 1491
f 1699 1671 1670
f 1670 1675 1699
f 1877 1674 1699
f 1699 1675 1877
f 1877 1495 1674
f 1399 1387 1470
f 1399 1386 1387
f 1328 1337 1358
f 1337 1412 1358
f 1360 1361 1416
f 1416 1438 1431
f 1413 1414 1415
f 1360 1416 1415
f 1415 1416 1431
f 1415 1336 1360
f 1415 1414 1336
f 1749 1687 1931
f 1687 1686 1931
f 1527 1749 1931
f 1931 1686 1527
f 185 186 943
f 943 184 185
f 183 184 943
f 943 186 965
f 965 183 943
f 229 230 236
f 236 235 229
f 222 230 229
f 229 612 226
f 229 235 612
f 229 226 198
f 944 186 185
f 185 187 944
f 965 186 944
f 940 965 944
f 944 187 940
f 208 185 207
f 208 187 185
f 207 190 208
f 208 190 942
f 208 942 940
f 940 187 208
f 174 176 207
f 174 1704 616
f 174 197 1704
f 615 190 207
f 207 176 615
f 188 190 615
f 615 1701 581
f 1703 1701 615
f 366 365 340
f 477 560 340
f 340 560 366
f 345 374 344
f 344 374 373
f 344 509 424
f 344 373 509
f 323 321 322
f 322 319 323
f 320 321 323
f 323 324 320
f 323 372 324
f 319 372 323
f 694 322 695
f 694 699 322
f 695 693 694
f 701 692 666
f 693 692 701
f 701 694 693
f 699 694 701
f 306 25 30
f 30 307 306
f 306 27 25
f 385 307 388
f 388 378 385
f 383 27 385
f 361 379 377
f 378 359 377
f 36 308 29
f 29 34 36
f 34 349 36
f 33 350 35
f 350 349 35
f 35 349 34
f 34 32 35
f 32 33 35
f 396 397 339
f 339 337 396
f 339 397 338
f 338 337 339
f 985 400 401
f 401 398 985
f 402 398 401
f 400 328 401
f 369 362 328
f 328 329 369
f 361 362 369
f 369 390 361
f 380 390 369
f 381 380 369
f 369 329 381
f 357 359 358
f 358 364 357
f 364 365 357
f 365 363 357
f 333 365 338
f 333 363 365
f 338 397 333
f 333 397 395
f 395 398 333
f 333 398 335
f 335 398 336
f 402 331 330
f 330 398 402
f 330 336 398
f 463 462 411
f 463 449 462
f 481 495 450
f 449 463 450
f 497 449 450
f 450 495 497
f 410 481 450
f 450 411 410
f 450 463 411
f 529 545 530
f 530 514 529
f 515 514 530
f 530 531 515
f 624 272 627
f 625 624 627
f 269 242 627
f 627 272 269
f 627 1745 625
f 627 242 1745
f 687 688 663
f 687 669 688
f 640 669 687
f 687 663 641
f 641 640 687
f 703 688 689
f 688 669 689
f 689 669 668
f 668 686 689
f 432 434 436
f 433 434 432
f 590 433 432
f 436 435 432
f 432 435 590
f 96 94 95
f 95 94 93
f 169 96 95
f 95 251 169
f 95 93 251
f 158 141 138
f 158 159 141
f 128 159 158
f 158 599 128
f 48 599 158
f 158 138 48
f 1068 1065 1066
f 1066 1282 1068
f 1066 1011 1063
f 1066 1065 1011
f 1063 1064 1066
f 1064 1284 1066
f 1284 1282 1066
f 1155 1156 1185
f 1185 1184 1155
f 1156 1186 1185
f 1257 1184 1185
f 1185 1228 1257
f 1275 1274 1277
f 1277 1253 1275
f 1275 1253 1219
f 1219 1298 1275
f 1298 1274 1275
f 1228 1226 1283
f 1229 1228 1283
f 557 439 546
f 546 439 547
f 547 532 546
f 532 531 546
f 1194 1166 1099
f 1194 1193 1166
f 1099 1195 1194
f 1194 1195 1193
f 1634 1633 1636
f 1634 1632 1633
f 1621 1632 1634
f 1634 1637 1621
f 1636 1637 1634
f 1381 1632 1630
f 1381 1380 1340
f 1381 1630 1380
f 1340 1038 1381
f 1038 1382 1381
f 1382 1632 1381
f 824 812 765
f 765 825 824
f 824 825 841
f 822 812 824
f 823 822 824
f 824 841 823
f 834 852 832
f 834 835 852
f 807 819 834
f 834 819 835
f 836 855 854
f 854 835 836
f 869 853 854
f 853 835 854
f 767 808 806
f 806 808 807
f 807 936 806
f 672 684 671
f 671 670 672
f 729 712 722
f 722 738 729
f 722 730 738
f 723 730 722
f 714 723 722
f 722 712 714
f 683 715 713
f 715 712 713
f 713 712 721
f 937 767 643
f 937 768 767
f 643 938 937
f 938 768 937
f 1653 1347 1654
f 1654 1643 1653
f 1347 1643 1654
f 1638 1379 1343
f 1343 1639 1638
f 1616 1615 1376
f 1597 1594 1616
f 1594 1615 1616
f 1616 1611 1597
f 1616 1612 1611
f 1376 1375 1616
f 1352 1375 1376
f 1376 1615 1352
f 1374 1342 1352
f 1373 1374 1352
f 1352 1615 1373
f 1349 1375 1352
f 1377 1349 1348
f 1377 1348 1653
f 1610 1611 1665
f 1611 1612 1665
f 1665 1377 1653
f 1653 1623 1665
f 1623 1610 1665
f 1590 1574 1591
f 1591 1617 1590
f 1592 1617 1591
f 1591 1593 1592
f 1575 1593 1591
f 1567 1575 1591
f 1591 1574 1567
f 1568 1574 1573
f 1552 1574 1568
f 1510 1519 1397
f 1539 1554 1538
f 1566 1554 1539
f 1553 1535 1537
f 1567 1535 1553
f 1577 1578 1583
f 1583 1578 1595
f 1583 1595 1594
f 1583 1593 1577
f 1594 1593 1583
f 1595 1578 1584
f 1584 1369 1372
f 1538 1536 1529
f 1529 1536 1528
f 1521 1538 1529
f 1528 1535 1544
f 1544 1875 1528
f 1535 1551 1544
f 1873 1930 1548
f 1930 1875 1548
f 1548 1549 1873
f 1548 1551 1549
f 1875 1544 1548
f 1548 1544 1551
f 1403 1371 1369
f 1369 1584 1403
f 1403 1367 1371
f 1403 1578 1565
f 1403 1584 1578
f 1511 1522 1521
f 1345 1353 1563
f 1521 1522 1530
f 1530 1538 1521
f 1330 1365 1559
f 1559 1354 1330
f 1364 1354 1559
f 1502 1334 1362
f 1362 1334 1333
f 1362 1503 1502
f 1333 1503 1362
f 1453 1467 1561
f 1467 1560 1561
f 1438 1416 1465
f 1499 1485 1515
f 1876 1677 1494
f 1509 1678 1876
f 1678 1677 1876
f 1460 1459 1455
f 1455 1447 1460
f 1447 1448 1460
f 1449 1460 1448
f 1434 1440 1433
f 1434 1429 1436
f 1461 1424 1457
f 1431 1438 1437
f 1471 1398 1879
f 1383 1384 1879
f 1879 1384 1471
f 1386 1399 1562
f 1562 1471 1385
f 1385 1386 1562
f 634 1707 221
f 228 215 222
f 222 229 228
f 228 229 198
f 192 193 188
f 188 615 192
f 420 193 192
f 192 581 420
f 192 615 581
f 206 615 176
f 1702 1703 206
f 1703 615 206
f 477 340 343
f 343 423 477
f 343 342 423
f 364 342 343
f 343 365 364
f 343 340 365
f 341 364 345
f 341 342 364
f 423 342 341
f 424 423 341
f 666 702 700
f 700 701 666
f 700 702 708
f 699 701 700
f 708 318 700
f 318 699 700
f 389 385 378
f 389 377 379
f 378 377 389
f 379 386 389
f 389 386 383
f 383 385 389
f 27 306 384
f 384 385 27
f 384 306 307
f 307 385 384
f 356 349 388
f 356 36 349
f 308 36 356
f 388 307 356
f 307 308 356
f 332 401 328
f 332 331 402
f 402 401 332
f 360 363 362
f 360 357 363
f 359 357 360
f 360 362 361
f 361 377 360
f 360 377 359
f 368 330 331
f 331 332 368
f 328 362 368
f 368 332 328
f 336 330 334
f 335 336 334
f 362 363 334
f 334 333 335
f 363 333 334
f 334 368 362
f 330 368 334
f 556 530 545
f 442 557 556
f 556 545 442
f 557 546 556
f 531 530 556
f 556 546 531
f 703 689 704
f 704 710 703
f 711 710 704
f 704 689 686
f 653 684 673
f 1227 1228 1256
f 1228 1185 1256
f 1256 1185 1186
f 1186 1187 1256
f 1187 1227 1256
f 1300 1069 1281
f 1281 1069 1068
f 1281 1226 1300
f 1281 1283 1226
f 1068 1282 1281
f 1281 1282 1229
f 1229 1283 1281
f 832 817 818
f 818 834 832
f 807 834 818
f 818 770 807
f 871 898 870
f 870 855 871
f 870 854 855
f 869 854 870
f 870 892 869
f 870 898 892
f 644 767 769
f 767 806 769
f 769 936 644
f 769 806 936
f 685 670 683
f 683 713 685
f 685 672 670
f 684 672 685
f 685 673 684
f 706 673 685
f 705 713 721
f 706 685 705
f 705 685 713
f 705 721 711
f 711 704 705
f 686 706 705
f 705 704 686
f 1639 1645 1644
f 1644 1638 1639
f 1644 1643 1378
f 1644 1645 1643
f 1644 1378 1379
f 1379 1638 1644
f 1666 1616 1375
f 1612 1616 1666
f 1666 1375 1349
f 1349 1377 1666
f 1666 1665 1612
f 1377 1665 1666
f 1550 1569 1395
f 1395 1396 1550
f 1573 1569 1550
f 1550 1568 1573
f 1396 1551 1550
f 1550 1551 1552
f 1552 1568 1550
f 1565 1566 1555
f 1566 1539 1555
f 1537 1554 1576
f 1576 1553 1537
f 1576 1566 1577
f 1576 1554 1566
f 1577 1593 1576
f 1576 1593 1575
f 1576 1575 1567
f 1567 1553 1576
f 1596 1584 1372
f 1595 1584 1596
f 1596 1667 1595
f 1342 1667 1596
f 1372 1344 1596
f 1596 1344 1342
f 1518 1519 1520
f 1520 1528 1518
f 1520 1529 1528
f 1519 1510 1520
f 1520 1510 1521
f 1521 1529 1520
f 1397 1509 1508
f 1508 1510 1397
f 1509 1876 1508
f 1521 1510 1508
f 1508 1511 1521
f 1368 1404 1345
f 1345 1563 1368
f 1496 1497 1498
f 1496 1876 1494
f 1494 1495 1496
f 1495 1497 1496
f 1496 1508 1876
f 1522 1511 1512
f 1512 1514 1522
f 1511 1508 1512
f 1508 1496 1512
f 1498 1514 1512
f 1512 1496 1498
f 1499 1515 1523
f 1557 1403 1565
f 1534 1559 1365
f 1534 1526 1516
f 1516 1559 1534
f 1365 1351 1534
f 1351 1366 1534
f 1547 1526 1534
f 1534 1366 1547
f 1488 1560 1467
f 1485 1487 1507
f 1507 1515 1485
f 1505 1559 1516
f 1405 1416 1361
f 1405 1465 1416
f 1405 1361 1502
f 1502 1465 1405
f 1466 1488 1467
f 1465 1488 1466
f 1878 1497 1495
f 1878 1877 1675
f 1495 1877 1878
f 1420 1459 1419
f 1459 1460 1419
f 1419 1421 1420
f 1456 1449 1457
f 1460 1449 1456
f 1411 1358 1412
f 1411 1410 1359
f 1411 1412 1413
f 1411 1359 1328
f 1328 1358 1411
f 1431 1437 1442
f 1441 1451 1442
f 1442 1437 1441
f 1452 1451 1441
f 1457 1449 1452
f 1436 1442 1450
f 1450 1442 1451
f 1450 1452 1449
f 1451 1452 1450
f 1440 1434 1450
f 1450 1434 1436
f 1450 1448 1440
f 1450 1449 1448
f 1429 1434 1435
f 1410 1411 1435
f 1435 1411 1429
f 1428 1410 1435
f 1435 1433 1428
f 1435 1434 1433
f 1425 1424 1426
f 1424 1461 1426
f 1426 1388 1425
f 1470 1388 1426
f 1426 1461 1470
f 1464 1561 1468
f 1453 1561 1464
f 1444 1437 1438
f 1443 1441 1444
f 1441 1437 1444
f 1444 1467 1443
f 1444 1466 1467
f 1438 1465 1444
f 1465 1466 1444
f 197 195 196
f 1705 197 196
f 196 1706 1705
f 196 1747 1706
f 634 221 613
f 613 199 1708
f 221 228 613
f 613 1707 634
f 613 1708 1707
f 223 221 195
f 223 228 221
f 223 195 197
f 215 228 223
f 223 174 207
f 197 174 223
f 207 185 223
f 185 215 223
f 175 174 616
f 175 616 1746
f 176 174 175
f 175 206 176
f 1702 206 175
f 175 1703 1702
f 175 1746 1703
f 345 344 346
f 346 341 345
f 346 344 424
f 424 341 346
f 674 638 653
f 653 673 674
f 674 686 638
f 674 706 686
f 674 673 706
f 771 817 775
f 771 818 817
f 775 774 771
f 771 774 773
f 771 773 772
f 772 770 771
f 770 818 771
f 1547 1404 1543
f 1543 1542 1547
f 1404 1368 1543
f 1513 1514 1498
f 1513 1523 1514
f 1513 1498 1499
f 1499 1523 1513
f 1367 1403 1564
f 1403 1557 1564
f 1353 1367 1564
f 1564 1563 1353
f 1565 1555 1556
f 1556 1557 1565
f 1501 1465 1502
f 1501 1488 1465
f 1502 1503 1501
f 1364 1559 1517
f 1559 1505 1517
f 1517 1363 1331
f 1331 1364 1517
f 1517 1503 1363
f 1517 1505 1503
f 1488 1501 1489
f 1560 1488 1489
f 1489 1493 1560
f 1505 1500 1489
f 1487 1493 1489
f 1489 1500 1487
f 1560 1493 1482
f 1482 1561 1560
f 1383 1879 1473
f 1473 1669 1383
f 1473 1475 1669
f 1476 1491 1474
f 1476 1478 1491
f 1474 1475 1476
f 1484 1478 1476
f 1476 1479 1484
f 1485 1484 1486
f 1484 1479 1486
f 1486 1487 1485
f 1515 1507 1506
f 1506 1524 1515
f 1516 1526 1506
f 1526 1524 1506
f 1506 1505 1516
f 1506 1500 1505
f 1506 1507 1487
f 1487 1500 1506
f 1499 1498 1483
f 1483 1485 1499
f 1483 1484 1485
f 1490 1670 1491
f 1675 1670 1490
f 1490 1878 1675
f 1422 1425 1423
f 1422 1424 1425
f 1423 1421 1422
f 1457 1424 1422
f 1422 1456 1457
f 1421 1419 1422
f 1422 1419 1460
f 1460 1456 1422
f 1430 1411 1413
f 1429 1411 1430
f 1431 1442 1430
f 1436 1429 1430
f 1430 1442 1436
f 1413 1415 1430
f 1430 1415 1431
f 1458 1452 1441
f 1458 1441 1453
f 1457 1452 1458
f 1453 1464 1458
f 1462 1399 1470
f 1470 1461 1462
f 1461 1464 1462
f 1462 1562 1399
f 195 221 194
f 194 196 195
f 194 221 1707
f 1747 196 194
f 194 1707 1706
f 1706 1747 194
f 199 613 227
f 227 613 228
f 198 199 227
f 227 228 198
f 1514 1523 1532
f 1523 1533 1532
f 1525 1533 1523
f 1542 1533 1525
f 1525 1523 1515
f 1515 1524 1525
f 1540 1539 1538
f 1538 1530 1540
f 1540 1555 1539
f 1540 1556 1555
f 1540 1530 1522
f 1557 1556 1545
f 1545 1532 1533
f 1545 1533 1542
f 1504 1501 1503
f 1504 1489 1501
f 1503 1505 1504
f 1505 1489 1504
f 1468 1561 1477
f 1561 1482 1477
f 1475 1473 1472
f 1472 1476 1475
f 1472 1879 1398
f 1472 1473 1879
f 1878 1490 1492
f 1497 1878 1492
f 1498 1497 1492
f 1492 1483 1498
f 1492 1478 1484
f 1484 1483 1492
f 1491 1478 1492
f 1492 1490 1491
f 1463 1461 1457
f 1457 1458 1463
f 1463 1464 1461
f 1463 1458 1464
f 1562 1462 1469
f 1471 1562 1469
f 1469 1464 1468
f 1469 1462 1464
f 1469 1398 1471
f 1468 1477 1469
f 1469 1477 1398
f 1547 1542 1546
f 1542 1525 1546
f 1546 1526 1547
f 1546 1524 1526
f 1546 1525 1524
f 1531 1540 1522
f 1532 1545 1531
f 1556 1540 1531
f 1531 1545 1556
f 1522 1514 1531
f 1514 1532 1531
f 1558 1368 1563
f 1563 1564 1558
f 1558 1564 1557
f 1542 1543 1558
f 1558 1543 1368
f 1481 1493 1487
f 1487 1486 1481
f 1481 1482 1493
f 1557 1545 1541
f 1541 1558 1557
f 1541 1545 1542
f 1542 1558 1541
f 1480 1486 1479
f 1480 1481 1486
f 1479 1476 1480
f 1476 1472 1480
f 1398 1477 1480
f 1480 1472 1398
f 1480 1477 1482
f 1482 1481 1480
f 1824 1823 1762
f 1762 1764 1824
f 1027 1038 1379
f 1029 1027 1379
f 1038 1341 1379
f 1802 1792 1790
f 1801 1802 1790
f 1017 1036 1349
f 1349 1036 1033
f 1020 1017 1349
f 1029 1379 1349
f 1033 1029 1349
f 1379 1347 1349
f 989 1331 1333
f 1333 1339 985
f 1333 992 989
f 985 996 1333
f 1338 1339 1333
f 1333 1328 1338
f 1333 996 992
f 1333 1337 1328
f 1335 1337 1333
f 1352 1331 989
f 1370 1345 1352
f 1352 1005 1015
f 1352 1002 998
f 989 1002 1352
f 1009 1005 1352
f 1352 1011 1009
f 998 1013 1352
f 1352 1013 1011
f 1352 1354 1331
f 1352 1342 1370
f 1015 1024 1352
f 1352 1024 1020
f 1020 1349 1352
f 1345 1351 1352
f 1351 1354 1352

