# https://github.com/mikedh/trimesh
v -0.04875000 -0.04150248 -0.03620000
v -0.04875000 -0.05146179 -0.08969596
v -0.04875017 -0.05146065 -0.08089118
v -0.04875023 -0.05146172 -0.07460900
v -0.04875030 -0.05117829 -0.05819978
v 0.04863665 -0.05146183 -0.09513859
v 0.04875000 -0.05146179 -0.08969596
v 0.03341584 -0.05472171 -0.03620000
v 0.03418325 -0.05437818 -0.03620000
v 0.03488224 -0.05391092 -0.03620000
v 0.04660146 -0.04560969 -0.03620000
v 0.04783015 -0.04439252 -0.03620000
v 0.04826850 -0.04364330 -0.03620000
v 0.04857067 -0.04282957 -0.03620000
v 0.04875000 -0.04150248 -0.03620000
v -0.04873773 -0.04185247 -0.03620000
v -0.04861945 -0.04263759 -0.03620000
v -0.04802058 -0.04410290 -0.03620000
v -0.04755509 -0.04474613 -0.03620000
v -0.04699366 -0.04530756 -0.03620000
v -0.04635043 -0.04577304 -0.03620000
v -0.03488224 -0.05391092 -0.03620000
v -0.03418325 -0.05437818 -0.03620000
v -0.03341584 -0.05472171 -0.03620000
v 0.03260171 -0.05493178 -0.03620000
v -0.03260171 -0.05493178 -0.03620000
v 0.04425469 -0.05882787 -0.05820721
v 0.04536767 -0.05794401 -0.05821670
v 0.04729424 -0.05572174 -0.05821289
v 0.04753326 -0.05534087 -0.05820657
v 0.04793485 -0.05460088 -0.05819874
v 0.04814935 -0.05412972 -0.05819644
v 0.04874600 -0.05165868 -0.07460880
v 0.04874992 -0.05146176 -0.05819965
v 0.04867581 -0.05234309 -0.05819970
v 0.04856839 -0.05287293 -0.05819773
v 0.04873576 -0.05191603 -0.08089492
v 0.04868942 -0.05245503 -0.08784745
v 0.04858471 -0.05298158 -0.08090292
v 0.04836735 -0.05240967 -0.09826401
v 0.04843272 -0.05352768 -0.09481334
v 0.04860222 -0.05245578 -0.09479787
v 0.04875051 -0.05146084 -0.07543977
v 0.04803000 -0.05167015 -0.10152718
v 0.04849627 -0.05349629 -0.08785813
v -0.04858471 -0.05298158 -0.08090283
v -0.04836738 -0.05240967 -0.09826373
v -0.04801875 -0.05204313 -0.10152638
v -0.04863288 -0.05146179 -0.09520915
v -0.04803174 -0.05146179 -0.10152700
v -0.04868942 -0.05245502 -0.08784728
v -0.04843273 -0.05352768 -0.09481309
v -0.04860223 -0.05245578 -0.09479763
v -0.04849626 -0.05349629 -0.08785796
v -0.04873576 -0.05191603 -0.08089484
v -0.04874844 -0.05156151 -0.07461657
v -0.04600536 -0.05732996 -0.05822523
v -0.04674087 -0.05648705 -0.05822457
v -0.04753121 -0.05533946 -0.05820772
v -0.04781218 -0.05484067 -0.05820351
v -0.04794105 -0.05458741 -0.05820236
v -0.04842878 -0.05337590 -0.05820191
v -0.04856784 -0.05287271 -0.05820252
v -0.04867875 -0.05230452 -0.05820262
v 0.04175485 -0.06019797 -0.05784906
v 0.04779688 -0.05483188 -0.05781030
v 0.04860520 -0.05262599 -0.05781443
v 0.04869675 -0.05204600 -0.05781977
v 0.04718771 -0.05584543 -0.05782539
v 0.04567391 -0.05763975 -0.05784444
v 0.04478758 -0.05841253 -0.05784319
v 0.04382870 -0.05909927 -0.05784278
v 0.03952479 -0.06094130 -0.05785241
v 0.03816147 -0.06123808 -0.05820417
v 0.03723553 -0.06135764 -0.05784938
v 0.03484617 -0.06132780 -0.05696016
v 0.03484623 -0.06139353 -0.05719540
v 0.03716115 -0.06119308 -0.05691556
v 0.04828085 -0.05375474 -0.05780795
v 0.04846513 -0.05319607 -0.05781033
v 0.04841857 -0.05317554 -0.05744926
v 0.04823459 -0.05373177 -0.05744560
v 0.04775229 -0.05480520 -0.05744816
v 0.04714500 -0.05581752 -0.05746507
v 0.04643853 -0.05675431 -0.05748348
v 0.04647740 -0.05678328 -0.05784052
v 0.04564148 -0.05760837 -0.05749287
v 0.04476101 -0.05837973 -0.05749803
v 0.04049191 -0.06039407 -0.05665520
v 0.03829282 -0.06103779 -0.05692202
v 0.04281362 -0.05969483 -0.05784560
v 0.04274861 -0.05962103 -0.05719845
v 0.04278915 -0.05966712 -0.05751117
v 0.04376154 -0.05901917 -0.05718779
v 0.04370096 -0.05895166 -0.05689492
v 0.04464662 -0.05825863 -0.05688177
v 0.04558690 -0.05755756 -0.05716777
v 0.04551055 -0.05748794 -0.05686880
v 0.04637590 -0.05670546 -0.05715452
v 0.04707620 -0.05577061 -0.05713412
v 0.04380428 -0.05906838 -0.05750376
v 0.04471387 -0.05832833 -0.05717761
v 0.04063502 -0.06058568 -0.05752180
v 0.04173137 -0.06017152 -0.05751752
v 0.04169328 -0.06012682 -0.05720680
v 0.04269258 -0.05955635 -0.05690765
v 0.04362303 -0.05886586 -0.05662519
v 0.04157634 -0.05998106 -0.05664903
v 0.03942697 -0.06080141 -0.05692503
v 0.03719403 -0.06127004 -0.05720560
v 0.04262162 -0.05947289 -0.05663895
v 0.04164134 -0.06006347 -0.05691720
v 0.04055142 -0.06047711 -0.05692314
v 0.03947110 -0.06086726 -0.05721376
v 0.04059947 -0.06054081 -0.05721213
v 0.03950413 -0.06091372 -0.05752302
v 0.03721929 -0.06132486 -0.05751696
v 0.04842922 -0.05337085 -0.05819625
v -0.04567391 -0.05763975 -0.05784444
v -0.04826151 -0.05374512 -0.05762292
v -0.04874996 -0.05146178 -0.05820004
v -0.03484622 -0.06139352 -0.05719540
v -0.03605369 -0.06142080 -0.05751234
v -0.03721929 -0.06132486 -0.05751696
v -0.04063502 -0.06058568 -0.05752180
v -0.04173137 -0.06017152 -0.05751752
v -0.04281362 -0.05969483 -0.05784560
v -0.04164134 -0.06006347 -0.05691720
v -0.04059947 -0.06054081 -0.05721213
v -0.04055142 -0.06047711 -0.05692314
v -0.03947110 -0.06086726 -0.05721376
v -0.03719403 -0.06127004 -0.05720560
v -0.03716115 -0.06119308 -0.05691556
v -0.03836283 -0.06115839 -0.05752096
v -0.04049191 -0.06039407 -0.05665520
v -0.04157634 -0.05998106 -0.05664903
v -0.04262162 -0.05947289 -0.05663895
v -0.04858583 -0.05261853 -0.05763152
v -0.04869675 -0.05204600 -0.05781977
v -0.04860520 -0.05262599 -0.05781443
v -0.04861693 -0.05263042 -0.05800479
v -0.04829253 -0.05376055 -0.05800077
v -0.04815025 -0.05413012 -0.05820147
v -0.04829643 -0.05376245 -0.05820150
v -0.04707620 -0.05577061 -0.05713412
v -0.04551055 -0.05748794 -0.05686880
v -0.04464662 -0.05825863 -0.05688177
v -0.04558690 -0.05755756 -0.05716777
v -0.04471387 -0.05832833 -0.05717761
v -0.04370096 -0.05895166 -0.05689492
v -0.04376154 -0.05901917 -0.05718779
v -0.04269258 -0.05955635 -0.05690765
v -0.04274861 -0.05962103 -0.05719845
v -0.04169328 -0.06012682 -0.05720680
v -0.04775229 -0.05480520 -0.05744816
v -0.04714500 -0.05581752 -0.05746507
v -0.04718771 -0.05584543 -0.05782539
v -0.04643853 -0.05675431 -0.05748348
v -0.04647740 -0.05678328 -0.05784052
v -0.04564148 -0.05760837 -0.05749287
v -0.04478758 -0.05841253 -0.05784319
v -0.04637590 -0.05670546 -0.05715452
v -0.04476101 -0.05837973 -0.05749803
v -0.04380428 -0.05906838 -0.05750376
v -0.04779688 -0.05483188 -0.05781030
v -0.04710316 -0.05599966 -0.05821850
v -0.03829282 -0.06103779 -0.05692202
v -0.03942697 -0.06080141 -0.05692503
v -0.04362303 -0.05886586 -0.05662519
v -0.04828085 -0.05375474 -0.05780795
v -0.04823459 -0.05373177 -0.05744560
v -0.04382870 -0.05909927 -0.05784278
v -0.04278915 -0.05966712 -0.05751117
v -0.03950413 -0.06091372 -0.05752302
v -0.03833260 -0.06110841 -0.05721111
v 0.04165881 -0.06366841 -0.09405216
v 0.04224294 -0.06366296 -0.09776054
v 0.04154992 -0.06370942 -0.09407385
v 0.04210499 -0.06371399 -0.09777573
v 0.04237331 -0.06359110 -0.09774622
v 0.04169962 -0.06364904 -0.09404402
v 0.04166250 -0.06366676 -0.09405142
v 0.04245537 -0.06367777 -0.10149824
v 0.04119991 -0.06366916 -0.09201678
v 0.04112467 -0.06369920 -0.09203561
v 0.04007160 -0.06371882 -0.08869273
v 0.04107192 -0.06371599 -0.09204882
v 0.04178419 -0.06360099 -0.09402717
v -0.04224546 -0.06366293 -0.09778293
v -0.04237586 -0.06359105 -0.09776867
v -0.04237607 -0.06370644 -0.10149893
v -0.04210748 -0.06371398 -0.09779806
v -0.04152666 -0.06371629 -0.09407850
v -0.04158114 -0.06369918 -0.09406764
v -0.04165881 -0.06366841 -0.09405216
v -0.04173291 -0.06363145 -0.09403739
v -0.04178674 -0.06359937 -0.09402667
v -0.04107046 -0.06371643 -0.09204926
v -0.04119777 -0.06367017 -0.09201743
v -0.04007353 -0.06372014 -0.08871064
v -0.04249979 -0.06365829 -0.10149775
v 0.04235768 -0.06371202 -0.10149919
v -0.04863288 -0.00000249 -0.09520915
v -0.04837837 -0.04339410 -0.03620000
v 0.04872754 -0.04197583 -0.03620000
v 0.04726883 -0.04505463 -0.03620000
v 0.04875030 -0.05112759 -0.05819936
v -0.04875000 0.04149750 -0.03620000
v -0.04875000 0.05145680 -0.08969596
v -0.04875023 0.05145674 -0.07460900
v -0.04875000 0.05117331 -0.05820004
v 0.04875000 0.05145680 -0.08969596
v 0.04863852 -0.00000249 -0.09510296
v 0.04863852 0.05145682 -0.09510296
v 0.03488224 0.05390594 -0.03620000
v 0.03418325 0.05437320 -0.03620000
v 0.03341584 0.05471672 -0.03620000
v 0.04875000 0.04149750 -0.03620000
v 0.04868844 0.04227967 -0.03620000
v 0.04857067 0.04282458 -0.03620000
v 0.04850528 0.04304258 -0.03620000
v 0.04826850 0.04363832 -0.03620000
v 0.04783016 0.04438753 -0.03620000
v 0.04779508 0.04443642 -0.03620000
v 0.04728553 0.04503303 -0.03620000
v 0.04726884 0.04504965 -0.03620000
v 0.04668893 0.04554258 -0.03620000
v 0.04660146 0.04560470 -0.03620000
v -0.04755509 0.04474115 -0.03620000
v -0.04779508 0.04443642 -0.03620000
v -0.04802058 0.04409792 -0.03620000
v -0.04837837 0.04338912 -0.03620000
v -0.04861945 0.04263261 -0.03620000
v -0.03260171 0.05492680 -0.03620000
v -0.03418325 0.05437320 -0.03620000
v 0.03260171 0.05492680 -0.03620000
v -0.03341584 0.05471672 -0.03620000
v -0.03488224 0.05390594 -0.03620000
v 0.04437883 0.05873443 -0.05820873
v 0.04731505 0.05568042 -0.05821235
v 0.04815024 0.05412515 -0.05820115
v 0.04794297 0.05457850 -0.05820204
v 0.04829643 0.05375746 -0.05820118
v 0.04838737 0.05349897 -0.05820142
v 0.04856784 0.05286772 -0.05820218
v 0.04864945 0.05247693 -0.05820236
v 0.04871211 0.05204590 -0.05820192
v 0.04874992 0.05145678 -0.05819965
v 0.04836735 0.05240469 -0.09826401
v 0.04803000 0.05166517 -0.10152718
v 0.04803171 0.05145685 -0.10152733
v 0.04873576 0.05191105 -0.08089492
v 0.04858471 0.05297660 -0.08090291
v 0.04849627 0.05349131 -0.08785813
v 0.04868942 0.05245004 -0.08784745
v 0.04875023 0.05145674 -0.07460900
v 0.04843272 0.05352269 -0.09481334
v 0.04860222 0.05245079 -0.09479787
v -0.04863852 0.05145680 -0.09510291
v -0.04836738 0.05240469 -0.09826373
v -0.04840891 0.05145680 -0.09824204
v -0.04874562 0.05166311 -0.07461802
v -0.04868942 0.05245004 -0.08784728
v -0.04858471 0.05297660 -0.08090283
v -0.04860223 0.05245079 -0.09479763
v -0.04874948 0.05152702 -0.07461802
v -0.04873576 0.05191105 -0.08089484
v -0.04843273 0.05352269 -0.09481309
v -0.04849626 0.05349131 -0.08785796
v -0.04874996 0.05145680 -0.05820004
v -0.03820501 0.06122546 -0.05820169
v -0.04600536 0.05732498 -0.05822523
v -0.04710316 0.05599467 -0.05821850
v -0.04753121 0.05533447 -0.05820772
v -0.04781218 0.05483568 -0.05820351
v -0.04794105 0.05458243 -0.05820236
v -0.04815025 0.05412514 -0.05820147
v -0.04829643 0.05375746 -0.05820150
v -0.04842878 0.05337092 -0.05820191
v -0.04867875 0.05229954 -0.05820262
v 0.04059947 0.06053582 -0.05721213
v 0.04063502 0.06058070 -0.05752180
v 0.03950413 0.06090873 -0.05752302
v 0.03716115 0.06118809 -0.05691556
v 0.03605369 0.06141581 -0.05751234
v 0.03719403 0.06126506 -0.05720560
v 0.04647740 0.05677830 -0.05784052
v 0.04779688 0.05482690 -0.05781030
v 0.04829253 0.05375557 -0.05800077
v 0.04861693 0.05262544 -0.05800479
v 0.04869675 0.05204101 -0.05781977
v 0.04380428 0.05906339 -0.05750376
v 0.04274861 0.05961605 -0.05719845
v 0.04370096 0.05894668 -0.05689492
v 0.04262162 0.05946790 -0.05663895
v 0.04382870 0.05909429 -0.05784278
v 0.04281362 0.05968985 -0.05784560
v 0.04173137 0.06016653 -0.05751752
v 0.04169328 0.06012184 -0.05720680
v 0.04157634 0.05997607 -0.05664903
v 0.04049191 0.06038909 -0.05665520
v 0.04164134 0.06005849 -0.05691720
v 0.04055142 0.06047213 -0.05692314
v 0.03947110 0.06086228 -0.05721376
v 0.03836283 0.06115341 -0.05752096
v 0.03829282 0.06103281 -0.05692202
v 0.03721929 0.06131987 -0.05751696
v 0.03942697 0.06079643 -0.05692503
v 0.03833260 0.06110342 -0.05721111
v 0.04858583 0.05261355 -0.05763152
v 0.04828085 0.05374976 -0.05780795
v 0.04826151 0.05374013 -0.05762292
v 0.04823459 0.05372678 -0.05744560
v 0.04775229 0.05480021 -0.05744816
v 0.04860520 0.05262100 -0.05781443
v 0.04718771 0.05584045 -0.05782539
v 0.04707620 0.05576563 -0.05713412
v 0.04637590 0.05670047 -0.05715452
v 0.04478758 0.05840754 -0.05784319
v 0.04567391 0.05763477 -0.05784444
v 0.04476101 0.05837475 -0.05749803
v 0.04564148 0.05760339 -0.05749287
v 0.04471387 0.05832335 -0.05717761
v 0.04558690 0.05755258 -0.05716777
v 0.04551055 0.05748296 -0.05686880
v 0.04643853 0.05674932 -0.05748348
v 0.04278915 0.05966214 -0.05751117
v 0.04269258 0.05955137 -0.05690765
v 0.04714500 0.05581254 -0.05746507
v 0.04753105 0.05533474 -0.05820744
v 0.04362303 0.05886088 -0.05662519
v 0.04464662 0.05825365 -0.05688177
v 0.04376154 0.05901419 -0.05718779
v -0.03952479 0.06093632 -0.05785241
v -0.04856784 0.05286772 -0.05820252
v -0.04860520 0.05262100 -0.05781443
v -0.04869675 0.05204101 -0.05781977
v -0.03721929 0.06131987 -0.05751696
v -0.04823459 0.05372678 -0.05744560
v -0.04775229 0.05480021 -0.05744816
v -0.04828085 0.05374976 -0.05780795
v -0.04846513 0.05319108 -0.05781033
v -0.04779688 0.05482690 -0.05781030
v -0.04714500 0.05581254 -0.05746507
v -0.04707620 0.05576563 -0.05713412
v -0.04464662 0.05825365 -0.05688177
v -0.04637590 0.05670047 -0.05715452
v -0.04564148 0.05760339 -0.05749287
v -0.04567391 0.05763477 -0.05784444
v -0.04551055 0.05748296 -0.05686880
v -0.04558690 0.05755258 -0.05716777
v -0.04643853 0.05674932 -0.05748348
v -0.04647740 0.05677830 -0.05784052
v -0.04478758 0.05840754 -0.05784319
v -0.04471387 0.05832335 -0.05717761
v -0.04718771 0.05584045 -0.05782539
v -0.03716115 0.06118809 -0.05691556
v -0.03719403 0.06126506 -0.05720560
v -0.04049191 0.06038909 -0.05665520
v -0.04262162 0.05946790 -0.05663895
v -0.04164134 0.06005849 -0.05691720
v -0.04157634 0.05997607 -0.05664903
v -0.04055142 0.06047213 -0.05692314
v -0.04382870 0.05909429 -0.05784278
v -0.04380428 0.05906339 -0.05750376
v -0.04376154 0.05901419 -0.05718779
v -0.04281362 0.05968985 -0.05784560
v -0.04173137 0.06016653 -0.05751752
v -0.04278915 0.05966214 -0.05751117
v -0.04274861 0.05961605 -0.05719845
v -0.04269258 0.05955137 -0.05690765
v -0.04169328 0.06012184 -0.05720680
v -0.04059947 0.06053582 -0.05721213
v -0.04063502 0.06058070 -0.05752180
v -0.03723553 0.06135266 -0.05784938
v -0.03950413 0.06090873 -0.05752302
v -0.03947110 0.06086228 -0.05721376
v -0.03829282 0.06103281 -0.05692202
v -0.03942697 0.06079643 -0.05692503
v -0.04175485 0.06019299 -0.05784906
v -0.04862092 0.05262680 -0.05820268
v -0.04476101 0.05837475 -0.05749803
v -0.04370096 0.05894668 -0.05689492
v -0.04362303 0.05886088 -0.05662519
v -0.04841857 0.05317056 -0.05744926
v 0.03484622 0.06138854 -0.05719540
v 0.04235768 0.06370704 -0.10149920
v 0.04244578 0.06367666 -0.10149840
v 0.04224294 0.06365798 -0.09776054
v 0.04237331 0.06358612 -0.09774622
v 0.04154992 0.06370443 -0.09407385
v 0.04210499 0.06370901 -0.09777573
v 0.04166240 0.06366182 -0.09405144
v 0.04169962 0.06364405 -0.09404402
v 0.04178672 0.06359440 -0.09402666
v 0.04007160 0.06371383 -0.08869273
v 0.04107195 0.06371102 -0.09204891
v 0.04111005 0.06369925 -0.09203938
v 0.04119996 0.06366421 -0.09201691
v -0.04237550 0.06358629 -0.09776871
v -0.04224518 0.06365807 -0.09778296
v -0.04249950 0.06365345 -0.10149782
v -0.04210728 0.06370905 -0.09779808
v -0.04153137 0.06370997 -0.09407756
v -0.04158114 0.06369419 -0.09406763
v -0.04173291 0.06362647 -0.09403739
v -0.04166242 0.06366181 -0.09405144
v -0.04106679 0.06371246 -0.09205010
v -0.04178674 0.06359439 -0.09402667
v -0.04119547 0.06366616 -0.09201789
v -0.04112467 0.06369422 -0.09203561
v -0.04007353 0.06371516 -0.08871064
v -0.04236642 0.06370443 -0.10149902
v -0.04868844 0.04227967 -0.03620000
v -0.04850528 0.04304258 -0.03620000
v -0.04820503 0.04376745 -0.03620000
v -0.04699366 0.04530258 -0.03620000
v -0.04728553 0.04503303 -0.03620000
v -0.04668893 0.04554258 -0.03620000
v 0.04820503 0.04376745 -0.03620000
v 0.04875000 0.05112363 -0.05819966
v -0.03484622 0.06138187 -0.05716807
v -0.04803174 0.05145681 -0.10152700
v 0.04803171 -0.05146183 -0.10152733
v 0.04564039 0.05542201 -0.11207415
v 0.02975788 0.05382455 -0.13612728
v 0.02844877 0.05382455 -0.13725324
v 0.04352390 0.05945431 -0.11612505
v 0.04329994 0.05971311 -0.11648352
v 0.04695698 0.05888100 -0.10451639
v 0.04766443 0.05382455 -0.10393356
v 0.04765707 0.05439939 -0.10393358
v 0.04751167 0.05645390 -0.10393225
v 0.04724076 0.05809723 -0.10393028
v 0.04193379 0.05992817 -0.11930562
v 0.04155033 0.05995275 -0.12005859
v 0.03915482 0.05993569 -0.12432376
v 0.03688161 0.05990786 -0.12769957
v 0.03185650 0.05975383 -0.13362621
v 0.03156899 0.05835801 -0.13419834
v 0.02090623 0.05922770 -0.14189798
v 0.02332341 0.05942493 -0.14047103
v 0.01301327 0.05665780 -0.14547533
v 0.01621358 0.05883003 -0.14412254
v 0.01708676 0.05822461 -0.14386408
v 0.01833792 0.05897742 -0.14320670
v 0.02081788 0.05921866 -0.14194667
v 0.00874468 0.05664391 -0.14652072
v 0.00918525 0.05889735 -0.14617628
v 0.00190623 0.05874778 -0.14708462
v 0.00000000 0.05621788 -0.14737192
v 0.04450759 0.05871342 -0.11411289
v 0.04437293 0.05961258 -0.11387029
v 0.04369287 0.05866995 -0.11614228
v 0.04168852 0.05936790 -0.12008063
v 0.04182730 0.05858969 -0.12009887
v 0.04075084 0.05994939 -0.12158032
v 0.04391312 0.05703329 -0.11616061
v 0.03969006 0.05852003 -0.12391619
v 0.03982885 0.05691830 -0.12393623
v 0.02830845 0.05831689 -0.13712125
v 0.02104192 0.05825045 -0.14198695
v 0.03726442 0.05845873 -0.12756033
v 0.03455563 0.05840499 -0.13099861
v 0.03167110 0.05678878 -0.13426015
v 0.02840554 0.05675470 -0.13720451
v 0.02488147 0.05672462 -0.13983309
v 0.02479095 0.05828112 -0.13972840
v 0.02450524 0.05949145 -0.13970327
v 0.01715547 0.05667616 -0.14400272
v 0.01426491 0.05880598 -0.14482880
v 0.00876442 0.05382455 -0.14663133
v 0.00439262 0.05663509 -0.14714238
v 0.01719239 0.05382455 -0.14409916
v 0.01481960 0.05382455 -0.14500611
v 0.01304291 0.05382455 -0.14558199
v 0.02492741 0.05382455 -0.13990363
v 0.02255064 0.05382455 -0.14141263
v 0.02112331 0.05669846 -0.14211084
v 0.02116663 0.05382455 -0.14219724
v 0.01873679 0.05382455 -0.14341934
v 0.04583216 0.05880348 -0.10994674
v 0.04666408 0.05716634 -0.10783173
v 0.04683426 0.05545694 -0.10783712
v 0.03921055 0.05382455 -0.12499209
v 0.04199754 0.05697211 -0.12011491
v 0.04423547 0.05382455 -0.11572301
v 0.04475699 0.05706608 -0.11413261
v 0.04491082 0.05382455 -0.11414173
v 0.04550170 0.05709942 -0.11206603
v 0.04522405 0.05875810 -0.11204682
v 0.04528802 0.05942561 -0.11128430
v 0.04609709 0.05917815 -0.10849819
v 0.04668845 0.05903930 -0.10582842
v 0.04633887 0.05884998 -0.10782037
v 0.00238994 0.05382455 -0.14739139
v 0.00440146 0.05382455 -0.14724943
v 0.03742505 0.05382455 -0.12759201
v 0.03738364 0.05687011 -0.12758955
v 0.03623096 0.05382455 -0.12917933
v 0.03466376 0.05682709 -0.13104187
v 0.03470241 0.05382455 -0.13105565
v 0.03302458 0.05382455 -0.13293527
v -0.03907604 0.02125170 -0.12519830
v -0.03746749 0.02125170 -0.12753351
v -0.00210385 0.02125170 -0.14740461
v -0.01849989 0.02125170 -0.14352837
v -0.02496324 0.02125170 -0.13987924
v -0.02231171 0.02125170 -0.14155287
v -0.02119837 0.02125170 -0.14217998
v -0.03284360 0.02125170 -0.13312766
v -0.03175171 0.02125170 -0.13424809
v -0.02954786 0.02125170 -0.13631345
v -0.02848772 0.02125170 -0.13722090
v -0.02599913 0.02125170 -0.13915202
v -0.01306368 0.02125170 -0.14557575
v -0.03606348 0.02125170 -0.12939315
v -0.04683251 0.02125170 -0.10805174
v -0.04576590 0.02125170 -0.11182211
v -0.04423906 0.02125170 -0.11571509
v -0.04185446 0.02125170 -0.12053978
v -0.03989667 0.02080653 -0.12385491
v -0.00877861 0.02125170 -0.14662860
v -0.00637567 0.02125170 -0.14702369
v 0.04683204 0.02125170 -0.10805723
v 0.04423761 0.02125170 -0.11571822
v 0.03989645 0.02080653 -0.12385526
v 0.03921101 0.02125170 -0.12499230
v 0.03623065 0.02125170 -0.12918021
v 0.03474434 0.02125170 -0.13100642
v 0.03302333 0.02125170 -0.13293797
v 0.03175287 0.02125170 -0.13424972
v 0.02119883 0.02125170 -0.14218128
v 0.00440871 0.02125170 -0.14724970
v 0.00663057 0.02125170 -0.14698754
v 0.00236611 0.02125170 -0.14739469
v 0.02975687 0.02125170 -0.13613111
v 0.02848837 0.02125170 -0.13722213
v 0.01077430 0.02125170 -0.14619522
v 0.01872147 0.02125170 -0.14343111
v 0.02253967 0.02125170 -0.14141908
v 0.04290609 0.06086557 -0.11628322
v 0.04555720 0.05958414 -0.11013726
v 0.00827353 0.06239487 -0.14515723
v 0.03606444 0.06189453 -0.12744176
v 0.04270437 0.06287261 -0.11203185
v 0.00000000 0.05886527 -0.14710458
v 0.00430396 0.05981196 -0.14672308
v 0.00694745 0.05886417 -0.14658222
v 0.00856399 0.05982258 -0.14611319
v 0.01169289 0.05885169 -0.14559229
v 0.01274445 0.05984027 -0.14509109
v 0.01284207 0.05882679 -0.14527309
v 0.02070989 0.05989689 -0.14183560
v 0.01704339 0.05887075 -0.14378384
v 0.02554888 0.05953551 -0.13898440
v 0.02770126 0.05960006 -0.13736828
v 0.02985646 0.05966133 -0.13554311
v 0.02790602 0.05998182 -0.13708925
v 0.03765896 0.05991880 -0.12660544
v 0.03680823 0.06016229 -0.12768045
v 0.03586381 0.05988926 -0.12905012
v 0.03401138 0.05984091 -0.13129903
v 0.03122059 0.05971961 -0.13426130
v 0.04131293 0.06031799 -0.12026042
v 0.04538913 0.06106734 -0.10798612
v 0.04631084 0.06070850 -0.10392448
v 0.04564367 0.06060462 -0.10799553
v 0.04661730 0.06008010 -0.10392608
v 0.04509986 0.06150846 -0.10797467
v 0.04553686 0.06183876 -0.10392017
v 0.04572073 0.06161394 -0.10392123
v 0.04610530 0.06106137 -0.10392337
v 0.04536965 0.06202464 -0.10391919
v 0.04441494 0.06230272 -0.10794418
v 0.04493803 0.06243523 -0.10391659
v 0.04402069 0.06264494 -0.10792419
v 0.04455531 0.06273112 -0.10391428
v 0.04420932 0.06295449 -0.10391220
v 0.04359668 0.06294477 -0.10790004
v 0.04409849 0.06301805 -0.10391155
v 0.04361455 0.06325560 -0.10390875
v 0.04343040 0.06333077 -0.10390775
v 0.04229033 0.06314189 -0.11197612
v 0.04171499 0.06311512 -0.11399189
v 0.04130161 0.06334567 -0.11391136
v 0.04065195 0.06332764 -0.11588402
v 0.04040686 0.06203822 -0.12009641
v 0.03812196 0.06234007 -0.12378395
v 0.03669358 0.06356101 -0.12315743
v 0.03686368 0.06347638 -0.12325148
v 0.03752239 0.06299586 -0.12356448
v 0.03703213 0.06337646 -0.12333909
v 0.03872556 0.06349505 -0.11958867
v 0.03891088 0.06340122 -0.11966125
v 0.03952859 0.06350500 -0.11769899
v 0.04141070 0.06353727 -0.11183263
v 0.04024586 0.06351535 -0.11577417
v 0.03452291 0.06354890 -0.12661196
v 0.03467744 0.06345934 -0.12672175
v 0.03483046 0.06335385 -0.12682413
v 0.03498152 0.06323374 -0.12691917
v 0.03719841 0.06326231 -0.12342037
v 0.03555661 0.06263374 -0.12722944
v 0.03204385 0.06353794 -0.12984274
v 0.03218380 0.06344391 -0.12996781
v 0.03232238 0.06333340 -0.13008457
v 0.03245920 0.06320788 -0.13019311
v 0.03272583 0.06291798 -0.13038628
v 0.03527583 0.06295498 -0.12708795
v 0.03298027 0.06258646 -0.13054882
v 0.03321946 0.06222280 -0.13068348
v 0.03582045 0.06227851 -0.12734605
v 0.03344079 0.06183249 -0.13079467
v 0.01646694 0.06162023 -0.14316268
v 0.01635920 0.06203226 -0.14298253
v 0.01624352 0.06242473 -0.14277020
v 0.02002111 0.06244712 -0.14100002
v 0.00412320 0.06276222 -0.14548591
v 0.00000000 0.06285585 -0.14560302
v 0.00000000 0.06233769 -0.14598405
v 0.00415521 0.06238740 -0.14575557
v 0.02295893 0.06351198 -0.13792102
v 0.02623729 0.06351949 -0.13552508
v 0.02305638 0.06340738 -0.13808680
v 0.02634909 0.06341793 -0.13567847
v 0.02315294 0.06328496 -0.13824213
v 0.02645984 0.06329896 -0.13582201
v 0.02656921 0.06316434 -0.13595583
v 0.02988770 0.06288488 -0.13343228
v 0.01946753 0.06350564 -0.13998784
v 0.01955004 0.06339845 -0.14016439
v 0.01963180 0.06327312 -0.14032996
v 0.02343438 0.06283037 -0.13864703
v 0.02324831 0.06314664 -0.13838711
v 0.02678249 0.06285568 -0.13619518
v 0.02698630 0.06250684 -0.13639835
v 0.03011680 0.06254416 -0.13361555
v 0.03033234 0.06217297 -0.13376822
v 0.02735631 0.06172799 -0.13671090
v 0.02927420 0.06352814 -0.13282362
v 0.02940005 0.06343011 -0.13296331
v 0.02952471 0.06331510 -0.13309388
v 0.00407276 0.06324728 -0.14499711
v 0.02016352 0.06205865 -0.14120066
v 0.01987022 0.06280895 -0.14076255
v 0.01599319 0.06311943 -0.14222705
v 0.01612106 0.06279142 -0.14251962
v 0.01212569 0.06310990 -0.14359622
v 0.01207596 0.06325589 -0.14342764
v 0.01592770 0.06326342 -0.14206438
v 0.01586142 0.06339114 -0.14189042
v 0.01579453 0.06350045 -0.14170507
v 0.01202563 0.06338546 -0.14324746
v 0.01197485 0.06349641 -0.14305553
v 0.00804338 0.06349353 -0.14402714
v 0.00807763 0.06338140 -0.14422345
v 0.00811158 0.06325051 -0.14440776
v 0.00814513 0.06310309 -0.14458025
v 0.01222283 0.06277779 -0.14389963
v 0.01429635 0.06241539 -0.14351344
v 0.01439832 0.06202127 -0.14373042
v 0.00402054 0.06358469 -0.14440258
v 0.00000000 0.06349122 -0.14480656
v 0.00403807 0.06349180 -0.14461192
v 0.00405549 0.06337897 -0.14481057
v 0.00000000 0.06347692 -0.14483453
v 0.00000000 0.06337816 -0.14500593
v 0.02717825 0.06212900 -0.13656850
v 0.02378011 0.06209089 -0.13905483
v 0.02361233 0.06247449 -0.13886847
v 0.01971257 0.06313168 -0.14048468
v 0.00838847 0.06158105 -0.14557603
v 0.00848564 0.06071505 -0.14588380
v 0.04311299 0.06040646 -0.11630662
v 0.04367642 0.06091331 -0.11425637
v 0.04676253 0.05972695 -0.10392684
v 0.04605727 0.05963191 -0.10800922
v 0.04516244 0.06055243 -0.11011730
v 0.04458230 0.06050200 -0.11221325
v 0.04491890 0.06101419 -0.11010356
v 0.04435016 0.06096285 -0.11219563
v 0.04408560 0.06140435 -0.11217404
v 0.04464179 0.06145551 -0.11008678
v 0.03909383 0.06329361 -0.11972857
v 0.03991511 0.06331029 -0.11782404
v 0.04028943 0.06306449 -0.11793077
v 0.04104535 0.06308932 -0.11597791
v 0.04142115 0.06280543 -0.11605657
v 0.04211010 0.06283840 -0.11405952
v 0.04210290 0.06211985 -0.11617449
v 0.04345721 0.06220802 -0.11211617
v 0.04378807 0.06182121 -0.11214779
v 0.04477525 0.06192222 -0.10796082
v 0.04586547 0.06012487 -0.10800315
v 0.04267752 0.06340384 -0.10783643
v 0.04314725 0.06319836 -0.10787094
v 0.04309468 0.06255993 -0.11207803
v 0.03920972 0.06023660 -0.12406361
v 0.04112853 0.06077550 -0.12023182
v 0.03904354 0.06069263 -0.12402887
v 0.04091633 0.06121766 -0.12019583
v 0.04266908 0.06130742 -0.11625408
v 0.03382130 0.06099148 -0.13096343
v 0.03648337 0.06105970 -0.12758537
v 0.03885189 0.06113509 -0.12398522
v 0.03863433 0.06155996 -0.12393109
v 0.04240147 0.06172716 -0.11621819
v 0.04067588 0.06164008 -0.12015115
v 0.03628581 0.06148681 -0.12752058
v 0.03839058 0.06196311 -0.12386484
v 0.03364176 0.06142063 -0.13088691
v 0.00426361 0.06070428 -0.14649090
v 0.01680504 0.05986504 -0.14366153
v 0.01262931 0.06073300 -0.14486817
v 0.01665481 0.06075813 -0.14344944
v 0.02052647 0.06079044 -0.14163890
v 0.02442018 0.05993581 -0.13963592
v 0.02420630 0.06082993 -0.13945803
v 0.02766409 0.06087660 -0.13693227
v 0.03114491 0.06003490 -0.13422544
v 0.03411716 0.06009505 -0.13107775
v 0.03087608 0.06093045 -0.13409016
v 0.04495096 0.05984461 -0.11191712
v 0.04389612 0.06045335 -0.11427715
v 0.04342545 0.06135499 -0.11423073
v 0.04177492 0.06248077 -0.11612136
v 0.04011069 0.06240749 -0.12002954
v 0.01449335 0.06160799 -0.14391471
v 0.01248594 0.06159737 -0.14456841
v 0.01240390 0.06201174 -0.14438069
v 0.01231591 0.06240731 -0.14415985
v 0.00821068 0.06276806 -0.14489079
v 0.00408983 0.06309901 -0.14517166
v 0.02964778 0.06318475 -0.13321541
v 0.00418552 0.06198829 -0.14598458
v 0.00421385 0.06157125 -0.14617941
v 0.00000000 0.06070069 -0.14669183
v 0.00000000 0.06027104 -0.14681295
v 0.00422392 0.05875733 -0.14693071
v 0.04310909 0.06344397 -0.10390610
v 0.04185735 0.06336438 -0.11190987
v 0.03818782 0.06327762 -0.12159546
v 0.03945039 0.06304064 -0.11984790
v 0.03852766 0.06301776 -0.12172722
v 0.03979070 0.06274322 -0.11994765
v 0.03783150 0.06268600 -0.12368498
v 0.03053200 0.06177697 -0.13389514
v 0.02393598 0.06168554 -0.13921170
v 0.02029601 0.06164962 -0.14137034
v 0.00833299 0.06199709 -0.14538352
v 0.00000000 0.06309766 -0.14536826
v -0.03382126 0.06099160 -0.13096341
v -0.03648332 0.06105981 -0.12758535
v -0.03555657 0.06263379 -0.12722942
v -0.02698627 0.06250689 -0.13639832
v -0.04361448 0.06325563 -0.10390875
v -0.04498045 0.06239883 -0.10391684
v -0.04441486 0.06230280 -0.10794418
v -0.04409843 0.06301808 -0.10391155
v -0.04402062 0.06264500 -0.10792419
v -0.04536957 0.06202471 -0.10391919
v -0.04655242 0.06022513 -0.10392575
v -0.04675065 0.05975750 -0.10392677
v -0.04495443 0.05951405 -0.11227264
v -0.04579485 0.05927034 -0.10962199
v -0.04131288 0.06031813 -0.12026041
v -0.04187711 0.05993454 -0.11941677
v -0.03914761 0.05992390 -0.12434048
v -0.03943865 0.05992671 -0.12386662
v -0.03739227 0.05991147 -0.12698877
v -0.03920968 0.06023674 -0.12406360
v -0.03550460 0.05989142 -0.12950295
v -0.03114488 0.06003504 -0.13422543
v -0.03133564 0.05972608 -0.13414803
v -0.02485557 0.05950792 -0.13946629
v -0.02815433 0.05961150 -0.13700309
v -0.01066328 0.05887261 -0.14585032
v -0.00436585 0.05876172 -0.14691687
v -0.00430396 0.05981210 -0.14672305
v -0.00563279 0.05881120 -0.14677170
v -0.00323594 0.05873278 -0.14701378
v -0.00123345 0.05876955 -0.14710365
v -0.02790599 0.05998195 -0.13708922
v -0.02095500 0.05923241 -0.14187104
v -0.02070986 0.05989702 -0.14183557
v -0.02234068 0.05935264 -0.14107426
v -0.02442015 0.05993595 -0.13963589
v -0.02420627 0.06083004 -0.13945800
v -0.02766405 0.06087671 -0.13693224
v -0.03053196 0.06177706 -0.13389511
v -0.02735627 0.06172808 -0.13671087
v -0.00426360 0.06070439 -0.14649087
v -0.00856398 0.05982272 -0.14611316
v -0.01262929 0.06073311 -0.14486814
v -0.01752156 0.05890385 -0.14357769
v -0.01680502 0.05986518 -0.14366150
v -0.02052644 0.06079055 -0.14163888
v -0.02393595 0.06168563 -0.13921167
v -0.02361230 0.06247455 -0.13886844
v -0.02378008 0.06209096 -0.13905481
v -0.02016350 0.06205872 -0.14120063
v -0.01274443 0.05984041 -0.14509107
v -0.02002109 0.06244718 -0.14099999
v -0.01624350 0.06242479 -0.14277017
v -0.01635918 0.06203233 -0.14298250
v -0.02029599 0.06164971 -0.14137031
v -0.01665479 0.06075824 -0.14344940
v -0.01646692 0.06162032 -0.14316265
v -0.01963178 0.06327314 -0.14032993
v -0.01971256 0.06313170 -0.14048465
v -0.02324829 0.06314667 -0.13838708
v -0.02656919 0.06316436 -0.13595580
v -0.02315292 0.06328498 -0.13824210
v -0.02645982 0.06329898 -0.13582198
v -0.02952468 0.06331512 -0.13309385
v -0.01202562 0.06338548 -0.14324743
v -0.01586141 0.06339116 -0.14189039
v -0.01592769 0.06326345 -0.14206435
v -0.01955003 0.06339847 -0.14016438
v -0.02305637 0.06340740 -0.13808678
v -0.02634907 0.06341795 -0.13567844
v -0.02940003 0.06343013 -0.13296328
v -0.01599318 0.06311946 -0.14222702
v -0.01449333 0.06160807 -0.14391468
v -0.01240389 0.06201182 -0.14438066
v -0.01439830 0.06202134 -0.14373039
v -0.01222282 0.06277784 -0.14389960
v -0.01429633 0.06241545 -0.14351340
v -0.01612105 0.06279147 -0.14251958
v -0.01212568 0.06310993 -0.14359619
v 0.00000000 0.06160106 -0.14636523
v 0.00000000 0.06198536 -0.14618395
v -0.00418552 0.06198836 -0.14598455
v -0.01197484 0.06349643 -0.14305550
v -0.01579452 0.06350046 -0.14170504
v -0.01946752 0.06350565 -0.13998783
v -0.02295892 0.06351200 -0.13792101
v -0.02623727 0.06351950 -0.13552506
v -0.02927418 0.06352815 -0.13282360
v -0.00833298 0.06199716 -0.14538349
v -0.01248593 0.06159746 -0.14456838
v -0.00827352 0.06239493 -0.14515720
v -0.01231589 0.06240737 -0.14415981
v -0.00821068 0.06276810 -0.14489074
v -0.00814513 0.06310313 -0.14458022
v -0.00811157 0.06325053 -0.14440773
v -0.01207595 0.06325591 -0.14342761
v -0.00804337 0.06349354 -0.14402711
v -0.00800889 0.06358583 -0.14382026
v -0.00415520 0.06238746 -0.14575553
v -0.00412319 0.06276226 -0.14548588
v -0.00408983 0.06309905 -0.14517161
v -0.00407276 0.06324731 -0.14499708
v -0.00405549 0.06337898 -0.14481054
v -0.00807762 0.06338142 -0.14422342
v -0.00403807 0.06349181 -0.14461190
v 0.00000000 0.06326491 -0.14516871
v 0.00000000 0.06316359 -0.14529420
v 0.00000000 0.06238492 -0.14595419
v -0.04392126 0.06311224 -0.10391051
v -0.04249999 0.06301296 -0.11200526
v -0.04104530 0.06308936 -0.11597789
v -0.03927382 0.06317316 -0.11979073
v -0.04085050 0.06321452 -0.11593290
v -0.04207583 0.06325918 -0.11194433
v -0.04229028 0.06314192 -0.11197610
v -0.04314719 0.06319839 -0.10787094
v -0.04267747 0.06340386 -0.10783643
v -0.04313439 0.06343582 -0.10390623
v -0.03582040 0.06227857 -0.12734604
v -0.04520557 0.06219170 -0.10391821
v -0.04345714 0.06220810 -0.11211616
v -0.04359661 0.06294481 -0.10790003
v -0.04270431 0.06287266 -0.11203185
v -0.03945034 0.06304068 -0.11984789
v -0.03736197 0.06313510 -0.12349544
v -0.04065191 0.06332766 -0.11588401
v -0.04045015 0.06342815 -0.11583113
v -0.03909380 0.06329364 -0.11972856
v -0.03891084 0.06340124 -0.11966124
v -0.03872553 0.06349507 -0.11958867
v -0.04024583 0.06351537 -0.11577416
v -0.04141067 0.06353728 -0.11183262
v -0.03719838 0.06326234 -0.12342036
v -0.03483044 0.06335387 -0.12682411
v -0.03703210 0.06337648 -0.12333908
v -0.03686366 0.06347640 -0.12325146
v -0.03467742 0.06345935 -0.12672174
v -0.03452289 0.06354892 -0.12661195
v -0.03204383 0.06353796 -0.12984273
v -0.03218377 0.06344393 -0.12996779
v -0.02964776 0.06318478 -0.13321540
v -0.02988767 0.06288492 -0.13343225
v -0.02678246 0.06285571 -0.13619517
v -0.02343436 0.06283040 -0.13864700
v -0.03669356 0.06356103 -0.12315743
v -0.03232236 0.06333342 -0.13008454
v -0.03498149 0.06323376 -0.12691915
v -0.03245918 0.06320791 -0.13019308
v -0.03011676 0.06254422 -0.13361552
v -0.04605720 0.05963209 -0.10800922
v -0.04564360 0.06060477 -0.10799552
v -0.04586540 0.06012503 -0.10800315
v -0.04491883 0.06101432 -0.11010355
v -0.04435009 0.06096298 -0.11219563
v -0.04342538 0.06135510 -0.11423072
v -0.04408553 0.06140446 -0.11217403
v -0.04378800 0.06182130 -0.11214779
v -0.04240140 0.06172725 -0.11621818
v -0.04210284 0.06211993 -0.11617447
v -0.04177487 0.06248083 -0.11612134
v -0.04040680 0.06203829 -0.12009639
v -0.04011064 0.06240755 -0.12002952
v -0.03979066 0.06274327 -0.11994763
v -0.04538906 0.06106747 -0.10798612
v -0.04577615 0.06154159 -0.10392154
v -0.04509978 0.06150857 -0.10797467
v -0.04464171 0.06145562 -0.11008678
v -0.04477517 0.06192231 -0.10796082
v -0.04309462 0.06255998 -0.11207803
v -0.04123570 0.06295280 -0.11601908
v -0.04142110 0.06280547 -0.11605655
v -0.04484758 0.05954041 -0.11257425
v -0.04458223 0.06050215 -0.11221325
v -0.04389606 0.06045349 -0.11427715
v -0.04367635 0.06091344 -0.11425637
v -0.04290602 0.06086570 -0.11628322
v -0.03863428 0.06156006 -0.12393107
v -0.04067582 0.06164017 -0.12015114
v -0.03839053 0.06196319 -0.12386482
v -0.03606439 0.06189461 -0.12744175
v -0.03812191 0.06234013 -0.12378394
v -0.03783145 0.06268604 -0.12368497
v -0.03752235 0.06299590 -0.12356447
v -0.03411712 0.06009519 -0.13107774
v -0.03680819 0.06016243 -0.12768044
v -0.03904349 0.06069276 -0.12402886
v -0.04061907 0.05994076 -0.12182483
v -0.03364171 0.06142073 -0.13088688
v -0.03628576 0.06148691 -0.12752055
v -0.03885184 0.06113520 -0.12398521
v -0.04327514 0.05971690 -0.11653845
v -0.04091628 0.06121777 -0.12019582
v -0.04112848 0.06077563 -0.12023181
v -0.04311293 0.06040660 -0.11630661
v -0.04495739 0.05953816 -0.11223863
v -0.04555714 0.05958431 -0.11013726
v -0.04516237 0.06055257 -0.11011729
v -0.04266902 0.06130753 -0.11625408
v -0.00421385 0.06157134 -0.14617936
v -0.00838846 0.06158113 -0.14557599
v -0.00848563 0.06071516 -0.14588377
v -0.01987020 0.06280899 -0.14076252
v -0.02717822 0.06212907 -0.13656847
v -0.03033230 0.06217304 -0.13376819
v -0.04185731 0.06336440 -0.11190987
v -0.03527579 0.06295501 -0.12708792
v -0.03272579 0.06291802 -0.13038625
v -0.03298023 0.06258652 -0.13054880
v -0.03321942 0.06222287 -0.13068345
v -0.03344075 0.06183257 -0.13079464
v -0.03087604 0.06093056 -0.13409013
v -0.00440142 0.05382455 -0.14724943
v -0.00439253 0.05664113 -0.14714193
v -0.03347356 0.05982959 -0.13190480
v -0.00874449 0.05664996 -0.14652029
v -0.01329810 0.05881753 -0.14513691
v -0.01554470 0.05881271 -0.14437842
v -0.01975072 0.05911377 -0.14251354
v -0.01708605 0.05823363 -0.14386314
v -0.02104107 0.05825948 -0.14198615
v -0.02478999 0.05829017 -0.13972776
v -0.02713842 0.05958509 -0.13780940
v -0.02830739 0.05832596 -0.13712080
v -0.02935236 0.05964481 -0.13599068
v -0.03434309 0.05986083 -0.13091145
v -0.03726312 0.05846792 -0.12756044
v -0.03968862 0.05852928 -0.12391642
v -0.04412569 0.05963601 -0.11451133
v -0.04352103 0.05946484 -0.11612532
v -0.04168607 0.05937836 -0.12008081
v -0.04522173 0.05876760 -0.11204728
v -0.04582971 0.05881304 -0.10994726
v -0.04683239 0.05382455 -0.10805225
v -0.02231155 0.05382455 -0.14155295
v -0.02492717 0.05382455 -0.13990378
v -0.02488100 0.05673073 -0.13983294
v -0.02599895 0.05382455 -0.13915215
v -0.00637562 0.05382455 -0.14702369
v -0.00831686 0.05889754 -0.14634570
v -0.01304278 0.05382455 -0.14558204
v -0.01301299 0.05666386 -0.14547491
v -0.01052418 0.05382455 -0.14625548
v -0.01456999 0.05382455 -0.14509222
v -0.01715511 0.05668223 -0.14400238
v -0.01719224 0.05382455 -0.14409922
v -0.02112289 0.05670455 -0.14211057
v -0.01849975 0.05382455 -0.14352843
v -0.02116643 0.05382455 -0.14219734
v -0.02840504 0.05676085 -0.13720448
v -0.04666298 0.05717306 -0.10783238
v -0.04633629 0.05885960 -0.10782096
v -0.04681996 0.05897605 -0.10518375
v -0.04640217 0.05911080 -0.10719818
v -0.04550070 0.05710602 -0.11206660
v -0.04475606 0.05707263 -0.11413315
v -0.04450543 0.05872288 -0.11411332
v -0.04391228 0.05703979 -0.11616112
v -0.04369089 0.05867936 -0.11614267
v -0.04182564 0.05859901 -0.12009920
v -0.04199684 0.05697852 -0.12011538
v -0.03982824 0.05692463 -0.12393663
v -0.04683389 0.05546025 -0.10783780
v -0.04576574 0.05382455 -0.11182258
v -0.04564002 0.05542525 -0.11207476
v -0.04741838 0.05713476 -0.10393152
v -0.04423887 0.05382455 -0.11571550
v -0.04185426 0.05382455 -0.12054014
v -0.03907583 0.05382455 -0.12519862
v -0.03742479 0.05382455 -0.12759240
v -0.03738309 0.05687638 -0.12758988
v -0.03470214 0.05382455 -0.13105598
v 0.00000000 0.05382455 -0.14745001
v -0.02954767 0.05382455 -0.13631363
v -0.03167059 0.05679496 -0.13426025
v -0.03171045 0.05382455 -0.13428912
v -0.03284340 0.05382455 -0.13312787
v -0.03455442 0.05841414 -0.13099854
v -0.03156786 0.05836711 -0.13419810
v -0.03466323 0.05683331 -0.13104208
v 0.04766470 0.04275170 -0.10393339
v 0.04708430 0.05875061 -0.10392813
v -0.04454318 0.06273962 -0.10391420
v -0.04603415 0.06117325 -0.10392298
v -0.04628864 0.06074894 -0.10392436
v -0.04708414 0.05875080 -0.10392886
v -0.04760781 0.05543713 -0.10393309
v -0.04765708 0.05439933 -0.10393358
v -0.04766247 0.05411196 -0.10393364
v -0.04766439 0.05382455 -0.10393408
v -0.04766470 0.04275170 -0.10393339
v -0.04766463 0.04828812 -0.10393331
v -0.00210384 0.05382455 -0.14740461
v -0.00440867 0.02125170 -0.14724876
v -0.00876432 0.05382455 -0.14663136
v -0.01052426 0.02125170 -0.14625546
v -0.02844853 0.05382455 -0.13725345
v -0.03474453 0.02125170 -0.13100614
v -0.03606327 0.05382455 -0.12939340
v -0.04567978 0.05382455 -0.11207716
v 0.04683116 0.05382455 -0.10805724
v 0.04766462 0.04828812 -0.10393330
v 0.00666247 0.05382455 -0.14698356
v 0.01080328 0.05382455 -0.14618884
v 0.01306401 0.02125170 -0.14557731
v 0.01479664 0.02125170 -0.14501800
v 0.02623010 0.05382455 -0.13898394
v 0.03171070 0.05382455 -0.13428886
v 0.03746761 0.02125170 -0.12753406
v 0.04191463 0.05382455 -0.12042835
v 0.04576119 0.05382455 -0.11183606
v 0.04765707 -0.05440018 -0.10393358
v 0.00000000 -0.05621865 -0.14737192
v 0.00439262 -0.05663547 -0.14714241
v 0.00692757 -0.05886422 -0.14658551
v 0.01168547 -0.05885269 -0.14559445
v 0.01284213 -0.05882762 -0.14527328
v 0.01708680 -0.05822479 -0.14386415
v 0.01704340 -0.05887154 -0.14378382
v 0.01833545 -0.05897853 -0.14320771
v 0.02081788 -0.05921944 -0.14194669
v 0.02093129 -0.05923104 -0.14188410
v 0.02104196 -0.05825062 -0.14198701
v 0.02335639 -0.05942779 -0.14045024
v 0.02450524 -0.05949223 -0.13970327
v 0.02830850 -0.05831706 -0.13712129
v 0.02479100 -0.05828130 -0.13972844
v 0.02558526 -0.05953760 -0.13895868
v 0.03122059 -0.05972039 -0.13426128
v 0.03156905 -0.05835817 -0.13419838
v 0.03188714 -0.05975613 -0.13359512
v 0.03405622 -0.05984306 -0.13124801
v 0.03590345 -0.05989096 -0.12899984
v 0.03455569 -0.05840516 -0.13099863
v 0.03726448 -0.05845889 -0.12756035
v 0.03688194 -0.05990884 -0.12769969
v 0.04155046 -0.05995351 -0.12005857
v 0.04604184 -0.05919475 -0.10871379
v 0.04583232 -0.05880362 -0.10994675
v 0.04633904 -0.05885011 -0.10782038
v 0.04723658 -0.05811679 -0.10393005
v 0.04683427 -0.05545750 -0.10783712
v 0.04766443 -0.05382533 -0.10393356
v 0.04766246 -0.05411278 -0.10393364
v 0.02975788 -0.05382533 -0.13612728
v 0.02255064 -0.05382533 -0.14141263
v 0.02492741 -0.05382533 -0.13990363
v 0.02488149 -0.05672499 -0.13983311
v 0.02623010 -0.05382533 -0.13898394
v 0.02840555 -0.05675507 -0.13720453
v 0.02844877 -0.05382533 -0.13725324
v 0.01304291 -0.05382533 -0.14558199
v 0.01301328 -0.05665817 -0.14547536
v 0.01080328 -0.05382533 -0.14618884
v 0.00874469 -0.05664429 -0.14652075
v 0.01481960 -0.05382533 -0.14500611
v 0.01719239 -0.05382533 -0.14409916
v 0.01715548 -0.05667653 -0.14400275
v 0.02116663 -0.05382533 -0.14219724
v 0.03167112 -0.05678914 -0.13426016
v 0.02112333 -0.05669883 -0.14211085
v 0.01620818 -0.05883064 -0.14412466
v 0.01425750 -0.05880686 -0.14483140
v 0.04666414 -0.05716667 -0.10783173
v 0.04692378 -0.05890950 -0.10467312
v 0.04529746 -0.05942371 -0.11125512
v 0.04522419 -0.05875824 -0.11204682
v 0.04369299 -0.05867010 -0.11614229
v 0.04182739 -0.05858985 -0.12009889
v 0.04077668 -0.05995054 -0.12153228
v 0.03769471 -0.05992026 -0.12655406
v 0.04391316 -0.05703364 -0.11616061
v 0.04450771 -0.05871357 -0.11411291
v 0.04199757 -0.05697246 -0.12011491
v 0.03982887 -0.05691865 -0.12393623
v 0.03969014 -0.05852019 -0.12391621
v 0.03466378 -0.05682745 -0.13104187
v 0.02988467 -0.05966309 -0.13551764
v 0.02773378 -0.05960167 -0.13734242
v 0.04683116 -0.05382533 -0.10805724
v 0.04564041 -0.05542257 -0.11207415
v 0.04550175 -0.05709975 -0.11206604
v 0.04475703 -0.05706641 -0.11413262
v 0.04352408 -0.05945439 -0.11612507
v 0.04168867 -0.05936798 -0.12008065
v 0.04330295 -0.05971343 -0.11647677
v 0.04191463 -0.05382533 -0.12042835
v 0.00000000 -0.05382533 -0.14745001
v 0.00421434 -0.05875787 -0.14693189
v 0.00190280 -0.05874879 -0.14708468
v 0.00440146 -0.05382533 -0.14724943
v 0.00666247 -0.05382533 -0.14698356
v 0.03302458 -0.05382533 -0.13293527
v 0.03738366 -0.05687047 -0.12758955
v -0.04576590 -0.02125248 -0.11182211
v -0.04423906 -0.02125248 -0.11571509
v -0.04185446 -0.02125248 -0.12053978
v -0.03907604 -0.02125248 -0.12519830
v -0.03606348 -0.02125248 -0.12939315
v -0.03284360 -0.02125248 -0.13312766
v -0.03175171 -0.02125248 -0.13424809
v -0.02954786 -0.02125248 -0.13631345
v -0.02231171 -0.02125248 -0.14155287
v -0.00440867 -0.02125248 -0.14724876
v -0.03989666 -0.02080731 -0.12385491
v -0.02599913 -0.02125248 -0.13915202
v -0.02848772 -0.02125248 -0.13722090
v -0.02496324 -0.02125248 -0.13987924
v -0.00637567 -0.02125248 -0.14702369
v 0.00236611 -0.02125248 -0.14739469
v 0.00663057 -0.02125248 -0.14698754
v 0.00440871 -0.02125248 -0.14724970
v 0.02848837 -0.02125248 -0.13722213
v 0.02975687 -0.02125248 -0.13613111
v 0.03175287 -0.02125248 -0.13424972
v 0.03302333 -0.02125248 -0.13293797
v 0.03474434 -0.02125248 -0.13100642
v 0.03746761 -0.02125248 -0.12753405
v 0.03921101 -0.02125248 -0.12499230
v 0.03989645 -0.02080731 -0.12385526
v 0.04423761 -0.02125248 -0.11571822
v 0.04683204 -0.02125248 -0.10805723
v 0.01077430 -0.02125248 -0.14619522
v 0.01872147 -0.02125248 -0.14343111
v 0.01479664 -0.02125248 -0.14501800
v 0.01306401 -0.02125248 -0.14557731
v 0.04185735 -0.06336516 -0.11190987
v 0.03298027 -0.06258725 -0.13054882
v 0.03555661 -0.06263452 -0.12722944
v 0.00407276 -0.06324806 -0.14499711
v 0.00000000 -0.06337894 -0.14500593
v 0.03087608 -0.06093124 -0.13409016
v 0.04438742 -0.05961178 -0.11383223
v 0.04342636 -0.06333291 -0.10391353
v 0.04409835 -0.06301861 -0.10391650
v 0.04445719 -0.06279895 -0.10391796
v 0.04402069 -0.06264572 -0.10792419
v 0.04455518 -0.06273177 -0.10391835
v 0.04536944 -0.06202523 -0.10392146
v 0.04553305 -0.06184350 -0.10392207
v 0.04509986 -0.06150924 -0.10797467
v 0.04661636 -0.06008295 -0.10392632
v 0.04676237 -0.05972767 -0.10392696
v 0.04665438 -0.05904980 -0.10599711
v 0.04311299 -0.06040724 -0.11630662
v 0.03918099 -0.05993702 -0.12428113
v 0.03920972 -0.06023738 -0.12406361
v 0.03680823 -0.06016307 -0.12768045
v 0.02790602 -0.05998260 -0.13708925
v 0.02070989 -0.05989767 -0.14183560
v 0.02442018 -0.05993659 -0.13963592
v 0.02766409 -0.06087738 -0.13693227
v 0.02717825 -0.06212978 -0.13656850
v 0.02735631 -0.06172877 -0.13671090
v 0.02420630 -0.06083071 -0.13945803
v 0.02393598 -0.06168632 -0.13921170
v 0.02052647 -0.06079122 -0.14163890
v 0.01680504 -0.05986582 -0.14366153
v 0.02002111 -0.06244790 -0.14100002
v 0.02378011 -0.06209167 -0.13905483
v 0.02016352 -0.06205942 -0.14120066
v 0.02029601 -0.06165040 -0.14137034
v 0.01665481 -0.06075891 -0.14344944
v 0.01274445 -0.05984105 -0.14509109
v 0.02623729 -0.06352027 -0.13552508
v 0.02927420 -0.06352892 -0.13282362
v 0.02952471 -0.06331588 -0.13309388
v 0.02634909 -0.06341872 -0.13567847
v 0.02295893 -0.06351276 -0.13792102
v 0.02305638 -0.06340816 -0.13808680
v 0.02645984 -0.06329973 -0.13582201
v 0.01946753 -0.06350642 -0.13998784
v 0.01955004 -0.06339923 -0.14016439
v 0.02315294 -0.06328574 -0.13824213
v 0.02324831 -0.06314743 -0.13838711
v 0.01963180 -0.06327390 -0.14032996
v 0.01635920 -0.06203304 -0.14298253
v 0.01439832 -0.06202205 -0.14373042
v 0.01646694 -0.06162101 -0.14316268
v 0.01449335 -0.06160877 -0.14391471
v 0.01262931 -0.06073378 -0.14486817
v 0.00000000 -0.06233847 -0.14598405
v 0.00000000 -0.06198614 -0.14618395
v 0.00000000 -0.06160184 -0.14636523
v 0.00421385 -0.06157203 -0.14617941
v 0.00000000 -0.06070147 -0.14669183
v 0.01579453 -0.06350123 -0.14170507
v 0.01197485 -0.06349719 -0.14305553
v 0.01586142 -0.06339192 -0.14189042
v 0.01202563 -0.06338624 -0.14324746
v 0.01207596 -0.06325667 -0.14342764
v 0.01599319 -0.06312021 -0.14222705
v 0.01612106 -0.06279220 -0.14251962
v 0.01222283 -0.06277858 -0.14389963
v 0.01429635 -0.06241618 -0.14351344
v 0.01231591 -0.06240809 -0.14415985
v 0.01240390 -0.06201252 -0.14438069
v 0.01248594 -0.06159815 -0.14456841
v 0.00848564 -0.06071583 -0.14588380
v 0.00856399 -0.05982336 -0.14611319
v 0.00405549 -0.06337975 -0.14481057
v 0.00403807 -0.06349258 -0.14461192
v 0.00000000 -0.06349202 -0.14480653
v 0.00402054 -0.06358547 -0.14440258
v 0.00000000 -0.05886605 -0.14710458
v 0.00430396 -0.05981274 -0.14672308
v 0.00838847 -0.06158182 -0.14557603
v 0.00833299 -0.06199787 -0.14538352
v 0.00827353 -0.06239565 -0.14515723
v 0.00821068 -0.06276884 -0.14489079
v 0.00814513 -0.06310388 -0.14458025
v 0.01212569 -0.06311068 -0.14359622
v 0.00811158 -0.06325129 -0.14440776
v 0.00807763 -0.06338218 -0.14422345
v 0.00804338 -0.06349431 -0.14402714
v 0.00000000 -0.06326570 -0.14516871
v 0.00408983 -0.06309979 -0.14517166
v 0.00000000 -0.06316436 -0.14529420
v 0.00000000 -0.06309844 -0.14536826
v 0.00000000 -0.06285663 -0.14560302
v 0.00412320 -0.06276300 -0.14548591
v 0.00000000 -0.06238570 -0.14595419
v 0.04361448 -0.06325631 -0.10391439
v 0.04359668 -0.06294555 -0.10790004
v 0.04314725 -0.06319913 -0.10787094
v 0.04250005 -0.06301370 -0.11200526
v 0.04104535 -0.06309010 -0.11597791
v 0.04085054 -0.06321527 -0.11593291
v 0.04229033 -0.06314267 -0.11197612
v 0.04207588 -0.06325994 -0.11194434
v 0.04267752 -0.06340463 -0.10783643
v 0.04310902 -0.06344459 -0.10391201
v 0.03321946 -0.06222359 -0.13068348
v 0.03606444 -0.06189531 -0.12744176
v 0.04477525 -0.06192300 -0.10796082
v 0.04493245 -0.06244043 -0.10391981
v 0.04441494 -0.06230351 -0.10794418
v 0.04345721 -0.06220881 -0.11211617
v 0.04270437 -0.06287339 -0.11203185
v 0.04123575 -0.06295354 -0.11601909
v 0.03945039 -0.06304143 -0.11984790
v 0.03927386 -0.06317391 -0.11979075
v 0.04045019 -0.06342892 -0.11583114
v 0.04141070 -0.06353805 -0.11183263
v 0.03909383 -0.06329440 -0.11972857
v 0.04065195 -0.06332842 -0.11588402
v 0.03891088 -0.06340200 -0.11966125
v 0.03872556 -0.06349584 -0.11958867
v 0.04024586 -0.06351613 -0.11577417
v 0.03686368 -0.06347717 -0.12325148
v 0.03467744 -0.06346012 -0.12672175
v 0.03703213 -0.06337724 -0.12333909
v 0.03669358 -0.06356180 -0.12315743
v 0.03452291 -0.06354968 -0.12661196
v 0.03204385 -0.06353872 -0.12984274
v 0.03218380 -0.06344470 -0.12996781
v 0.03483046 -0.06335463 -0.12682413
v 0.03232238 -0.06333418 -0.13008457
v 0.03498152 -0.06323452 -0.12691917
v 0.03245920 -0.06320866 -0.13019311
v 0.03272583 -0.06291876 -0.13038628
v 0.02988770 -0.06288566 -0.13343228
v 0.02678249 -0.06285646 -0.13619518
v 0.02698630 -0.06250762 -0.13639835
v 0.02343438 -0.06283114 -0.13864703
v 0.02361233 -0.06247527 -0.13886847
v 0.01987022 -0.06280973 -0.14076255
v 0.04605727 -0.05963269 -0.10800922
v 0.04555720 -0.05958492 -0.11013726
v 0.04586547 -0.06012565 -0.10800315
v 0.04491890 -0.06101498 -0.11010356
v 0.04464179 -0.06145629 -0.11008678
v 0.04408560 -0.06140513 -0.11217404
v 0.04631070 -0.06070921 -0.10392506
v 0.04564367 -0.06060541 -0.10799553
v 0.04516244 -0.06055321 -0.11011730
v 0.04435016 -0.06096363 -0.11219563
v 0.04378807 -0.06182199 -0.11214779
v 0.04210290 -0.06212064 -0.11617449
v 0.04011069 -0.06240827 -0.12002954
v 0.04177492 -0.06248156 -0.11612136
v 0.04142115 -0.06280621 -0.11605657
v 0.03979070 -0.06274401 -0.11994765
v 0.04538913 -0.06106812 -0.10798612
v 0.04572055 -0.06161459 -0.10392278
v 0.04309468 -0.06256071 -0.11207803
v 0.04389612 -0.06045413 -0.11427715
v 0.04290609 -0.06086635 -0.11628322
v 0.04266908 -0.06130820 -0.11625408
v 0.03812196 -0.06234084 -0.12378395
v 0.03582045 -0.06227928 -0.12734605
v 0.03783150 -0.06268677 -0.12368498
v 0.03648337 -0.06106048 -0.12758537
v 0.03904354 -0.06069341 -0.12402887
v 0.04131293 -0.06031877 -0.12026042
v 0.03628581 -0.06148759 -0.12752058
v 0.03885189 -0.06113587 -0.12398522
v 0.04112853 -0.06077628 -0.12023182
v 0.04195120 -0.05992721 -0.11927184
v 0.04495081 -0.05984719 -0.11191542
v 0.04091633 -0.06121844 -0.12019583
v 0.03863433 -0.06156074 -0.12393109
v 0.03344079 -0.06183327 -0.13079467
v 0.04458230 -0.06050278 -0.11221325
v 0.04367642 -0.06091409 -0.11425637
v 0.04342545 -0.06135577 -0.11423073
v 0.04240147 -0.06172794 -0.11621819
v 0.04067588 -0.06164086 -0.12015115
v 0.04040686 -0.06203900 -0.12009641
v 0.03839058 -0.06196389 -0.12386484
v 0.03752239 -0.06299664 -0.12356448
v 0.03736201 -0.06313585 -0.12349545
v 0.00415521 -0.06238819 -0.14575557
v 0.00418552 -0.06198907 -0.14598458
v 0.00426361 -0.06070506 -0.14649090
v 0.00000000 -0.06027182 -0.14681295
v 0.02940005 -0.06343089 -0.13296331
v 0.02964778 -0.06318553 -0.13321541
v 0.02656921 -0.06316511 -0.13595583
v 0.01971257 -0.06313246 -0.14048468
v 0.00917109 -0.05889836 -0.14617920
v 0.01624352 -0.06242551 -0.14277020
v 0.01592770 -0.06326421 -0.14206438
v 0.03719841 -0.06326310 -0.12342037
v 0.03527583 -0.06295575 -0.12708795
v 0.03011680 -0.06254494 -0.13361555
v 0.03033234 -0.06217375 -0.13376822
v 0.03364176 -0.06142141 -0.13088691
v 0.03053200 -0.06177776 -0.13389514
v 0.03114491 -0.06003568 -0.13422544
v 0.03382130 -0.06099227 -0.13096343
v 0.03411716 -0.06009584 -0.13107775
v -0.04555714 -0.05958509 -0.11013726
v -0.04458223 -0.06050293 -0.11221325
v -0.00408983 -0.06309983 -0.14517161
v -0.00814513 -0.06310391 -0.14458022
v -0.00415520 -0.06238825 -0.14575553
v -0.00833298 -0.06199794 -0.14538349
v -0.00838846 -0.06158191 -0.14557599
v -0.03839053 -0.06196397 -0.12386482
v -0.04270431 -0.06287344 -0.11203185
v -0.04309462 -0.06256077 -0.11207803
v -0.04638995 -0.05911382 -0.10725290
v -0.04605720 -0.05963287 -0.10800922
v -0.00436585 -0.05876253 -0.14691715
v -0.00430396 -0.05981288 -0.14672305
v -0.00341633 -0.05873614 -0.14700070
v -0.00851088 -0.05890052 -0.14630905
v -0.00856398 -0.05982349 -0.14611316
v -0.01084346 -0.05886995 -0.14580722
v -0.01274443 -0.05984119 -0.14509107
v -0.01350362 -0.05881493 -0.14507385
v -0.01680502 -0.05986596 -0.14366150
v -0.01704297 -0.05887147 -0.14378402
v -0.02095510 -0.05923320 -0.14187098
v -0.02025539 -0.05916512 -0.14224996
v -0.02070986 -0.05989781 -0.14183557
v -0.02499404 -0.05951467 -0.13937145
v -0.02442015 -0.05993673 -0.13963589
v -0.02728449 -0.05958984 -0.13769630
v -0.02790599 -0.05998274 -0.13708922
v -0.02948024 -0.05964962 -0.13587840
v -0.03114488 -0.06003582 -0.13422543
v -0.03357859 -0.05983476 -0.13178730
v -0.03560419 -0.05989463 -0.12937738
v -0.03411712 -0.06009597 -0.13107774
v -0.03680819 -0.06016321 -0.12768044
v -0.04069035 -0.05994251 -0.12169510
v -0.03922955 -0.05992537 -0.12420901
v -0.03920968 -0.06023752 -0.12406360
v -0.04131288 -0.06031891 -0.12026041
v -0.04183922 -0.05993878 -0.11949176
v -0.04290602 -0.06086648 -0.11628322
v -0.04509978 -0.06150935 -0.10797467
v -0.04538906 -0.06106824 -0.10798612
v -0.04631062 -0.06070936 -0.10392506
v -0.04441486 -0.06230358 -0.10794418
v -0.04402062 -0.06264577 -0.10792419
v -0.04455511 -0.06273182 -0.10391835
v -0.04359661 -0.06294560 -0.10790003
v -0.04392445 -0.06311128 -0.10391577
v -0.04361442 -0.06325634 -0.10391439
v -0.04267747 -0.06340464 -0.10783643
v -0.04314085 -0.06343433 -0.10391217
v -0.04171494 -0.06311593 -0.11399188
v -0.04211004 -0.06283922 -0.11405951
v -0.04229028 -0.06314270 -0.11197610
v -0.04130157 -0.06334647 -0.11391135
v -0.04104530 -0.06309014 -0.11597789
v -0.04065191 -0.06332844 -0.11588401
v -0.03272579 -0.06291880 -0.13038625
v -0.03555657 -0.06263457 -0.12722942
v -0.03527579 -0.06295580 -0.12708792
v -0.03752235 -0.06299668 -0.12356447
v -0.03852762 -0.06301858 -0.12172721
v -0.03719838 -0.06326312 -0.12342036
v -0.03498149 -0.06323455 -0.12691915
v -0.03703210 -0.06337726 -0.12333908
v -0.03891084 -0.06340202 -0.11966124
v -0.03818778 -0.06327843 -0.12159544
v -0.03344075 -0.06183335 -0.13079464
v -0.03321942 -0.06222365 -0.13068345
v -0.03033230 -0.06217382 -0.13376819
v -0.03053196 -0.06177784 -0.13389511
v -0.02393595 -0.06168640 -0.13921167
v -0.02016350 -0.06205950 -0.14120063
v -0.03582040 -0.06227935 -0.12734604
v -0.03298023 -0.06258730 -0.13054880
v -0.03011676 -0.06254500 -0.13361552
v -0.02698627 -0.06250767 -0.13639832
v -0.02717822 -0.06212985 -0.13656847
v -0.02378008 -0.06209174 -0.13905481
v -0.02361230 -0.06247533 -0.13886844
v -0.02988767 -0.06288570 -0.13343225
v -0.02678246 -0.06285650 -0.13619517
v -0.02343436 -0.06283119 -0.13864700
v -0.01987020 -0.06280977 -0.14076252
v -0.01429633 -0.06241624 -0.14351340
v -0.01231589 -0.06240815 -0.14415981
v -0.01240389 -0.06201260 -0.14438066
v -0.01439830 -0.06202212 -0.14373039
v -0.01449333 -0.06160885 -0.14391468
v -0.01624350 -0.06242556 -0.14277017
v -0.01635918 -0.06203312 -0.14298250
v -0.02002109 -0.06244796 -0.14099999
v -0.02029599 -0.06165048 -0.14137031
v -0.00412319 -0.06276304 -0.14548588
v -0.00418552 -0.06198915 -0.14598455
v -0.01222282 -0.06277862 -0.14389960
v -0.01612105 -0.06279225 -0.14251958
v -0.01599318 -0.06312024 -0.14222702
v -0.01971256 -0.06313249 -0.14048465
v -0.02656919 -0.06316514 -0.13595580
v -0.02964776 -0.06318556 -0.13321540
v -0.02623727 -0.06352028 -0.13552506
v -0.02305637 -0.06340818 -0.13808678
v -0.02634907 -0.06341873 -0.13567844
v -0.02940003 -0.06343091 -0.13296328
v -0.02927418 -0.06352893 -0.13282360
v -0.03204383 -0.06353874 -0.12984273
v -0.03452289 -0.06354970 -0.12661195
v -0.03218377 -0.06344471 -0.12996779
v -0.03467742 -0.06346013 -0.12672174
v -0.03872553 -0.06349585 -0.11958867
v -0.03952856 -0.06350580 -0.11769898
v -0.01592769 -0.06326424 -0.14206435
v -0.01963178 -0.06327392 -0.14032993
v -0.02324829 -0.06314746 -0.13838708
v -0.02645982 -0.06329975 -0.13582198
v -0.02952468 -0.06331591 -0.13309385
v -0.03245918 -0.06320869 -0.13019308
v -0.03232236 -0.06333420 -0.13008454
v -0.03483044 -0.06335466 -0.12682411
v -0.03686366 -0.06347718 -0.12325146
v -0.02315292 -0.06328576 -0.13824210
v -0.01955003 -0.06339925 -0.14016438
v -0.02295892 -0.06351278 -0.13792101
v -0.03669356 -0.06356180 -0.12315743
v -0.04024583 -0.06351615 -0.11577416
v -0.04141067 -0.06353807 -0.11183262
v -0.00811157 -0.06325132 -0.14440773
v -0.00407276 -0.06324808 -0.14499708
v -0.01586141 -0.06339194 -0.14189039
v -0.01579452 -0.06350125 -0.14170504
v -0.01202562 -0.06338626 -0.14324743
v -0.00804337 -0.06349432 -0.14402711
v -0.00807762 -0.06338220 -0.14422342
v -0.00403807 -0.06349259 -0.14461190
v -0.00405549 -0.06337976 -0.14481054
v 0.00000000 -0.06347770 -0.14483453
v -0.01197484 -0.06349721 -0.14305550
v -0.00800889 -0.06358661 -0.14382026
v -0.00426360 -0.06070517 -0.14649087
v -0.04389606 -0.06045427 -0.11427715
v -0.04311293 -0.06040738 -0.11630661
v -0.04367635 -0.06091422 -0.11425637
v -0.04342538 -0.06135588 -0.11423072
v -0.04681952 -0.05897683 -0.10518469
v -0.04682519 -0.05956069 -0.10392725
v -0.04586540 -0.06012581 -0.10800315
v -0.04516237 -0.06055335 -0.11011729
v -0.04491883 -0.06101510 -0.11010355
v -0.04435009 -0.06096376 -0.11219563
v -0.04464171 -0.06145640 -0.11008678
v -0.04408553 -0.06140524 -0.11217403
v -0.04028938 -0.06306531 -0.11793076
v -0.04142110 -0.06280626 -0.11605655
v -0.04177487 -0.06248162 -0.11612134
v -0.04210284 -0.06212071 -0.11617447
v -0.04477517 -0.06192309 -0.10796082
v -0.04378800 -0.06182208 -0.11214779
v -0.04564360 -0.06060555 -0.10799552
v -0.04314719 -0.06319916 -0.10787094
v -0.04345714 -0.06220888 -0.11211616
v -0.04266902 -0.06130831 -0.11625408
v -0.03748173 -0.05991279 -0.12686260
v -0.03904349 -0.06069354 -0.12402886
v -0.04112848 -0.06077641 -0.12023181
v -0.04091628 -0.06121856 -0.12019582
v -0.03087604 -0.06093135 -0.13409013
v -0.03382126 -0.06099238 -0.13096341
v -0.03364171 -0.06142151 -0.13088688
v -0.03628576 -0.06148769 -0.12752055
v -0.03863428 -0.06156084 -0.12393107
v -0.03885184 -0.06113598 -0.12398521
v -0.04040680 -0.06203907 -0.12009639
v -0.04067582 -0.06164095 -0.12015114
v -0.03606439 -0.06189539 -0.12744175
v -0.00848563 -0.06071594 -0.14588377
v -0.01262929 -0.06073389 -0.14486814
v -0.01665479 -0.06075902 -0.14344940
v -0.02052644 -0.06079133 -0.14163888
v -0.02420627 -0.06083082 -0.13945800
v -0.03648332 -0.06106059 -0.12758535
v -0.04240140 -0.06172803 -0.11621818
v -0.04577087 -0.05927855 -0.10970642
v -0.04495739 -0.05953894 -0.11223863
v -0.04491634 -0.05952486 -0.11238045
v -0.04011064 -0.06240833 -0.12002952
v -0.03979066 -0.06274405 -0.11994763
v -0.03909380 -0.06329442 -0.11972856
v -0.01946752 -0.06350643 -0.13998783
v -0.01207595 -0.06325670 -0.14342761
v -0.01212568 -0.06311072 -0.14359619
v -0.00821068 -0.06276888 -0.14489074
v -0.00827352 -0.06239571 -0.14515720
v -0.00421385 -0.06157212 -0.14617936
v -0.00139157 -0.05876273 -0.14710040
v -0.04185731 -0.06336518 -0.11190987
v -0.03991507 -0.06331109 -0.11782403
v -0.03945034 -0.06304146 -0.11984789
v -0.03783145 -0.06268682 -0.12368497
v -0.03812191 -0.06234091 -0.12378394
v -0.02735627 -0.06172886 -0.13671087
v -0.02766405 -0.06087749 -0.13693224
v -0.01646692 -0.06162110 -0.14316265
v -0.01248593 -0.06159824 -0.14456838
v -0.03470214 -0.05382533 -0.13105598
v -0.04576574 -0.05382533 -0.11182258
v -0.04633618 -0.05886080 -0.10782096
v -0.04666293 -0.05717414 -0.10783238
v -0.04760932 -0.05541369 -0.10393322
v -0.04683388 -0.05546118 -0.10783780
v -0.04765708 -0.05440011 -0.10393358
v -0.04683239 -0.05382533 -0.10805225
v -0.04766247 -0.05411274 -0.10393364
v -0.04496621 -0.05951170 -0.11223919
v -0.04582960 -0.05881424 -0.10994726
v -0.04168597 -0.05937960 -0.12008080
v -0.03455438 -0.05841532 -0.13099852
v -0.02815436 -0.05961226 -0.13700314
v -0.02830736 -0.05832715 -0.13712077
v -0.03156782 -0.05836829 -0.13419808
v -0.03144419 -0.05973297 -0.13404049
v -0.03434295 -0.05986197 -0.13091137
v -0.02478995 -0.05829135 -0.13972773
v -0.02259645 -0.05937299 -0.14092046
v -0.02104104 -0.05826066 -0.14198610
v -0.01796267 -0.05893935 -0.14338073
v -0.01715510 -0.05668328 -0.14400235
v -0.00874449 -0.05665100 -0.14652026
v -0.00586045 -0.05882096 -0.14674203
v -0.04182558 -0.05860021 -0.12009919
v -0.04352092 -0.05946609 -0.11612532
v -0.04309215 -0.05974775 -0.11693715
v -0.04391225 -0.05704086 -0.11616112
v -0.04199682 -0.05697958 -0.12011538
v -0.03968856 -0.05853047 -0.12391642
v -0.03726307 -0.05846911 -0.12756042
v -0.03738308 -0.05687744 -0.12758987
v -0.03466322 -0.05683437 -0.13104208
v -0.03284340 -0.05382533 -0.13312787
v -0.03171045 -0.05382533 -0.13428912
v -0.02954767 -0.05382533 -0.13631363
v -0.02840503 -0.05676190 -0.13720447
v -0.02112288 -0.05670560 -0.14211056
v -0.02488099 -0.05673178 -0.13983293
v -0.02844853 -0.05382533 -0.13725345
v -0.02599895 -0.05382533 -0.13915215
v -0.02492717 -0.05382533 -0.13990378
v -0.00439253 -0.05664218 -0.14714192
v -0.00876432 -0.05382533 -0.14663136
v -0.01301298 -0.05666490 -0.14547490
v -0.01456999 -0.05382533 -0.14509222
v -0.01304278 -0.05382533 -0.14558204
v -0.01052418 -0.05382533 -0.14625548
v -0.04567978 -0.05382533 -0.11207716
v -0.04564001 -0.05542618 -0.11207476
v -0.04423887 -0.05382533 -0.11571550
v -0.04475603 -0.05707370 -0.11413315
v -0.04450534 -0.05872407 -0.11411331
v -0.04522163 -0.05876880 -0.11204727
v -0.04550067 -0.05710709 -0.11206660
v -0.03606327 -0.05382533 -0.12939340
v -0.03742479 -0.05382533 -0.12759240
v -0.03907583 -0.05382533 -0.12519862
v -0.03982823 -0.05692569 -0.12393663
v -0.04185426 -0.05382533 -0.12054014
v -0.04369082 -0.05868055 -0.11614266
v -0.04406152 -0.05964229 -0.11467370
v -0.00210384 -0.05382533 -0.14740461
v -0.00637562 -0.05382533 -0.14702369
v -0.03167057 -0.05679601 -0.13426025
v -0.01708602 -0.05823481 -0.14386310
v -0.01597008 -0.05882318 -0.14421740
v 0.04766470 -0.04275248 -0.10393339
v 0.04766462 -0.04828890 -0.10393329
v 0.04750953 -0.05647262 -0.10393175
v 0.04708430 -0.05875139 -0.10392813
v 0.04610321 -0.06106524 -0.10392424
v 0.04420216 -0.06295913 -0.10391694
v -0.04409828 -0.06301865 -0.10391650
v -0.04465478 -0.06266007 -0.10391875
v -0.04498028 -0.06239942 -0.10391999
v -0.04586566 -0.06142044 -0.10392333
v -0.04572047 -0.06161470 -0.10392278
v -0.04530421 -0.06209340 -0.10392121
v -0.04637292 -0.06059260 -0.10392531
v -0.04708414 -0.05875158 -0.10392886
v -0.04740267 -0.05723407 -0.10393146
v -0.04766439 -0.05382533 -0.10393408
v -0.04766463 -0.04828890 -0.10393331
v -0.04766470 -0.04275248 -0.10393339
v -0.04683251 -0.02125248 -0.10805174
v -0.00210385 -0.02125248 -0.14740461
v -0.00440142 -0.05382533 -0.14724943
v -0.00877861 -0.02125248 -0.14662860
v -0.01052426 -0.02125248 -0.14625546
v -0.01306367 -0.02125248 -0.14557575
v -0.01849989 -0.02125248 -0.14352837
v -0.01719224 -0.05382533 -0.14409922
v -0.01849975 -0.05382533 -0.14352843
v -0.02119837 -0.02125248 -0.14217998
v -0.02116643 -0.05382533 -0.14219734
v -0.02231155 -0.05382533 -0.14155295
v -0.03474453 -0.02125248 -0.13100614
v -0.03746749 -0.02125248 -0.12753351
v 0.00238994 -0.05382533 -0.14739139
v 0.00876442 -0.05382533 -0.14663133
v 0.04576119 -0.05382533 -0.11183606
v 0.04491082 -0.05382533 -0.11414173
v 0.04423547 -0.05382533 -0.11572301
v 0.03921055 -0.05382533 -0.12499209
v 0.03742505 -0.05382533 -0.12759201
v 0.03623065 -0.02125248 -0.12918021
v 0.03623096 -0.05382533 -0.12917933
v 0.03470241 -0.05382533 -0.13105565
v 0.03171070 -0.05382533 -0.13428886
v 0.02253967 -0.02125248 -0.14141908
v 0.02119883 -0.02125248 -0.14218128
v 0.01873679 -0.05382533 -0.14341934
v -0.00998644 -0.06445248 -0.14143334
v -0.00455410 -0.06445248 -0.14243992
v 0.00096511 -0.06445248 -0.14268836
v 0.00998644 -0.06445248 -0.06396668
v 0.00455410 -0.06445248 -0.06296010
v -0.00096511 -0.06445248 -0.06271165
v 0.01039494 -0.06445248 -0.14132571
v 0.01561803 -0.06445248 -0.13952497
v 0.02054318 -0.06445248 -0.13702169
v 0.02507642 -0.06445248 -0.13386366
v 0.03238424 -0.06445248 -0.07922105
v 0.02884017 -0.06445248 -0.07498278
v 0.02474591 -0.06445248 -0.07127327
v 0.02017957 -0.06445248 -0.06816329
v 0.01522826 -0.06445248 -0.06571217
v 0.03988936 -0.06445248 -0.09972693
v 0.03909921 -0.06445248 -0.09425893
v 0.03756316 -0.06445248 -0.08895195
v 0.02913127 -0.06445248 -0.13011111
v 0.03263039 -0.06445248 -0.12583564
v 0.03550701 -0.06445248 -0.12111881
v 0.03770625 -0.06445248 -0.11605060
v 0.03918617 -0.06445248 -0.11072771
v 0.03991853 -0.06445248 -0.10525165
v -0.03238424 -0.06445248 -0.12617896
v -0.02884017 -0.06445248 -0.13041724
v -0.02474591 -0.06445248 -0.13412675
v -0.02017957 -0.06445248 -0.13723673
v -0.01522826 -0.06445248 -0.13968785
v -0.00572074 -0.06445248 -0.06311121
v -0.01039494 -0.06445248 -0.06407430
v -0.02054318 -0.06445248 -0.06837833
v -0.02507642 -0.06445248 -0.07153635
v -0.03988936 -0.06445248 -0.10567308
v -0.03909921 -0.06445248 -0.11114109
v -0.03756316 -0.06445248 -0.11644807
v -0.03531051 -0.06445248 -0.12149277
v -0.03263039 -0.06445248 -0.07956437
v -0.03550701 -0.06445248 -0.08428120
v -0.03770625 -0.06445248 -0.08934941
v -0.03918617 -0.06445248 -0.09467231
v -0.03991853 -0.06445248 -0.10014836
v -0.01039494 0.06445248 -0.06407430
v -0.00572074 0.06445248 -0.06311121
v -0.00096511 0.06445248 -0.06271165
v 0.01039494 0.06445248 -0.14132571
v 0.00572074 0.06445248 -0.14228880
v 0.03988936 0.06445248 -0.09972693
v 0.03991853 0.06445248 -0.10525165
v 0.03918617 0.06445248 -0.11072771
v 0.03770625 0.06445248 -0.11605060
v 0.03550701 0.06445248 -0.12111881
v 0.03263039 0.06445248 -0.12583564
v 0.02913127 0.06445248 -0.13011111
v 0.02507642 0.06445248 -0.13386366
v 0.02054318 0.06445248 -0.13702169
v 0.00096511 0.06445248 -0.14268836
v -0.00455410 0.06445248 -0.14243992
v -0.00998644 0.06445248 -0.14143334
v -0.01522826 0.06445248 -0.13968785
v -0.02017957 0.06445248 -0.13723673
v -0.02474591 0.06445248 -0.13412675
v 0.00455410 0.06445248 -0.06296010
v 0.00998644 0.06445248 -0.06396668
v 0.01522826 0.06445248 -0.06571217
v 0.02474591 0.06445248 -0.07127327
v 0.02884017 0.06445248 -0.07498278
v 0.03238424 0.06445248 -0.07922105
v 0.03531051 0.06445248 -0.08390725
v 0.03756316 0.06445248 -0.08895195
v 0.03909921 0.06445248 -0.09425893
v -0.03263039 0.06445248 -0.07956437
v -0.02913127 0.06445248 -0.07528890
v -0.02507642 0.06445248 -0.07153635
v -0.02054318 0.06445248 -0.06837833
v -0.03991853 0.06445248 -0.10014836
v -0.03918617 0.06445248 -0.09467231
v -0.03770625 0.06445248 -0.08934941
v -0.03550701 0.06445248 -0.08428120
v -0.02884017 0.06445248 -0.13041724
v -0.03238424 0.06445248 -0.12617896
v -0.03531051 0.06445248 -0.12149277
v -0.03756316 0.06445248 -0.11644807
v -0.03988936 0.06445248 -0.10567308
v 0.01561803 0.06445248 -0.13952497
v 0.00572074 -0.06445248 -0.14228880
v 0.03531051 -0.06445248 -0.08390725
v 0.02017957 0.06445248 -0.06816329
v -0.02913127 -0.06445248 -0.07528890
v -0.01561803 -0.06445248 -0.06587505
v -0.03909921 0.06445248 -0.11114109
v -0.01561803 0.06445248 -0.06587505
v 0.00800000 -0.04733118 -0.00299703
v 0.01083769 -0.04264915 0.00100000
v 0.01196419 -0.04078688 0.00250000
v 0.00844932 -0.04658934 -0.00234400
v 0.00808838 -0.04172900 0.00250000
v 0.00406171 -0.04231089 0.00250000
v 0.00401408 -0.04783542 -0.00299697
v 0.00000001 -0.04250570 0.00250000
v 0.00000001 -0.04800261 -0.00299691
v 0.02550135 -0.03400530 0.00250000
v 0.02891788 -0.03115159 0.00250000
v 0.01605499 -0.03935662 0.00250000
v 0.02094974 -0.03698382 0.00250000
v 0.04250306 -0.00000257 0.00250000
v 0.03904275 -0.01680053 0.00250000
v 0.04029096 -0.01353573 0.00250000
v 0.04147103 -0.00931182 0.00250000
v 0.03441978 -0.02493820 0.00250000
v 0.03695593 -0.02099700 0.00250000
v 0.04800246 -0.00000257 -0.02530000
v 0.02778844 -0.03412100 0.00100012
v 0.02993809 -0.03225052 0.00100017
v 0.02206102 -0.03807465 0.00100001
v 0.02314772 -0.03742511 0.00100003
v 0.02552161 -0.03584823 0.00100007
v 0.02633252 -0.03525682 0.00100009
v 0.01238628 -0.04222584 0.00100000
v 0.01268640 -0.04213550 0.00100001
v 0.04377754 -0.00445185 0.00100000
v 0.04137217 -0.01498656 0.00100026
v 0.04200706 -0.01084024 0.00162046
v 0.04371344 -0.00504210 0.00100000
v 0.04272432 -0.00797087 0.00154202
v 0.04234099 -0.00938542 0.00163489
v 0.01381511 -0.04148274 0.00128272
v 0.01545914 -0.04061732 0.00154562
v 0.01713219 -0.03983629 0.00164129
v 0.02164188 -0.03819503 0.00110499
v 0.02054025 -0.03853574 0.00133714
v 0.01883159 -0.03914011 0.00157057
v 0.01775757 -0.03956899 0.00163442
v 0.04369015 -0.00509933 0.00101662
v 0.04148919 -0.01393820 0.00123598
v 0.04228523 -0.00430018 0.00250000
v 0.04400306 -0.00000257 0.00100000
v 0.03024696 -0.03196086 0.00100039
v 0.03130246 -0.03037879 0.00138468
v 0.03241559 -0.02887304 0.00159478
v 0.03357891 -0.02744830 0.00163469
v 0.03479647 -0.02609401 0.00151097
v 0.03607267 -0.02480709 0.00122515
v 0.03680078 -0.02412605 0.00100030
v 0.03828500 -0.02169359 0.00100028
v 0.03960883 -0.01916985 0.00100026
v 0.04073600 -0.01664062 0.00100024
v 0.04076652 -0.01656570 0.00100024
v 0.03146511 -0.02857621 0.00250000
v 0.01196419 0.04078174 0.00250000
v 0.01238628 0.04222069 0.00100000
v 0.00000001 0.04799746 -0.00299691
v 0.01083769 0.04264401 0.00100000
v 0.00902686 0.04153107 0.00250000
v 0.00800000 0.04732604 -0.00299703
v 0.00604349 0.04206845 0.00250000
v 0.00399005 0.04783229 -0.00299695
v 0.00846180 0.04656383 -0.00232590
v 0.04228523 0.00429503 0.00250000
v 0.00302943 0.04239222 0.00250000
v 0.02891788 0.03114644 0.00250000
v 0.02550136 0.03400015 0.00250000
v 0.04147103 0.00930668 0.00250000
v 0.03904275 0.01679538 0.00250000
v 0.02094974 0.03697867 0.00250000
v 0.01605499 0.03935147 0.00250000
v 0.02206102 0.03806951 0.00100001
v 0.02314771 0.03741996 0.00100001
v 0.02552158 0.03584306 0.00100004
v 0.02633246 0.03525167 0.00100005
v 0.02778840 0.03411580 0.00100006
v 0.02993809 0.03224537 0.00100017
v 0.01268640 0.04213035 0.00100001
v 0.04371344 0.00503696 0.00100000
v 0.04377754 0.00444670 0.00100000
v 0.04369015 0.00509418 0.00101662
v 0.04272432 0.00796572 0.00154202
v 0.04137295 0.01498085 0.00100040
v 0.04148919 0.01393305 0.00123598
v 0.04200706 0.01083509 0.00162046
v 0.04231299 0.00949289 0.00163771
v 0.01324209 0.04180178 0.00114935
v 0.02160838 0.03819917 0.00111216
v 0.01994595 0.03873036 0.00143481
v 0.01823848 0.03936684 0.00161290
v 0.01488520 0.04090218 0.00147252
v 0.01655623 0.04008827 0.00162672
v 0.01775682 0.03956363 0.00163368
v 0.03680078 0.02412090 0.00100030
v 0.03606734 0.02480740 0.00122600
v 0.03478384 0.02610297 0.00151041
v 0.03356405 0.02745996 0.00163215
v 0.03240197 0.02888551 0.00159019
v 0.03129306 0.03038774 0.00138019
v 0.04073591 0.01663543 0.00100030
v 0.04042030 0.01738806 0.00100030
v 0.03896037 0.02045032 0.00100030
v 0.03792795 0.02230671 0.00100030
v 0.03024696 0.03195572 0.00100039
v 0.03441978 0.02493305 0.00250000
v 0.03146511 0.02857106 0.00250000
v 0.03695593 0.02099185 0.00250000
v 0.04029096 0.01353058 0.00250000
v -0.01196417 -0.04078688 0.00250000
v -0.00902684 -0.04153622 0.00250000
v -0.00399002 -0.04783744 -0.00299695
v -0.01083766 -0.04264915 0.00100000
v -0.00846177 -0.04656898 -0.00232590
v -0.00799997 -0.04733118 -0.00299703
v -0.00302940 -0.04239737 0.00250000
v -0.00604347 -0.04207360 0.00250000
v -0.03146508 -0.02857621 0.00250000
v -0.04147101 -0.00931182 0.00250000
v -0.04029094 -0.01353573 0.00250000
v -0.03904273 -0.01680053 0.00250000
v -0.03695591 -0.02099700 0.00250000
v -0.03441975 -0.02493820 0.00250000
v -0.02891785 -0.03115159 0.00250000
v -0.02094972 -0.03698382 0.00250000
v -0.01605497 -0.03935662 0.00250000
v -0.04800244 -0.00000257 -0.02530000
v -0.02206100 -0.03807465 0.00100001
v -0.02552156 -0.03584820 0.00100004
v -0.02633243 -0.03525681 0.00100005
v -0.01238625 -0.04222584 0.00100000
v -0.01268637 -0.04213550 0.00100001
v -0.04377751 -0.00445185 0.00100000
v -0.04369012 -0.00509933 0.00101662
v -0.04148917 -0.01393820 0.00123598
v -0.04231296 -0.00949803 0.00163771
v -0.04272429 -0.00797087 0.00154202
v -0.01324207 -0.04180693 0.00114935
v -0.02160835 -0.03820431 0.00111216
v -0.01994593 -0.03873551 0.00143481
v -0.01823845 -0.03937198 0.00161290
v -0.01488518 -0.04090732 0.00147252
v -0.01655621 -0.04009341 0.00162672
v -0.01775679 -0.03956878 0.00163368
v -0.04400304 -0.00000257 0.00100000
v -0.04200704 -0.01084024 0.00162046
v -0.04371341 -0.00504210 0.00100000
v -0.04228520 -0.00430018 0.00250000
v -0.02550133 -0.03400530 0.00250000
v -0.02314769 -0.03742510 0.00100001
v -0.02778837 -0.03412095 0.00100006
v -0.03606732 -0.02481255 0.00122600
v -0.03478382 -0.02610811 0.00151041
v -0.03356403 -0.02746511 0.00163215
v -0.03240195 -0.02889066 0.00159019
v -0.03129304 -0.03039289 0.00138019
v -0.03024693 -0.03196086 0.00100039
v -0.04073588 -0.01664058 0.00100030
v -0.04042028 -0.01739321 0.00100030
v -0.03896035 -0.02045547 0.00100030
v -0.03792793 -0.02231186 0.00100030
v -0.03680075 -0.02412605 0.00100030
v -0.02993807 -0.03225052 0.00100017
v -0.04137293 -0.01498600 0.00100040
v -0.00799997 0.04732604 -0.00299703
v -0.00844930 0.04658419 -0.00234400
v -0.01238625 0.04222069 0.00100000
v -0.01083766 0.04264401 0.00100000
v -0.01196417 0.04078174 0.00250000
v -0.00808835 0.04172385 0.00250000
v -0.00406169 0.04230574 0.00250000
v -0.00401405 0.04783027 -0.00299697
v 0.00000001 0.04250055 0.00250000
v -0.01605496 0.03935147 0.00250000
v -0.04250304 -0.00000257 0.00250000
v -0.04227946 0.00435115 0.00250000
v -0.04029094 0.01353058 0.00250000
v -0.04146527 0.00933218 0.00250000
v -0.02094971 0.03697867 0.00250000
v -0.02550133 0.03400015 0.00250000
v -0.02891785 0.03114644 0.00250000
v -0.03145055 0.02858706 0.00250000
v -0.03439064 0.02497318 0.00250000
v -0.02778841 0.03411585 0.00100012
v -0.02993807 0.03224537 0.00100017
v -0.02314770 0.03741996 0.00100003
v -0.02552158 0.03584309 0.00100007
v -0.02633250 0.03525167 0.00100009
v -0.04377157 0.00450480 0.00100000
v -0.04371294 0.00503687 0.00100029
v -0.04142630 0.01445836 0.00112526
v -0.04230662 0.00951861 0.00163826
v -0.04274188 0.00790567 0.00153569
v -0.01268637 0.04213035 0.00100001
v -0.01430029 0.04121430 0.00137581
v -0.01595920 0.04037816 0.00158294
v -0.01766678 0.03961407 0.00162563
v -0.02206100 0.03806951 0.00100001
v -0.02163934 0.03819026 0.00110590
v -0.02112298 0.03834641 0.00122142
v -0.01940276 0.03892929 0.00150404
v -0.01803831 0.03945959 0.00161355
v -0.04148917 0.01393305 0.00123598
v -0.04202012 0.01077279 0.00162332
v -0.04200704 0.01083509 0.00162046
v -0.03024693 0.03195572 0.00100039
v -0.03238633 0.02892104 0.00158123
v -0.03356937 0.02747180 0.00162392
v -0.03481336 0.02608075 0.00150231
v -0.03608898 0.02478781 0.00121969
v -0.03680075 0.02412090 0.00100030
v -0.03828496 0.02168844 0.00100029
v -0.03960878 0.01916469 0.00100028
v -0.04076646 0.01656054 0.00100027
v -0.04073594 0.01663546 0.00100027
v -0.03900091 0.01689225 0.00250000
v -0.04137214 0.01498141 0.00100026
v -0.03691754 0.02105924 0.00250000
v -0.03127912 0.03041281 0.00137411
f 1803 1708 1707
f 1795 9 1817
f 15 218 1814
f 43 212 256
f 256 218 43
f 1908 1803 1912
f 1708 1803 1732
f 1803 1908 1732
f 1818 1817 9
f 9 1819 1818
f 1818 1807 1817
f 1818 1819 1804
f 1804 1807 1818
f 10 1819 9
f 421 248 218
f 218 256 421
f 421 256 248
f 1733 1732 123
f 1911 1908 1913
f 1913 1908 1912
f 1909 1907 1906
f 1799 1800 1795
f 1795 1800 1801
f 1801 1803 1707
f 1912 1803 1802
f 1803 1801 1802
f 1802 1801 1800
f 1925 1926 20
f 1806 1799 1797
f 1806 1834 1807
f 1800 1799 1806
f 1806 1802 1800
f 1912 1802 1806
f 1806 1913 1912
f 1907 1913 1806
f 1906 1907 1806
f 1819 10 11
f 1717 110 1706
f 1839 1814 218
f 15 1814 1839
f 248 256 252
f 252 256 212
f 212 255 252
f 258 255 212
f 212 214 258
f 207 34 43
f 15 34 207
f 43 218 207
f 207 218 15
f 43 34 33
f 35 34 68
f 205 34 15
f 205 68 34
f 15 1839 205
f 1804 1813 1809
f 1848 1809 1813
f 253 255 254
f 248 252 247
f 247 252 255
f 218 248 247
f 320 287 574
f 7 212 43
f 43 33 7
f 2 259 49
f 209 259 2
f 5 208 210
f 208 1985 414
f 208 1923 1941
f 1941 1985 208
f 1989 1974 1988
f 1744 191 1736
f 134 1741 1740
f 1740 124 134
f 1791 124 1740
f 1791 1735 124
f 1733 123 1792
f 122 1732 1908
f 1908 123 122
f 122 123 1732
f 1911 1938 1939
f 1907 1909 1910
f 1911 1913 1910
f 1910 1913 1907
f 1911 1910 1928
f 77 1801 1707
f 1707 1706 77
f 77 1706 110
f 1929 1941 16
f 57 1668 119
f 1920 1806 1914
f 1945 1926 1925
f 1921 1806 1945
f 1806 1920 1945
f 137 136 23
f 136 128 135
f 23 1925 22
f 147 20 146
f 19 20 1953
f 18 145 19
f 146 20 19
f 1947 20 1926
f 1926 1945 1947
f 1947 1945 1920
f 119 1668 1665
f 1665 161 119
f 1664 161 1665
f 116 1789 1720
f 1932 1942 1915
f 1915 1933 1932
f 2004 2005 1979
f 1970 1998 1975
f 1797 1822 1829
f 1829 1806 1797
f 1830 1806 1829
f 1795 1830 1829
f 1829 1822 1795
f 1797 1799 1796
f 1833 1834 1795
f 1807 1834 1833
f 1831 1830 1795
f 1831 1806 1830
f 1906 1806 1922
f 1922 1806 1921
f 1922 1938 1906
f 1922 1939 1938
f 1918 1806 1976
f 108 111 9
f 1840 1841 1805
f 1804 1815 1805
f 1846 1813 1812
f 1812 1813 1804
f 12 99 100
f 12 83 13
f 117 1716 1715
f 1715 1714 117
f 1717 1716 117
f 117 110 1717
f 117 1714 1713
f 8 9 1795
f 1795 25 8
f 8 108 9
f 90 25 1795
f 110 117 90
f 90 117 116
f 1671 47 1593
f 50 47 261
f 261 423 50
f 261 47 49
f 261 259 260
f 519 985 1015
f 216 1857 1869
f 1877 1839 218
f 254 255 257
f 255 258 257
f 35 68 67
f 68 205 67
f 1824 13 14
f 14 67 205
f 1826 14 205
f 1824 14 1826
f 1826 1825 1824
f 1827 1811 1828
f 1811 1825 1828
f 1828 1826 1827
f 1825 1826 1828
f 1810 1811 1804
f 1804 1809 1810
f 1810 1825 1811
f 1810 1809 1824
f 1849 1848 13
f 1809 1848 1849
f 1847 1813 1846
f 1847 1848 1813
f 13 1848 1847
f 1846 12 1847
f 1847 12 13
f 13 83 82
f 81 14 82
f 82 14 13
f 82 83 66
f 1993 1998 1970
f 1970 1992 1993
f 1961 1998 1993
f 1993 1992 1961
f 2007 1979 2006
f 2006 1979 2005
f 246 247 255
f 255 253 246
f 254 245 246
f 246 253 254
f 244 677 243
f 978 1013 979
f 1623 1589 1151
f 5 210 4
f 208 270 211
f 211 210 208
f 270 210 211
f 337 270 208
f 208 414 337
f 337 280 270
f 337 414 336
f 336 280 337
f 1988 1974 2000
f 1974 2001 2000
f 1736 191 1435
f 191 1433 1435
f 1743 1742 198
f 192 1744 1743
f 191 1744 192
f 174 1742 1741
f 1741 134 174
f 174 134 131
f 124 1735 1734
f 1734 123 124
f 1734 1792 123
f 1924 23 1911
f 1906 1938 1934
f 1934 1928 1906
f 1934 1938 1911
f 1911 1928 1934
f 1927 1909 1906
f 1906 1928 1927
f 1927 1910 1909
f 1927 1928 1910
f 78 77 110
f 1795 1801 78
f 78 90 1795
f 110 90 78
f 204 155 18
f 18 1956 204
f 1956 1955 204
f 141 140 139
f 5 4 121
f 121 139 16
f 1929 16 1943
f 1960 1942 1943
f 1932 1933 1943
f 1943 1942 1932
f 1666 157 59
f 18 19 1958
f 156 145 18
f 18 155 156
f 130 135 128
f 131 168 130
f 130 168 135
f 145 156 162
f 146 19 162
f 162 19 145
f 1925 20 21
f 21 22 1925
f 150 147 149
f 149 151 150
f 1959 1920 1953
f 1959 1947 1920
f 1953 20 1959
f 20 1947 1959
f 1590 1596 1146
f 1639 1596 1590
f 1671 1593 1592
f 1720 186 73
f 73 116 1720
f 186 103 73
f 103 116 73
f 115 116 103
f 104 103 65
f 65 91 104
f 104 115 103
f 105 115 104
f 31 32 66
f 1306 1722 1721
f 1985 1941 1971
f 2004 1979 1978
f 1978 1979 1976
f 1976 1975 1982
f 1821 1822 1797
f 1797 1796 1821
f 1795 1817 1832
f 1832 1833 1795
f 1817 1807 1832
f 1807 1833 1832
f 1795 1834 1835
f 1835 1831 1795
f 1834 1806 1835
f 1806 1831 1835
f 1914 1806 1919
f 1806 1918 1919
f 1918 1958 1919
f 1917 1918 1976
f 1917 1955 1956
f 1956 1918 1917
f 112 105 92
f 66 83 84
f 84 69 66
f 84 12 100
f 83 12 84
f 100 99 84
f 1840 1805 1816
f 1816 1805 1815
f 1804 1819 1820
f 1820 1815 1804
f 1819 11 1820
f 11 1815 1820
f 206 1841 1840
f 206 12 1841
f 1840 1816 206
f 206 1815 11
f 206 1816 1815
f 206 96 98
f 11 96 206
f 98 99 206
f 99 12 206
f 1713 1789 74
f 1789 116 74
f 116 117 74
f 109 8 25
f 25 90 109
f 1595 1593 47
f 1043 1042 423
f 985 1042 1043
f 518 1042 985
f 49 259 203
f 203 261 49
f 259 261 203
f 1002 1014 1038
f 1664 1665 1429
f 1395 1529 1394
f 1395 1530 1529
f 1554 1553 1452
f 1629 1626 1625
f 1839 1877 1861
f 1861 1877 1876
f 1861 1865 1804
f 224 1901 1896
f 225 1901 224
f 318 224 317
f 225 224 318
f 249 6 40
f 214 6 249
f 251 250 249
f 249 258 214
f 35 67 36
f 80 14 81
f 67 14 80
f 80 36 67
f 1823 205 1839
f 1823 1826 205
f 1824 1825 1837
f 1837 1810 1824
f 1825 1810 1837
f 1850 13 1824
f 1850 1849 13
f 1824 1809 1850
f 1809 1849 1850
f 97 99 98
f 98 96 97
f 72 27 71
f 310 311 312
f 247 246 291
f 395 390 394
f 297 395 394
f 1771 1770 305
f 305 1770 307
f 217 1857 216
f 217 236 1857
f 285 1767 1766
f 213 6 214
f 7 6 213
f 37 7 33
f 37 38 7
f 37 33 34
f 37 34 35
f 35 38 37
f 42 6 7
f 7 38 42
f 42 38 41
f 40 6 42
f 1006 1014 1002
f 770 979 939
f 939 979 1011
f 769 979 770
f 1639 1640 1641
f 1654 1623 1624
f 1624 1625 1654
f 1654 1626 1604
f 1654 1625 1626
f 1628 1626 1630
f 1630 1626 1629
f 141 54 63
f 63 54 62
f 63 140 141
f 62 140 63
f 3 210 209
f 209 2 3
f 3 4 210
f 2007 2006 229
f 229 2006 2005
f 229 2005 2004
f 232 2013 2010
f 2001 2013 1986
f 1986 2000 2001
f 1986 1989 1988
f 1988 2000 1986
f 1986 414 1985
f 1765 285 1766
f 1743 198 193
f 193 198 194
f 193 192 1743
f 194 192 193
f 125 198 200
f 200 198 1742
f 200 174 125
f 1742 174 200
f 201 1433 191
f 135 168 24
f 24 168 26
f 23 136 24
f 136 135 24
f 1911 23 24
f 24 26 1911
f 26 168 167
f 1911 26 167
f 1946 1924 1921
f 1946 1945 1925
f 1921 1945 1946
f 1946 1925 23
f 23 1924 1946
f 1801 77 76
f 76 78 1801
f 77 78 76
f 170 140 62
f 62 142 170
f 170 120 138
f 138 140 170
f 120 155 171
f 171 204 120
f 155 204 171
f 1960 204 1954
f 1954 204 1955
f 1954 1917 1960
f 1955 1917 1954
f 51 52 54
f 5 121 1
f 1 121 16
f 1 1941 1923
f 1 16 1941
f 17 1943 16
f 17 204 1960
f 1960 1943 17
f 16 139 17
f 17 139 140
f 17 140 138
f 138 120 17
f 120 204 17
f 1668 1667 1541
f 1668 57 159
f 159 1667 1668
f 159 57 119
f 119 160 159
f 165 59 157
f 157 156 165
f 165 156 155
f 165 60 59
f 61 60 165
f 165 155 120
f 120 170 165
f 1914 1951 1952
f 1952 1920 1914
f 1953 1920 1952
f 1952 19 1953
f 1952 1951 19
f 1950 1951 1914
f 1914 1919 1950
f 1950 1919 1949
f 1949 19 1950
f 19 1951 1950
f 1957 1956 18
f 18 1958 1957
f 1957 1918 1956
f 1957 1958 1918
f 1948 19 1949
f 1948 1958 19
f 1949 1919 1948
f 1948 1919 1958
f 1671 1529 1670
f 1529 1530 1670
f 1670 52 1671
f 54 52 1670
f 62 54 1670
f 1670 1530 62
f 143 170 142
f 61 165 143
f 143 165 170
f 62 1530 144
f 144 142 62
f 1530 143 144
f 144 143 142
f 152 153 128
f 136 137 152
f 152 128 136
f 152 137 150
f 150 151 152
f 151 153 152
f 131 130 129
f 125 174 129
f 129 174 131
f 129 126 125
f 146 162 148
f 160 149 148
f 148 147 146
f 148 149 147
f 22 21 169
f 23 22 169
f 169 21 20
f 169 137 23
f 150 137 169
f 169 147 150
f 20 147 169
f 163 149 160
f 119 161 163
f 163 160 119
f 151 149 163
f 1638 1640 1639
f 1639 1590 1638
f 1638 1147 1640
f 1384 1395 1567
f 1594 1596 1639
f 1594 1592 1593
f 1594 1595 1596
f 1593 1595 1594
f 113 105 112
f 113 115 105
f 1720 1719 187
f 187 186 1720
f 66 69 30
f 1305 1722 1306
f 1306 1302 1305
f 1217 1721 1712
f 1306 1721 1217
f 1944 1915 1976
f 1976 1971 1944
f 1933 1915 1944
f 1929 1943 1944
f 1944 1941 1929
f 1944 1971 1941
f 1977 1978 1976
f 1977 2015 1978
f 1976 1979 2014
f 2014 2012 1976
f 2014 1979 2007
f 2010 2013 1973
f 1973 2012 2010
f 1973 2001 1974
f 1974 1976 1973
f 1976 2012 1973
f 1798 1821 1796
f 1798 1799 1795
f 1798 1796 1799
f 1795 1822 1798
f 1822 1821 1798
f 1960 1917 1916
f 1916 1915 1942
f 1976 1915 1916
f 1916 1917 1976
f 9 111 107
f 111 95 107
f 107 10 9
f 107 11 10
f 107 96 11
f 107 95 96
f 112 92 106
f 106 108 112
f 111 108 106
f 106 95 111
f 93 104 91
f 93 91 72
f 105 104 93
f 93 92 105
f 95 106 94
f 94 106 92
f 87 86 85
f 99 97 85
f 85 97 87
f 85 84 99
f 69 84 85
f 85 86 69
f 1325 31 66
f 66 30 1325
f 69 86 1336
f 1812 1843 1844
f 1844 1843 12
f 1841 12 1842
f 12 1843 1842
f 75 117 1713
f 1713 74 75
f 75 74 117
f 114 90 116
f 114 109 90
f 116 115 114
f 115 113 114
f 114 113 109
f 48 47 50
f 50 1595 48
f 48 1595 47
f 1017 1038 260
f 1017 268 1037
f 1002 1038 1017
f 1039 261 260
f 260 1038 1039
f 423 261 1039
f 1039 1014 985
f 1039 1038 1014
f 1601 1654 1604
f 1728 1727 1491
f 1495 1739 1738
f 1452 1553 1455
f 1484 1485 1465
f 1485 1442 1465
f 1468 1467 1464
f 1467 1461 1464
f 1857 1887 1886
f 1889 1888 1868
f 1857 1888 1889
f 1884 1888 1857
f 1857 1875 1884
f 1961 1992 1991
f 1991 1992 1970
f 1866 1897 1898
f 1880 1897 1866
f 1866 1898 1899
f 1876 1883 1879
f 1879 1883 1865
f 1865 1861 1879
f 1865 1883 1882
f 1876 1880 1882
f 1882 1883 1876
f 221 1897 1880
f 221 312 313
f 1874 1901 226
f 226 1901 225
f 1871 215 216
f 40 42 1659
f 1659 42 41
f 66 32 79
f 79 82 66
f 81 82 79
f 79 80 81
f 1827 1826 1836
f 1804 1811 1838
f 1838 1823 1839
f 1838 1811 1827
f 1827 1836 1838
f 1826 1823 1838
f 1838 1836 1826
f 102 97 96
f 87 97 102
f 96 95 102
f 95 94 102
f 290 246 245
f 290 291 246
f 394 390 389
f 389 393 394
f 1750 387 1751
f 312 311 288
f 243 677 241
f 241 288 311
f 242 288 241
f 300 217 216
f 307 1768 1790
f 1790 285 307
f 1767 285 1790
f 1769 1768 307
f 307 1770 1769
f 236 217 308
f 573 240 330
f 984 1006 1002
f 984 1003 766
f 1002 1003 984
f 1016 1051 1015
f 1014 1006 1016
f 1006 1007 1016
f 1015 985 1016
f 985 1014 1016
f 768 939 982
f 982 939 1011
f 978 979 771
f 979 769 771
f 1013 1019 1012
f 1012 979 1013
f 1011 979 1012
f 1009 1011 1012
f 1009 1012 1018
f 1018 1012 1019
f 1018 1007 1009
f 1051 1016 1018
f 1018 1016 1007
f 1782 1764 840
f 1157 1630 1629
f 1628 1630 1631
f 1401 1612 1399
f 267 263 209
f 270 280 267
f 280 263 267
f 268 263 269
f 1037 268 269
f 269 279 1037
f 53 47 1671
f 1671 52 53
f 49 47 53
f 52 51 53
f 53 2 49
f 53 51 2
f 2007 229 230
f 2013 232 415
f 1985 1971 1972
f 1972 1986 1985
f 1972 1976 1974
f 1972 1971 1976
f 1974 1989 1972
f 1989 1986 1972
f 1774 338 1775
f 1775 338 1776
f 1777 338 1794
f 1776 338 1777
f 285 1765 386
f 1434 1737 1736
f 1736 1435 1434
f 1434 1435 1433
f 1572 1451 1450
f 1664 1429 1430
f 1663 190 1430
f 190 172 1430
f 1430 161 1664
f 1430 172 161
f 189 192 194
f 1433 201 189
f 189 190 1663
f 191 192 189
f 189 201 191
f 127 172 197
f 197 172 190
f 127 126 173
f 173 172 127
f 128 153 154
f 126 129 154
f 153 173 154
f 154 173 126
f 154 130 128
f 154 129 130
f 194 198 199
f 199 198 125
f 125 126 199
f 133 123 1908
f 133 1908 1911
f 1911 167 133
f 131 134 175
f 175 168 131
f 175 167 168
f 175 134 124
f 1921 1924 1935
f 1935 1936 1921
f 1935 1924 1911
f 1911 1936 1935
f 1937 1922 1921
f 1921 1936 1937
f 1937 1936 1911
f 56 3 2
f 4 3 56
f 56 121 4
f 139 121 64
f 141 139 64
f 1384 1385 1532
f 1385 1534 1532
f 1668 1541 1428
f 1428 1665 1668
f 1428 1429 1665
f 1425 1426 1535
f 1535 1541 1425
f 1666 1426 1425
f 1425 1667 1666
f 1425 1541 1667
f 58 159 157
f 1667 159 58
f 1666 1667 58
f 158 156 157
f 157 159 158
f 158 162 156
f 158 159 160
f 160 148 158
f 158 148 162
f 1669 60 61
f 61 143 1669
f 1669 143 1530
f 1394 1529 1591
f 1591 1395 1394
f 1591 1567 1395
f 1591 1529 1671
f 1671 1592 1591
f 112 108 89
f 89 113 112
f 108 8 89
f 8 109 89
f 109 113 89
f 185 103 186
f 186 187 185
f 65 103 185
f 1722 1305 1301
f 1301 1305 1302
f 1252 1182 1267
f 1254 1705 1704
f 1252 1265 1253
f 1705 1254 1253
f 1223 1711 1710
f 1710 1709 1239
f 1252 1267 1181
f 1266 1709 1788
f 1788 1253 1266
f 1266 1253 1265
f 1266 1239 1709
f 1930 1943 1933
f 1933 1944 1930
f 1930 1944 1943
f 2003 229 2004
f 2003 2015 229
f 2004 1978 2003
f 1978 2015 2003
f 2002 1977 1981
f 2015 1977 2002
f 229 2015 2002
f 2008 2014 2007
f 1999 2013 2001
f 2001 1973 1999
f 1976 1982 1983
f 1983 1984 1976
f 1976 1984 1980
f 1980 1977 1976
f 1981 1977 1980
f 1994 1982 1975
f 1997 1998 1961
f 1961 1996 1997
f 1997 1975 1998
f 1997 1996 1975
f 1931 1942 1960
f 1960 1916 1931
f 1931 1916 1942
f 92 93 101
f 101 94 92
f 101 93 72
f 72 71 101
f 29 30 69
f 32 31 1193
f 31 1325 1193
f 70 86 87
f 1845 12 1846
f 1845 1844 12
f 1846 1812 1845
f 1812 1844 1845
f 1851 1843 1812
f 1851 1842 1843
f 1804 1805 1851
f 1851 1812 1804
f 1851 1805 1841
f 1841 1842 1851
f 1597 1595 50
f 50 1672 1597
f 1596 1595 1597
f 1597 1672 1596
f 1674 1675 1596
f 265 1017 260
f 268 1017 265
f 260 259 265
f 265 263 268
f 265 259 209
f 209 263 265
f 1004 1003 1002
f 1002 1017 1004
f 1004 1017 1037
f 1041 1043 423
f 985 1043 1041
f 1536 1534 1528
f 1527 1525 1424
f 1528 1534 1527
f 1385 1525 1527
f 1527 1534 1385
f 1546 1566 1528
f 1546 1527 1424
f 1528 1527 1546
f 1443 1442 1444
f 1504 1494 1449
f 1571 1538 1539
f 1537 1538 1571
f 1492 1491 1727
f 1494 1491 1492
f 1728 1491 1490
f 1490 1729 1728
f 1490 1486 1729
f 1493 1494 1504
f 1493 1491 1494
f 1493 1490 1491
f 1450 1451 1505
f 1505 1495 1450
f 1451 1449 1505
f 1739 1495 1505
f 1505 1492 1727
f 1505 1449 1494
f 1494 1492 1505
f 1500 1485 1484
f 1551 1455 1553
f 1551 1413 1586
f 1414 1413 1551
f 1586 1456 1585
f 1585 1551 1586
f 1455 1551 1585
f 1484 1465 1466
f 1466 1461 1467
f 1461 1466 1460
f 1460 1466 1465
f 1405 1404 1610
f 1627 1611 1610
f 1868 1887 1890
f 1890 1889 1868
f 1890 1887 1857
f 1857 1889 1890
f 1961 1991 1990
f 1860 1875 1857
f 1853 1875 1860
f 1747 1746 1854
f 1854 1765 1747
f 1878 1861 1876
f 1876 1879 1878
f 1878 1879 1861
f 1881 1882 1880
f 1893 1894 1902
f 224 1894 1893
f 1895 224 1896
f 1895 1894 224
f 1867 1887 1868
f 1867 1886 1887
f 1868 1970 1867
f 1970 1864 1867
f 420 1900 1899
f 223 224 1891
f 1891 1900 223
f 1900 420 223
f 317 224 223
f 1904 1902 1970
f 1891 1902 1904
f 1904 1900 1891
f 1904 1866 1899
f 1899 1900 1904
f 1904 1970 1804
f 1804 1866 1904
f 219 1877 218
f 1876 1877 219
f 218 247 219
f 247 291 219
f 227 226 332
f 215 1871 228
f 228 1871 227
f 216 1869 1870
f 1870 1871 216
f 1869 1867 1870
f 1864 1871 1870
f 1870 1867 1864
f 1874 226 1873
f 1873 226 227
f 390 395 296
f 395 297 296
f 296 579 390
f 578 579 296
f 239 578 296
f 482 543 493
f 44 424 40
f 40 1659 1063
f 1063 44 40
f 1808 1861 1804
f 1804 1838 1808
f 1839 1861 1808
f 1808 1838 1839
f 87 102 88
f 88 70 87
f 71 70 88
f 88 101 71
f 88 102 94
f 94 101 88
f 282 396 283
f 283 396 1772
f 283 1772 1771
f 1771 305 283
f 390 579 581
f 581 389 390
f 1752 1751 741
f 741 1751 387
f 741 388 583
f 387 388 741
f 1754 1753 596
f 574 575 576
f 576 320 574
f 694 575 574
f 575 694 692
f 330 240 316
f 316 288 330
f 287 326 316
f 240 573 316
f 313 312 314
f 312 288 314
f 314 223 420
f 243 241 289
f 289 241 311
f 289 244 243
f 311 244 289
f 307 285 286
f 285 284 286
f 236 308 306
f 1857 236 306
f 306 284 1857
f 306 286 284
f 566 573 567
f 567 288 242
f 330 288 567
f 567 573 330
f 287 316 572
f 572 316 573
f 1757 1756 641
f 642 641 606
f 891 1783 1782
f 1782 840 891
f 891 840 892
f 1784 888 882
f 1785 1784 882
f 869 1786 1793
f 878 866 879
f 879 883 1785
f 1785 882 879
f 767 939 768
f 770 939 772
f 939 938 772
f 772 769 770
f 772 771 769
f 938 771 772
f 942 944 929
f 1051 1018 520
f 1688 1646 1647
f 1645 1687 1589
f 1640 1649 1618
f 1148 1649 1640
f 522 1019 1013
f 522 1649 1019
f 1020 1021 505
f 1020 522 1013
f 504 522 1020
f 838 1764 1763
f 822 838 821
f 1027 1028 1026
f 512 1028 1027
f 1153 1625 1624
f 1653 1612 1633
f 1400 1401 1399
f 1635 1611 1682
f 1683 1627 1685
f 1683 1611 1627
f 1682 1611 1683
f 996 995 997
f 1656 1404 1405
f 270 267 262
f 262 267 209
f 340 232 416
f 381 263 280
f 381 280 336
f 231 340 416
f 344 340 231
f 2007 230 231
f 231 2008 2007
f 416 2008 231
f 344 231 345
f 345 231 230
f 336 414 233
f 2013 415 233
f 414 1986 233
f 233 1986 2013
f 339 415 232
f 232 340 339
f 378 234 1961
f 1746 1745 422
f 1431 1430 1429
f 1663 1430 1431
f 1429 1392 1431
f 1738 1737 1511
f 1511 1580 1738
f 1737 1434 1511
f 1434 1580 1511
f 1439 1510 1738
f 1738 1580 1439
f 1439 1441 1510
f 1436 1441 1439
f 1438 1392 1436
f 1436 1439 1438
f 1438 1439 1580
f 1438 1431 1392
f 1539 1538 1437
f 1436 1392 1437
f 1440 1441 1436
f 1436 1437 1440
f 1440 1437 1538
f 1440 1538 1537
f 1450 1495 1496
f 1510 1441 1496
f 1738 1510 1496
f 1496 1495 1738
f 1433 189 1432
f 1432 189 1663
f 195 126 127
f 194 199 195
f 195 199 126
f 195 189 194
f 190 189 196
f 196 197 190
f 189 195 196
f 127 197 196
f 196 195 127
f 164 153 151
f 164 173 153
f 172 173 164
f 151 163 164
f 161 172 164
f 164 163 161
f 132 133 167
f 167 175 132
f 132 175 124
f 124 123 132
f 123 133 132
f 1939 1922 1940
f 1922 1937 1940
f 1911 1939 1940
f 1940 1937 1911
f 55 64 121
f 51 64 55
f 121 56 55
f 2 51 55
f 55 56 2
f 46 51 54
f 46 64 51
f 46 54 141
f 141 64 46
f 1535 1426 1533
f 1533 1532 1534
f 1426 1543 1533
f 1533 1543 1532
f 1533 1536 1535
f 1534 1536 1533
f 1393 1392 1429
f 1429 1428 1393
f 1393 1437 1392
f 166 157 1666
f 1666 58 166
f 166 58 157
f 1427 1426 1666
f 1666 59 1427
f 1427 1543 1426
f 1669 1543 1427
f 59 60 1427
f 60 1669 1427
f 1384 1567 1598
f 1644 1641 1642
f 1642 1643 1644
f 1639 1641 1644
f 1644 1594 1639
f 1592 1594 1644
f 1599 1591 1592
f 1567 1591 1599
f 1592 1644 1599
f 1599 1644 1643
f 1599 1598 1567
f 1643 1598 1599
f 65 185 184
f 179 1719 1718
f 1299 1724 1723
f 1723 1301 1299
f 1299 1301 1298
f 1304 1723 1722
f 1722 1301 1304
f 1304 1301 1723
f 1278 1293 1291
f 1478 1386 1576
f 1576 1386 1387
f 1512 1575 1387
f 1512 1387 1513
f 1513 1387 1386
f 1704 1703 1523
f 1523 1517 1704
f 1703 1517 1523
f 1516 1517 1522
f 1522 1517 1703
f 1522 1703 1731
f 1731 1515 1522
f 1522 1514 1516
f 1522 1515 1514
f 1788 1705 1255
f 1255 1253 1788
f 1705 1253 1255
f 1712 1711 1220
f 1711 1223 1220
f 1238 1223 1710
f 1710 1239 1238
f 1224 1223 1238
f 1241 1265 1242
f 1241 1266 1265
f 1239 1266 1241
f 1269 1181 1267
f 1267 1513 1269
f 1269 1386 1270
f 1269 1513 1386
f 1206 1213 1208
f 656 1749 1748
f 1524 1400 1397
f 1399 1612 1613
f 1396 1397 1613
f 1613 1400 1399
f 1613 1397 1400
f 2011 232 2010
f 2010 2012 2011
f 2012 2014 2009
f 2014 2008 2009
f 2009 2011 2012
f 2009 2008 416
f 416 232 2009
f 232 2011 2009
f 1987 1973 2013
f 2013 1999 1987
f 1987 1999 1973
f 418 2002 1981
f 229 2002 418
f 1975 1996 1995
f 1995 1994 1975
f 1995 1996 1961
f 1961 1994 1995
f 32 1193 1194
f 1189 71 27
f 1189 1287 71
f 1189 27 72
f 28 70 71
f 71 1287 28
f 28 1287 70
f 50 1674 1673
f 1673 1672 50
f 1596 1672 1673
f 1673 1674 1596
f 1003 1004 1005
f 423 1039 1040
f 1040 1041 423
f 1040 1039 985
f 985 1041 1040
f 1445 1444 1448
f 1447 1449 1451
f 1445 1448 1447
f 1504 1449 1447
f 1447 1448 1504
f 1446 1447 1451
f 1445 1447 1446
f 1570 1571 1539
f 1582 1572 1537
f 1537 1571 1582
f 1571 1446 1582
f 1451 1572 1582
f 1582 1446 1451
f 1584 1458 1443
f 1391 1458 1584
f 1557 1391 1584
f 1584 1570 1557
f 1604 1413 1605
f 1605 1413 1414
f 1648 1618 1649
f 1619 1618 1648
f 1490 1493 1489
f 1489 1488 1486
f 1486 1490 1489
f 1727 1739 1509
f 1509 1505 1727
f 1739 1505 1509
f 1731 1730 1573
f 1573 1515 1731
f 1508 1730 1729
f 1729 1486 1508
f 1508 1573 1730
f 1486 1488 1508
f 1468 1481 1482
f 1481 1575 1482
f 1604 1626 1603
f 1603 1413 1604
f 1603 1626 1628
f 1586 1413 1412
f 1412 1411 1586
f 1414 1551 1415
f 1415 1605 1414
f 1415 1606 1601
f 1415 1601 1604
f 1604 1605 1415
f 1455 1585 1462
f 1462 1464 1461
f 1454 1460 1453
f 1454 1453 1452
f 1452 1455 1454
f 1455 1462 1454
f 1461 1460 1454
f 1454 1462 1461
f 1459 1465 1442
f 1459 1460 1465
f 1453 1460 1459
f 1459 1442 1443
f 1443 1458 1459
f 1459 1458 1453
f 1561 1562 1404
f 1561 1390 1588
f 1408 1610 1404
f 1456 1457 1463
f 1464 1462 1463
f 1463 1585 1456
f 1463 1462 1585
f 1476 1481 1468
f 1468 1464 1476
f 1464 1463 1476
f 1476 1463 1457
f 1857 284 1859
f 1859 284 285
f 285 386 1859
f 1859 386 1765
f 1765 1854 1859
f 1961 1966 1967
f 1970 1969 1967
f 1967 1966 1970
f 1965 1991 1970
f 1970 1966 1965
f 1963 1990 1965
f 1965 1990 1991
f 1965 1964 1963
f 1966 1964 1965
f 1862 1969 1970
f 1862 1854 1969
f 1862 1859 1854
f 1868 1888 1852
f 1888 1884 1852
f 1852 1970 1868
f 1852 1856 1970
f 1852 1875 1853
f 1852 1884 1875
f 1853 1860 1855
f 1860 1856 1855
f 1855 1852 1853
f 1856 1852 1855
f 1865 1882 1905
f 1882 1881 1905
f 1804 1865 1905
f 1905 1866 1804
f 1880 1866 1905
f 1905 1881 1880
f 1891 224 1892
f 224 1893 1892
f 1892 1902 1891
f 1892 1893 1902
f 1970 1902 1903
f 1902 1894 1903
f 1894 1895 1903
f 1903 1895 1896
f 1885 1867 1869
f 1886 1867 1885
f 1885 1869 1857
f 1857 1886 1885
f 1899 1898 222
f 222 420 1899
f 1898 1897 222
f 1897 221 222
f 222 221 313
f 313 314 222
f 222 314 420
f 220 1880 1876
f 1876 219 220
f 220 221 1880
f 220 310 312
f 312 221 220
f 291 290 315
f 315 219 291
f 315 290 245
f 310 220 315
f 315 220 219
f 311 310 315
f 245 244 315
f 315 244 311
f 325 332 226
f 225 318 325
f 325 226 225
f 227 332 331
f 331 228 227
f 215 228 331
f 216 215 331
f 227 1871 1872
f 1872 1873 227
f 1872 1871 1864
f 1864 1873 1872
f 724 679 543
f 432 249 250
f 1173 1094 1131
f 1658 424 1094
f 1658 1657 424
f 1094 1173 1658
f 1658 1173 1657
f 44 1063 1095
f 1094 424 1095
f 424 44 1095
f 1131 1094 1095
f 1095 1063 1131
f 1131 1063 1093
f 1093 1063 1659
f 1093 1132 1131
f 1750 1773 392
f 392 387 1750
f 392 388 387
f 389 388 392
f 397 1773 1772
f 1772 396 397
f 304 283 305
f 583 388 582
f 582 388 389
f 389 581 582
f 597 1753 1752
f 597 742 1753
f 1753 742 586
f 580 581 579
f 580 579 578
f 684 692 694
f 727 692 691
f 329 316 326
f 317 223 329
f 223 314 329
f 288 316 329
f 329 314 288
f 329 318 317
f 329 326 318
f 327 296 297
f 292 296 327
f 298 327 297
f 299 327 298
f 394 393 298
f 298 297 394
f 569 567 242
f 569 241 677
f 242 241 569
f 574 287 571
f 287 572 571
f 571 694 574
f 571 572 694
f 570 573 566
f 570 572 573
f 694 572 570
f 566 684 570
f 570 684 694
f 1757 641 624
f 624 641 642
f 605 641 1756
f 605 606 641
f 1756 1755 605
f 600 606 605
f 700 706 702
f 709 703 702
f 709 708 703
f 897 1784 1783
f 1783 888 897
f 897 888 1784
f 941 942 929
f 915 914 912
f 915 934 914
f 1780 408 412
f 1779 408 1780
f 412 334 1780
f 1774 1781 271
f 412 408 411
f 411 408 1779
f 927 906 907
f 1037 279 764
f 764 1004 1037
f 867 866 878
f 1785 883 957
f 957 879 866
f 883 879 957
f 354 1034 758
f 1006 984 983
f 926 924 925
f 927 926 925
f 925 906 927
f 944 942 945
f 945 942 938
f 945 767 768
f 945 938 939
f 939 767 945
f 929 944 930
f 913 930 910
f 768 943 946
f 946 945 768
f 1150 1645 1646
f 1646 1645 1621
f 1647 1646 1621
f 1621 1648 1647
f 1617 1641 1640
f 1640 1618 1617
f 521 1018 1019
f 1149 522 504
f 823 822 816
f 892 840 823
f 839 840 1764
f 1764 838 839
f 838 822 839
f 839 823 840
f 822 823 839
f 496 473 497
f 496 1024 451
f 451 473 496
f 450 473 451
f 536 1024 496
f 496 497 536
f 536 497 534
f 1141 1065 1140
f 1064 1065 1141
f 1653 1155 1677
f 1159 1631 1630
f 1628 1631 1686
f 1686 1627 1628
f 1685 1627 1686
f 1000 510 986
f 986 510 509
f 1000 986 998
f 998 986 988
f 511 1023 1028
f 1022 1013 978
f 1022 1020 1013
f 1021 1020 1022
f 1624 1623 1152
f 1629 1625 1158
f 1025 513 1027
f 1027 1026 1025
f 989 515 1048
f 514 1025 1048
f 1653 1633 1160
f 1160 1155 1653
f 1637 1633 1612
f 994 992 993
f 993 967 994
f 778 967 993
f 993 992 995
f 993 995 996
f 1611 1635 1634
f 1403 1656 1634
f 1634 1656 1611
f 1634 1635 1636
f 1634 1401 1403
f 1636 1637 1634
f 1612 1401 1634
f 1634 1637 1612
f 995 992 516
f 516 992 1636
f 516 1635 995
f 1682 1683 1681
f 1681 1683 1685
f 1655 1656 1405
f 1611 1656 1655
f 1405 1610 1655
f 1655 1610 1611
f 209 210 266
f 266 262 209
f 266 210 270
f 270 262 266
f 264 269 263
f 263 381 264
f 264 381 269
f 335 381 336
f 279 269 335
f 269 381 335
f 342 335 336
f 279 335 342
f 336 233 342
f 342 233 415
f 357 378 1961
f 1450 1496 1581
f 1581 1496 1441
f 1581 1572 1450
f 1537 1572 1581
f 1581 1440 1537
f 1441 1440 1581
f 1544 1580 1434
f 1544 1434 1433
f 1433 1432 1544
f 1663 1431 1544
f 1544 1432 1663
f 1544 1438 1580
f 1431 1438 1544
f 1530 1395 1531
f 1531 1669 1530
f 1531 1543 1669
f 1532 1543 1531
f 1531 1395 1384
f 1384 1532 1531
f 1545 1428 1541
f 1545 1393 1428
f 1545 1541 1535
f 1539 1437 1545
f 1437 1393 1545
f 1568 1385 1384
f 1384 1598 1568
f 1719 179 178
f 178 187 1719
f 178 185 187
f 1725 1724 1295
f 1724 1178 1295
f 1295 1282 1725
f 1295 1178 1282
f 1276 1178 1281
f 1282 1178 1276
f 1276 1275 1186
f 70 1287 1190
f 86 70 1190
f 1291 1293 1292
f 1293 1363 1292
f 1281 1178 1294
f 1724 1299 1294
f 1294 1299 1298
f 1524 1237 1578
f 1588 1390 1389
f 1560 1400 1524
f 1524 1578 1560
f 1560 1578 1390
f 1390 1561 1560
f 1588 1389 1471
f 1469 1470 1480
f 1480 1481 1469
f 1480 1575 1481
f 1480 1470 1576
f 1576 1387 1480
f 1480 1387 1575
f 1520 1267 1182
f 1520 1513 1267
f 1512 1513 1520
f 1259 1249 1248
f 1248 1249 1231
f 1258 1249 1259
f 1231 1214 1230
f 1214 1208 1230
f 1230 1208 1213
f 1247 1261 1260
f 1259 1248 1260
f 1260 1248 1247
f 1245 1261 1247
f 1247 1246 1245
f 1245 1262 1261
f 1245 1246 1244
f 1216 1217 1712
f 1712 1220 1216
f 1244 1318 1243
f 1240 1238 1239
f 1239 1241 1240
f 1224 1238 1240
f 1129 1130 1077
f 1096 1101 1102
f 1167 1144 1166
f 1144 1699 1166
f 1207 1213 1206
f 1207 1206 1203
f 1317 1211 1204
f 1102 1101 1100
f 1203 1206 1079
f 1077 1130 1079
f 1079 1078 1077
f 1110 1702 1175
f 1055 539 472
f 448 443 1055
f 1055 472 448
f 470 475 443
f 470 444 445
f 445 446 470
f 1362 1343 1334
f 1334 1292 1362
f 1362 1292 1363
f 1306 1217 1307
f 1307 1302 1306
f 1179 1180 1312
f 1312 1313 1179
f 1315 1317 1204
f 1171 1694 1170
f 1138 1694 1171
f 1119 1120 1123
f 1123 1120 1125
f 1126 1694 1138
f 1138 1125 1126
f 1345 1344 1122
f 1748 1787 655
f 655 656 1748
f 1749 656 665
f 965 967 781
f 623 1758 1757
f 1757 624 623
f 1579 1397 1398
f 1398 1397 1396
f 1367 1237 1524
f 1524 1397 1367
f 1367 1397 1579
f 1367 1366 1237
f 1396 1613 1632
f 1653 1677 1632
f 1632 1612 1653
f 1632 1613 1612
f 1632 1398 1396
f 1632 1064 1579
f 1579 1398 1632
f 551 443 448
f 448 449 551
f 448 473 549
f 549 449 448
f 1142 1161 1163
f 235 1983 1982
f 1982 1994 235
f 235 1994 1961
f 419 1980 1984
f 1984 1983 419
f 1502 1442 1485
f 1502 1444 1442
f 1502 1448 1444
f 1583 1446 1571
f 1571 1570 1583
f 1570 1584 1583
f 1445 1446 1583
f 1583 1584 1443
f 1443 1444 1583
f 1583 1444 1445
f 1559 1458 1391
f 1559 1554 1452
f 1452 1453 1559
f 1453 1458 1559
f 1554 1559 1555
f 1555 1559 1391
f 1649 522 1156
f 1156 1648 1649
f 1647 1648 1156
f 1156 1149 1647
f 522 1149 1156
f 1485 1500 1501
f 1501 1502 1485
f 1501 1500 1488
f 1488 1489 1501
f 1514 1515 1507
f 1515 1573 1507
f 1574 1482 1575
f 1574 1575 1512
f 1413 1603 1602
f 1602 1603 1411
f 1602 1412 1413
f 1411 1412 1602
f 1552 1551 1553
f 1552 1415 1551
f 1628 1627 1607
f 1607 1409 1411
f 1607 1603 1628
f 1411 1603 1607
f 1403 1401 1402
f 1402 1561 1404
f 1401 1400 1402
f 1402 1656 1403
f 1404 1656 1402
f 1400 1560 1402
f 1402 1560 1561
f 1469 1481 1474
f 1474 1475 1469
f 1481 1476 1474
f 1457 1475 1474
f 1474 1476 1457
f 1588 1471 1473
f 1473 1561 1588
f 1562 1561 1473
f 1404 1562 1563
f 1563 1408 1404
f 1610 1408 1407
f 1963 1964 1962
f 1961 1990 1962
f 1962 1990 1963
f 1962 1966 1961
f 1962 1964 1966
f 1970 1856 1858
f 1858 1862 1970
f 1858 1860 1857
f 1858 1856 1860
f 1857 1859 1858
f 1859 1862 1858
f 1863 1864 1970
f 1970 1903 1863
f 1874 1873 1863
f 1863 1873 1864
f 1863 1901 1874
f 1896 1901 1863
f 1863 1903 1896
f 332 325 324
f 318 326 324
f 324 325 318
f 319 321 320
f 320 576 319
f 319 576 578
f 319 578 239
f 239 296 319
f 319 296 292
f 292 321 319
f 294 331 332
f 543 679 695
f 695 569 677
f 431 250 251
f 431 432 250
f 433 432 484
f 484 483 433
f 483 434 433
f 249 432 433
f 258 249 433
f 433 257 258
f 433 434 257
f 492 453 724
f 492 543 482
f 492 724 543
f 682 679 680
f 679 724 680
f 1119 1123 1134
f 391 392 1773
f 393 389 391
f 389 392 391
f 309 306 308
f 308 304 309
f 309 304 305
f 286 306 309
f 309 305 307
f 307 286 309
f 1754 596 594
f 594 591 1754
f 590 1755 1754
f 1754 591 590
f 590 591 1755
f 599 591 600
f 1755 591 599
f 600 605 599
f 599 605 1755
f 696 597 1752
f 1752 741 696
f 742 597 696
f 696 741 583
f 583 582 696
f 587 586 585
f 585 586 584
f 584 586 742
f 578 576 577
f 577 580 578
f 577 576 575
f 682 680 676
f 691 692 693
f 692 684 693
f 681 684 566
f 681 679 682
f 303 304 308
f 303 302 299
f 399 298 393
f 282 298 399
f 601 606 600
f 630 629 735
f 609 630 735
f 735 608 609
f 1170 1694 1169
f 887 886 885
f 885 880 887
f 889 891 892
f 892 886 889
f 889 887 888
f 886 887 889
f 933 934 755
f 933 913 914
f 914 934 933
f 935 915 876
f 934 915 935
f 938 942 754
f 942 941 754
f 937 771 754
f 754 771 938
f 875 922 923
f 923 915 912
f 923 922 876
f 876 915 923
f 881 880 878
f 878 879 881
f 881 879 882
f 881 882 888
f 888 887 881
f 881 887 880
f 878 880 865
f 865 867 878
f 862 867 865
f 862 865 863
f 875 862 863
f 863 922 875
f 375 338 1774
f 1774 271 375
f 375 271 338
f 338 271 376
f 376 378 338
f 376 271 1781
f 1781 1780 376
f 376 1780 334
f 1779 1778 403
f 401 405 403
f 401 406 407
f 407 405 401
f 374 334 412
f 412 411 374
f 374 376 334
f 404 411 1779
f 405 411 404
f 1779 403 404
f 404 403 405
f 921 923 912
f 875 923 921
f 274 1035 1036
f 917 918 1035
f 874 867 862
f 1034 760 874
f 874 862 875
f 884 1793 1785
f 1785 957 884
f 884 869 1793
f 884 957 869
f 401 757 861
f 861 760 401
f 401 760 400
f 400 406 401
f 400 760 1034
f 872 759 762
f 872 758 759
f 765 983 984
f 924 983 765
f 1009 1007 1010
f 1010 1011 1009
f 1010 982 1011
f 981 943 1010
f 768 982 1010
f 1010 943 768
f 1008 983 924
f 981 1010 1008
f 1008 1010 1007
f 1008 1007 1006
f 1006 983 1008
f 950 930 944
f 950 910 930
f 927 907 950
f 907 910 950
f 1622 1621 1645
f 1622 1645 1589
f 1589 1623 1622
f 1623 1654 1622
f 1654 1601 1622
f 1424 1525 1526
f 1614 1617 1618
f 1614 1618 1619
f 1619 1419 1614
f 1550 1546 1424
f 821 838 837
f 837 838 1763
f 1763 1762 837
f 836 837 1762
f 990 965 964
f 990 967 965
f 964 1045 990
f 990 1045 524
f 1054 497 473
f 1054 535 534
f 534 497 1054
f 448 472 1054
f 1054 473 448
f 1044 506 964
f 1024 506 1044
f 1044 451 1024
f 964 965 1044
f 965 451 1044
f 1142 1065 1689
f 1689 1065 1064
f 1689 1161 1142
f 1579 1064 1256
f 1064 1141 1256
f 1256 1367 1579
f 1141 1367 1256
f 1139 1689 1064
f 1161 1689 1139
f 1154 1686 1631
f 987 508 989
f 989 988 987
f 988 986 987
f 987 986 509
f 1000 998 999
f 999 997 507
f 999 507 1000
f 996 997 999
f 999 998 996
f 898 823 816
f 892 823 898
f 898 886 892
f 755 959 960
f 958 959 755
f 755 934 958
f 934 935 958
f 1023 1049 1050
f 1050 517 1021
f 1021 1022 1050
f 1001 988 989
f 989 1048 1001
f 1001 1025 1026
f 1001 1048 1025
f 1678 523 1633
f 1633 1637 1678
f 1047 992 994
f 994 523 1047
f 1636 1635 1680
f 1680 516 1636
f 1635 516 1680
f 279 342 341
f 278 764 279
f 278 277 764
f 279 341 278
f 278 341 277
f 764 277 763
f 763 904 764
f 415 339 385
f 385 342 415
f 339 341 385
f 385 341 342
f 364 1034 354
f 364 400 1034
f 338 378 358
f 378 357 358
f 358 1745 1794
f 1794 338 358
f 358 422 1745
f 358 357 422
f 422 357 1968
f 1968 1854 1746
f 1746 422 1968
f 1968 357 1961
f 1961 1967 1968
f 1969 1854 1968
f 1968 1967 1969
f 1535 1536 1542
f 1542 1545 1535
f 1542 1536 1528
f 1569 1568 1598
f 1569 1525 1385
f 1385 1568 1569
f 1569 1643 1642
f 1569 1598 1643
f 1718 1726 202
f 202 179 1718
f 183 179 202
f 176 184 185
f 185 178 176
f 65 184 176
f 1662 180 1186
f 1186 1275 1662
f 1274 1185 1282
f 1282 1276 1274
f 1274 1276 1186
f 183 1185 1274
f 1191 1336 86
f 86 1190 1191
f 1375 1363 1293
f 1293 1296 1375
f 1281 1294 1297
f 1298 1296 1297
f 1297 1294 1298
f 1300 1178 1724
f 1724 1294 1300
f 1300 1294 1178
f 1334 1343 1331
f 1330 1289 1332
f 1334 1331 1332
f 1332 1331 1330
f 1290 1278 1291
f 1577 1389 1388
f 1388 1478 1577
f 1577 1478 1576
f 1576 1470 1577
f 1470 1471 1577
f 1577 1471 1389
f 1521 1520 1182
f 1521 1182 1252
f 1252 1253 1521
f 1521 1253 1254
f 1519 1254 1704
f 1704 1517 1519
f 1519 1521 1254
f 1520 1521 1519
f 1512 1520 1518
f 1518 1517 1516
f 1518 1519 1517
f 1520 1519 1518
f 1516 1574 1518
f 1518 1574 1512
f 1210 1318 1244
f 1211 1317 1210
f 1210 1317 1318
f 1371 1243 1318
f 1231 1230 1229
f 1229 1248 1231
f 1247 1248 1229
f 1229 1246 1247
f 1244 1246 1373
f 1373 1210 1244
f 1242 1265 1264
f 1181 1262 1264
f 1264 1265 1252
f 1252 1181 1264
f 1263 1245 1244
f 1244 1243 1263
f 1263 1243 1242
f 1262 1245 1263
f 1242 1264 1263
f 1263 1264 1262
f 1077 1101 1081
f 1081 1129 1077
f 1081 1085 1082
f 1200 1129 1203
f 1130 1129 1200
f 1203 1079 1200
f 1200 1079 1130
f 1203 1129 1183
f 1086 1085 1128
f 1084 1085 1086
f 465 501 503
f 537 427 426
f 1098 1100 1099
f 1099 1097 1098
f 1099 1100 1101
f 1099 1101 1077
f 1077 1078 1099
f 1701 1097 1110
f 1110 1175 1701
f 478 533 480
f 480 533 540
f 480 540 481
f 1075 1201 1073
f 1206 1208 1075
f 1208 1201 1075
f 1074 1075 1073
f 1078 1075 1074
f 1310 1362 1363
f 1363 1375 1310
f 1136 1120 1119
f 1121 1120 1136
f 1693 1125 1138
f 1693 1123 1125
f 1125 1120 1127
f 1127 1126 1125
f 1127 1120 1121
f 1127 1122 1086
f 1086 1126 1127
f 1343 1180 1341
f 1341 1331 1343
f 1344 1345 1348
f 1348 1353 1347
f 1347 1344 1348
f 653 655 1787
f 1759 1749 663
f 663 665 1759
f 1749 665 663
f 657 665 656
f 1760 857 849
f 664 1760 1759
f 664 857 1760
f 1759 665 664
f 778 993 968
f 808 795 797
f 1366 1367 1257
f 1257 1367 1141
f 1257 1141 1140
f 1064 1632 1652
f 1652 1632 1677
f 1652 1139 1064
f 1235 1578 1237
f 1272 1260 1261
f 1388 1389 1479
f 1578 1235 1479
f 1479 1235 1234
f 1390 1578 1479
f 1479 1389 1390
f 552 714 471
f 471 714 444
f 471 470 443
f 444 470 471
f 552 674 715
f 730 729 715
f 715 729 716
f 716 714 715
f 715 714 552
f 552 551 550
f 550 674 552
f 550 551 449
f 449 549 550
f 730 715 673
f 673 715 674
f 1961 234 237
f 237 235 1961
f 1980 419 417
f 1981 1980 417
f 417 418 1981
f 347 230 229
f 347 345 230
f 229 418 347
f 344 345 347
f 354 758 349
f 758 872 349
f 762 272 349
f 349 872 762
f 1194 1660 118
f 80 79 118
f 36 80 118
f 118 1660 36
f 118 79 32
f 32 1194 118
f 45 1660 41
f 36 1660 45
f 41 38 45
f 35 36 45
f 1092 1659 41
f 41 1660 1092
f 1503 1493 1504
f 1504 1448 1503
f 1448 1502 1503
f 1502 1501 1503
f 1503 1489 1493
f 1503 1501 1489
f 1548 1419 1421
f 1420 1419 1619
f 1421 1419 1420
f 1619 1648 1620
f 1648 1621 1620
f 1620 1622 1601
f 1621 1622 1620
f 1514 1507 1498
f 1573 1508 1487
f 1487 1507 1573
f 1488 1500 1487
f 1487 1508 1488
f 1606 1415 1417
f 1415 1552 1417
f 1469 1475 1472
f 1472 1473 1471
f 1472 1470 1469
f 1472 1471 1470
f 1562 1473 1587
f 1587 1563 1562
f 1587 1472 1475
f 1473 1472 1587
f 1564 1456 1586
f 1586 1411 1564
f 1406 1407 1408
f 332 324 323
f 323 294 332
f 320 321 322
f 322 324 326
f 321 323 322
f 322 323 324
f 287 320 322
f 322 326 287
f 292 327 293
f 299 302 293
f 293 327 299
f 216 331 295
f 331 294 295
f 295 300 216
f 568 695 679
f 568 681 566
f 679 681 568
f 566 567 568
f 567 569 568
f 569 695 568
f 678 493 543
f 543 695 678
f 251 424 1032
f 424 1657 1032
f 1657 1173 1032
f 484 432 1052
f 432 431 1052
f 495 434 483
f 482 493 495
f 495 483 482
f 493 678 495
f 254 257 1033
f 257 434 1033
f 1033 245 254
f 1033 244 245
f 677 244 1033
f 1773 397 398
f 398 391 1773
f 282 399 398
f 393 391 398
f 398 399 393
f 398 396 282
f 398 397 396
f 596 587 686
f 589 613 604
f 581 580 697
f 697 582 581
f 697 696 582
f 742 696 697
f 697 584 742
f 580 584 697
f 1753 586 598
f 586 587 598
f 598 596 1753
f 598 587 596
f 585 584 546
f 546 584 580
f 580 577 546
f 726 708 691
f 691 693 726
f 703 708 726
f 726 676 703
f 682 676 726
f 683 693 684
f 683 681 682
f 684 681 683
f 682 726 683
f 683 726 693
f 688 689 687
f 687 686 688
f 688 686 587
f 688 587 585
f 304 303 281
f 282 283 281
f 283 304 281
f 281 303 299
f 281 298 282
f 299 298 281
f 300 302 301
f 302 303 301
f 217 300 301
f 301 308 217
f 301 303 308
f 716 729 615
f 729 662 615
f 717 714 716
f 716 615 717
f 717 615 750
f 612 613 545
f 705 712 710
f 710 706 705
f 704 712 705
f 625 623 626
f 626 623 624
f 626 624 642
f 606 601 607
f 642 606 607
f 608 607 602
f 602 607 601
f 592 602 603
f 603 602 601
f 1145 1126 1086
f 1694 1126 1145
f 1086 1128 1145
f 500 501 499
f 499 501 463
f 500 530 502
f 502 501 500
f 502 503 501
f 464 465 440
f 464 501 465
f 463 501 464
f 705 706 701
f 701 560 705
f 706 700 701
f 463 560 459
f 675 435 700
f 429 435 675
f 453 429 675
f 1783 891 890
f 891 889 890
f 890 888 1783
f 890 889 888
f 913 933 931
f 929 930 931
f 931 930 913
f 877 935 876
f 864 865 880
f 864 863 865
f 864 880 885
f 876 922 864
f 922 863 864
f 885 877 864
f 864 877 876
f 401 403 413
f 413 403 1778
f 413 1778 1786
f 911 910 907
f 912 914 911
f 914 913 911
f 913 910 911
f 909 911 907
f 275 274 1036
f 1035 274 356
f 764 904 902
f 902 1005 1004
f 1004 764 902
f 766 1003 902
f 1003 1005 902
f 906 925 949
f 1034 874 761
f 761 758 1034
f 759 758 761
f 761 874 875
f 875 921 761
f 761 921 759
f 868 874 760
f 760 861 868
f 757 869 868
f 868 861 757
f 868 957 866
f 869 957 868
f 866 867 868
f 867 874 868
f 948 984 766
f 948 765 984
f 904 949 948
f 948 949 925
f 766 902 948
f 948 902 904
f 981 1008 980
f 980 1008 924
f 980 924 926
f 980 943 981
f 926 946 980
f 980 946 943
f 928 950 944
f 944 945 928
f 945 946 928
f 927 950 928
f 928 926 927
f 928 946 926
f 1651 1526 1525
f 1651 1569 1642
f 1525 1569 1651
f 1546 1550 1558
f 1557 1566 1558
f 1566 1546 1558
f 1558 1550 1555
f 1558 1391 1557
f 1558 1555 1391
f 819 824 811
f 818 817 819
f 821 837 820
f 820 836 818
f 837 836 820
f 846 853 845
f 831 830 824
f 994 967 1046
f 967 990 1046
f 1046 523 994
f 1633 523 1046
f 1046 990 524
f 1055 1056 1177
f 1177 1057 1176
f 1177 1056 1057
f 1686 1154 1684
f 1685 1686 1684
f 973 998 988
f 972 998 973
f 798 808 797
f 961 960 901
f 959 958 900
f 900 898 816
f 1023 1050 1031
f 1028 1023 1031
f 1031 1050 1022
f 1031 1026 1028
f 1031 1029 1026
f 1031 1022 978
f 978 1029 1031
f 773 1029 978
f 937 754 773
f 978 771 773
f 773 771 937
f 940 754 941
f 1030 1001 1026
f 1026 1029 1030
f 1001 1030 975
f 988 1001 975
f 975 973 988
f 1679 1637 1636
f 1679 1678 1637
f 523 1678 1679
f 1679 1047 523
f 969 796 797
f 969 971 796
f 969 968 993
f 969 993 996
f 996 971 969
f 365 364 354
f 365 366 370
f 406 400 409
f 400 364 409
f 406 409 367
f 367 409 364
f 367 407 406
f 367 380 407
f 359 237 379
f 379 237 234
f 234 378 379
f 1539 1545 1540
f 1545 1542 1540
f 1540 1570 1539
f 1528 1566 1540
f 1540 1542 1528
f 1540 1566 1557
f 1557 1570 1540
f 1283 202 1726
f 1283 1726 1725
f 1283 1185 183
f 183 202 1283
f 1725 1282 1283
f 1282 1185 1283
f 181 91 65
f 177 178 179
f 177 176 178
f 180 181 177
f 177 179 183
f 183 1274 177
f 1186 180 177
f 177 1274 1186
f 180 1662 1187
f 1187 1189 72
f 72 180 1187
f 1275 1189 1187
f 1187 1662 1275
f 1303 1375 1296
f 1298 1301 1303
f 1303 1296 1298
f 1303 1301 1302
f 1279 1297 1296
f 1293 1278 1279
f 1279 1296 1293
f 1359 1361 1353
f 1661 1335 1325
f 1661 1325 30
f 30 29 1661
f 69 1336 1661
f 1661 29 69
f 1336 1191 1286
f 1286 1191 1190
f 1326 1193 1325
f 1325 1335 1326
f 1334 1332 1333
f 1333 1292 1334
f 1291 1292 1333
f 1333 1290 1291
f 1224 1240 1227
f 1246 1229 1228
f 1228 1373 1246
f 1228 1229 1230
f 1228 1230 1213
f 1219 1216 1220
f 1222 1218 1219
f 1224 1227 1225
f 1369 1218 1222
f 1311 1218 1369
f 1369 1312 1311
f 1313 1312 1369
f 1080 1081 1082
f 1129 1081 1080
f 1203 1183 1205
f 1205 1207 1203
f 1204 1211 1205
f 1211 1207 1205
f 1378 1315 1204
f 1354 1284 1378
f 1698 1128 1144
f 1698 1144 1167
f 1085 1081 1111
f 1111 1128 1085
f 1144 1128 1111
f 1111 1699 1144
f 1111 1096 1699
f 1101 1096 1111
f 1111 1081 1101
f 1122 1344 1199
f 1344 1084 1199
f 1082 1085 1083
f 1085 1084 1083
f 1382 1084 1344
f 1382 1183 1082
f 1285 1354 1347
f 1285 1284 1354
f 1347 1353 1285
f 1353 1361 1285
f 465 503 1059
f 426 465 1059
f 1059 537 426
f 1165 1096 1102
f 1102 1164 1165
f 1699 1096 1165
f 1165 1166 1699
f 427 537 538
f 541 533 478
f 481 470 479
f 479 480 481
f 479 470 446
f 478 480 479
f 479 467 478
f 478 467 477
f 477 467 1058
f 444 714 555
f 555 714 446
f 445 444 555
f 555 446 445
f 1072 1201 1071
f 1073 1201 1072
f 1071 1074 1072
f 1072 1074 1073
f 1078 1079 1076
f 1076 1075 1078
f 1097 1099 1112
f 1110 1097 1112
f 1112 1099 1078
f 1078 1074 1112
f 1112 1702 1110
f 1112 1074 1071
f 1302 1307 1308
f 1308 1310 1375
f 1308 1303 1302
f 1375 1303 1308
f 1376 1312 1180
f 1362 1310 1376
f 1311 1312 1376
f 1376 1310 1311
f 1376 1180 1343
f 1343 1362 1376
f 1309 1218 1311
f 1309 1308 1307
f 1311 1310 1309
f 1310 1308 1309
f 1088 1346 1121
f 1121 1136 1088
f 1132 1134 1692
f 1692 1134 1123
f 1123 1693 1692
f 1122 1127 1197
f 1197 1127 1121
f 425 1062 489
f 484 1052 425
f 425 1052 1062
f 659 644 658
f 1761 1760 850
f 850 849 1761
f 1760 849 850
f 1761 849 835
f 835 849 817
f 835 1762 1761
f 835 836 1762
f 835 817 818
f 818 836 835
f 817 849 856
f 856 857 855
f 856 849 857
f 855 857 667
f 857 664 667
f 667 664 665
f 991 967 778
f 991 781 967
f 783 451 965
f 674 550 713
f 1139 1652 1676
f 1676 1652 1677
f 1268 1269 1270
f 1181 1269 1268
f 1268 1262 1181
f 1261 1262 1268
f 1268 1272 1261
f 1273 1478 1388
f 1259 1260 1364
f 1260 1272 1364
f 1272 1273 1364
f 553 551 552
f 552 471 553
f 443 551 553
f 553 471 443
f 732 660 661
f 661 662 732
f 650 658 657
f 659 660 733
f 733 660 732
f 732 662 731
f 731 729 730
f 731 662 729
f 474 1057 475
f 481 540 474
f 474 470 481
f 475 470 474
f 476 1056 1055
f 443 475 476
f 476 1055 443
f 475 1057 476
f 1057 1056 476
f 235 384 238
f 238 384 419
f 1983 235 238
f 238 419 1983
f 418 417 350
f 350 347 418
f 351 347 350
f 366 355 383
f 351 355 348
f 39 38 35
f 35 45 39
f 39 45 38
f 1554 1555 1556
f 1555 1550 1556
f 1547 1548 1421
f 1421 1420 1547
f 1547 1420 1619
f 1619 1620 1547
f 1419 1548 1549
f 1549 1556 1550
f 1548 1556 1549
f 1526 1423 1549
f 1424 1526 1549
f 1549 1550 1424
f 1606 1417 1416
f 1601 1606 1416
f 1416 1620 1601
f 1418 1547 1416
f 1416 1547 1620
f 1416 1417 1552
f 1514 1498 1497
f 1482 1574 1497
f 1516 1514 1497
f 1497 1574 1516
f 1468 1482 1483
f 1483 1467 1468
f 1482 1497 1483
f 1483 1497 1498
f 1477 1475 1457
f 1477 1587 1475
f 1563 1587 1477
f 1477 1457 1456
f 1456 1564 1477
f 1477 1564 1563
f 1411 1409 1410
f 1410 1564 1411
f 1609 1607 1627
f 1407 1406 1609
f 1627 1610 1609
f 1610 1407 1609
f 1409 1607 1608
f 1608 1410 1409
f 1607 1609 1608
f 1608 1609 1406
f 1608 1406 1408
f 1564 1410 1608
f 1408 1563 1608
f 1563 1564 1608
f 294 323 333
f 292 293 333
f 333 321 292
f 333 323 321
f 328 295 294
f 294 333 328
f 328 333 293
f 328 293 302
f 328 302 300
f 300 295 328
f 1053 431 251
f 251 1032 1053
f 1062 1052 525
f 525 1032 1173
f 525 1053 1032
f 525 1052 431
f 431 1053 525
f 434 495 494
f 494 495 678
f 494 695 677
f 494 678 695
f 545 613 711
f 613 589 711
f 728 727 691
f 685 686 687
f 585 546 690
f 690 688 585
f 689 688 690
f 692 727 690
f 727 689 690
f 698 577 575
f 698 546 577
f 575 692 698
f 692 690 698
f 698 690 546
f 750 615 616
f 616 615 662
f 616 661 617
f 662 661 616
f 446 714 554
f 714 717 554
f 614 612 545
f 545 710 614
f 614 710 712
f 609 604 611
f 611 630 609
f 604 613 611
f 613 612 611
f 628 627 625
f 625 626 628
f 628 629 627
f 628 735 629
f 719 717 750
f 612 614 639
f 608 735 643
f 643 607 608
f 642 607 643
f 735 628 643
f 643 626 642
f 643 628 626
f 610 604 609
f 609 608 610
f 608 602 610
f 610 602 592
f 593 603 601
f 600 591 593
f 593 601 600
f 591 743 593
f 743 603 593
f 1695 1169 1694
f 1694 1145 1695
f 500 499 498
f 498 499 485
f 503 502 531
f 463 464 562
f 562 704 705
f 485 499 460
f 460 1061 485
f 460 499 463
f 463 459 460
f 527 528 485
f 485 1061 527
f 487 458 489
f 489 526 487
f 702 703 542
f 542 700 702
f 542 675 700
f 703 676 542
f 453 675 725
f 725 676 680
f 725 542 676
f 675 542 725
f 724 453 725
f 725 680 724
f 871 933 755
f 871 931 933
f 755 960 871
f 871 960 961
f 885 886 899
f 899 877 885
f 899 900 958
f 899 958 935
f 935 877 899
f 886 898 899
f 898 900 899
f 402 757 401
f 401 413 402
f 402 413 757
f 757 413 870
f 870 413 1786
f 870 869 757
f 1786 869 870
f 410 374 411
f 410 380 374
f 407 380 410
f 410 411 405
f 405 407 410
f 376 374 373
f 235 237 362
f 362 237 359
f 359 361 362
f 762 759 920
f 920 917 762
f 918 917 920
f 759 921 873
f 873 920 759
f 873 921 912
f 912 911 873
f 911 909 873
f 918 920 919
f 919 873 909
f 920 873 919
f 1036 763 276
f 276 275 1036
f 276 763 277
f 353 348 349
f 762 917 353
f 353 349 272
f 353 272 762
f 903 949 904
f 903 763 1036
f 904 763 903
f 947 948 925
f 765 948 947
f 947 925 924
f 924 765 947
f 1600 1614 1419
f 1419 1423 1600
f 1526 1651 1616
f 1616 1423 1526
f 1616 1600 1423
f 818 819 810
f 810 820 818
f 810 819 811
f 843 851 841
f 844 845 843
f 846 845 828
f 828 831 846
f 828 845 844
f 830 831 828
f 829 806 805
f 829 828 844
f 805 830 829
f 830 828 829
f 808 798 809
f 795 808 825
f 825 842 795
f 808 809 825
f 952 953 795
f 795 842 952
f 952 842 841
f 952 951 953
f 1071 1201 1209
f 1209 1208 1214
f 1209 1201 1208
f 1232 1214 1231
f 1231 1249 1232
f 1232 1209 1214
f 1249 1258 1232
f 1143 1065 1142
f 1163 1162 1143
f 1142 1163 1143
f 1106 1143 1690
f 1065 1143 1106
f 1105 1690 1174
f 1055 1177 1105
f 1104 1106 1105
f 1105 1106 1690
f 972 973 787
f 787 973 776
f 811 824 954
f 824 830 954
f 796 971 970
f 797 796 970
f 970 971 996
f 996 998 970
f 970 998 972
f 816 822 815
f 815 822 821
f 821 820 814
f 820 810 814
f 814 815 821
f 813 815 814
f 896 800 756
f 896 954 800
f 811 954 896
f 798 787 789
f 894 960 959
f 894 901 960
f 1029 773 977
f 977 773 936
f 962 940 941
f 936 773 753
f 753 773 754
f 754 940 753
f 776 973 974
f 973 975 974
f 975 777 974
f 790 789 974
f 968 969 803
f 778 968 803
f 797 795 803
f 803 969 797
f 795 953 803
f 382 355 366
f 366 365 382
f 382 365 354
f 382 348 355
f 354 349 382
f 349 348 382
f 364 365 369
f 369 367 364
f 369 365 370
f 65 176 182
f 182 181 65
f 176 177 182
f 182 177 181
f 72 91 188
f 91 181 188
f 188 180 72
f 188 181 180
f 1278 1290 1277
f 1277 1279 1278
f 1277 1290 1275
f 1358 1359 1340
f 1340 1359 1352
f 1353 1348 1352
f 1352 1359 1353
f 1361 1359 1360
f 1360 1341 1361
f 1331 1341 1360
f 1359 1358 1360
f 1330 1331 1360
f 1360 1358 1330
f 1119 1134 1124
f 1133 1134 1132
f 1132 1093 1133
f 1133 1124 1134
f 1118 1124 1133
f 1357 1358 1340
f 1330 1358 1357
f 1184 1124 1118
f 1184 1196 1137
f 1336 1286 1192
f 1192 1661 1336
f 1335 1661 1192
f 1287 1189 1188
f 1188 1189 1275
f 1275 1290 1188
f 1322 1326 1335
f 1290 1333 1337
f 1337 1188 1290
f 1337 1332 1289
f 1337 1333 1332
f 1243 1371 1374
f 1371 1227 1374
f 1374 1227 1240
f 1242 1243 1374
f 1374 1241 1242
f 1374 1240 1241
f 1210 1373 1212
f 1373 1228 1212
f 1212 1228 1213
f 1211 1210 1212
f 1213 1207 1212
f 1212 1207 1211
f 1217 1216 1368
f 1216 1219 1368
f 1368 1219 1218
f 1368 1307 1217
f 1368 1309 1307
f 1218 1309 1368
f 1316 1315 1314
f 1317 1315 1316
f 1318 1317 1316
f 1316 1371 1318
f 1222 1225 1370
f 1370 1369 1222
f 1314 1313 1370
f 1313 1369 1370
f 1222 1219 1221
f 1221 1225 1222
f 1221 1219 1220
f 1224 1225 1221
f 1221 1223 1224
f 1221 1220 1223
f 1381 1183 1129
f 1129 1080 1381
f 1082 1183 1381
f 1381 1080 1082
f 1204 1205 1380
f 1380 1378 1204
f 1380 1205 1183
f 1354 1378 1380
f 1179 1313 1377
f 1377 1284 1179
f 1377 1378 1284
f 1315 1378 1377
f 1377 1313 1314
f 1314 1315 1377
f 1122 1199 1087
f 1087 1199 1084
f 1086 1122 1087
f 1087 1084 1086
f 1347 1354 1379
f 1379 1344 1347
f 1379 1382 1344
f 1354 1380 1379
f 1183 1382 1379
f 1379 1380 1183
f 1383 1083 1084
f 1084 1382 1383
f 1082 1083 1383
f 1383 1382 1082
f 1361 1341 1342
f 1342 1285 1361
f 1342 1341 1180
f 1284 1285 1342
f 1342 1180 1179
f 1179 1284 1342
f 532 1059 503
f 503 531 532
f 537 1059 532
f 1097 1701 1700
f 1206 1075 1202
f 1075 1076 1202
f 1202 1079 1206
f 1202 1076 1079
f 1346 1088 1350
f 1137 1196 1350
f 1350 1088 1136
f 1119 1137 1350
f 1350 1136 1119
f 1132 1692 1691
f 1131 1132 1691
f 1691 1173 1131
f 1121 1345 1198
f 1198 1197 1121
f 1198 1345 1122
f 1122 1197 1198
f 491 492 482
f 453 492 491
f 491 452 453
f 454 458 456
f 454 435 429
f 489 458 488
f 488 425 489
f 458 454 488
f 488 454 452
f 631 653 1787
f 1787 1758 631
f 631 623 625
f 1758 623 631
f 665 657 666
f 666 667 665
f 657 658 666
f 666 658 644
f 734 644 659
f 659 733 734
f 734 733 619
f 846 831 847
f 847 856 855
f 854 847 855
f 854 853 846
f 846 847 854
f 781 991 794
f 794 991 778
f 778 803 794
f 794 803 953
f 953 951 793
f 793 794 953
f 841 851 834
f 834 952 841
f 951 952 834
f 834 621 833
f 851 621 834
f 782 783 965
f 450 451 547
f 451 783 547
f 547 739 450
f 547 783 739
f 548 550 549
f 548 713 550
f 450 739 548
f 739 713 548
f 737 673 674
f 674 713 737
f 1478 1273 1271
f 1270 1386 1271
f 1386 1478 1271
f 1271 1273 1272
f 1271 1268 1270
f 1272 1268 1271
f 1365 1258 1259
f 1259 1364 1365
f 1234 1235 1365
f 654 650 657
f 656 655 654
f 654 657 656
f 619 733 544
f 544 733 732
f 732 731 544
f 346 355 351
f 351 350 346
f 346 383 355
f 346 350 417
f 384 383 346
f 346 417 419
f 419 384 346
f 1116 1092 1660
f 1116 1195 1092
f 1116 1660 1194
f 1194 1195 1116
f 1115 1093 1659
f 1115 1133 1093
f 1659 1092 1115
f 1092 1195 1115
f 1554 1556 1565
f 1565 1556 1548
f 1565 1547 1418
f 1548 1547 1565
f 1553 1554 1565
f 1565 1552 1553
f 1418 1416 1565
f 1565 1416 1552
f 1422 1423 1419
f 1419 1549 1422
f 1422 1549 1423
f 1467 1483 1499
f 1499 1483 1498
f 1484 1466 1499
f 1499 1466 1467
f 430 1033 434
f 434 494 430
f 677 1033 430
f 430 494 677
f 706 710 707
f 707 711 709
f 707 710 545
f 545 711 707
f 702 706 707
f 707 709 702
f 747 728 589
f 747 589 604
f 604 610 747
f 747 610 592
f 709 711 588
f 708 709 588
f 588 711 589
f 589 728 588
f 691 708 588
f 588 728 691
f 744 685 687
f 743 685 744
f 595 685 743
f 591 594 595
f 595 743 591
f 686 685 595
f 595 594 596
f 596 686 595
f 750 616 645
f 618 670 645
f 617 618 645
f 645 616 617
f 462 479 446
f 635 633 627
f 627 629 635
f 749 719 750
f 750 645 749
f 749 645 670
f 630 611 638
f 639 637 638
f 638 611 612
f 612 639 638
f 1697 1695 1145
f 1697 1145 1128
f 1128 1698 1697
f 1696 1695 1697
f 1697 1698 1168
f 1168 1696 1697
f 1169 1695 1060
f 1695 498 1060
f 1060 498 485
f 485 528 1060
f 1060 528 1170
f 1170 1169 1060
f 500 498 529
f 529 530 500
f 563 562 464
f 705 560 561
f 561 562 705
f 486 459 456
f 486 460 459
f 1061 460 486
f 456 458 486
f 486 487 1061
f 458 487 486
f 1172 1692 1693
f 700 435 565
f 435 436 565
f 457 565 436
f 456 459 457
f 457 701 700
f 700 565 457
f 455 436 435
f 455 454 456
f 435 454 455
f 456 457 455
f 455 457 436
f 931 871 932
f 932 941 929
f 929 931 932
f 932 962 941
f 932 871 961
f 961 962 932
f 359 379 363
f 363 361 359
f 361 363 372
f 372 363 373
f 370 361 372
f 372 369 370
f 376 373 377
f 378 376 377
f 377 379 378
f 377 363 379
f 373 363 377
f 235 362 360
f 360 384 235
f 360 383 384
f 908 919 909
f 908 907 906
f 908 909 907
f 275 276 343
f 274 275 343
f 343 356 274
f 343 339 340
f 343 341 339
f 277 341 343
f 343 276 277
f 343 340 344
f 344 356 343
f 348 353 352
f 352 347 351
f 351 348 352
f 344 347 352
f 352 356 344
f 352 353 356
f 273 353 917
f 356 353 273
f 273 917 1035
f 1035 356 273
f 949 903 905
f 906 949 905
f 905 908 906
f 919 908 905
f 1615 1651 1642
f 1615 1616 1651
f 827 829 844
f 806 829 827
f 827 809 806
f 827 825 809
f 1113 1209 1114
f 1109 1114 1104
f 1104 1107 1109
f 1109 1113 1114
f 1069 1113 1109
f 1702 1112 1109
f 1109 1112 1071
f 1071 1069 1109
f 1114 1209 1215
f 1209 1232 1215
f 805 806 802
f 786 787 798
f 786 798 797
f 797 970 786
f 895 896 756
f 895 894 813
f 756 901 895
f 901 894 895
f 813 814 812
f 812 895 813
f 896 895 812
f 811 896 812
f 812 810 811
f 812 814 810
f 756 800 955
f 790 792 799
f 799 789 790
f 813 894 893
f 816 815 893
f 893 815 813
f 893 900 816
f 959 900 893
f 893 894 959
f 936 753 966
f 966 977 936
f 966 1030 1029
f 1029 977 966
f 963 753 940
f 963 792 790
f 963 966 753
f 976 975 1030
f 976 777 975
f 976 963 790
f 776 974 788
f 788 974 789
f 788 787 776
f 788 789 787
f 1279 1277 1280
f 1281 1297 1280
f 1297 1279 1280
f 1280 1277 1275
f 1280 1276 1281
f 1275 1276 1280
f 1346 1350 1349
f 1349 1350 1196
f 1349 1345 1121
f 1121 1346 1349
f 1349 1348 1345
f 1349 1352 1348
f 1135 1137 1119
f 1119 1124 1135
f 1135 1184 1137
f 1124 1184 1135
f 1340 1352 1339
f 1339 1349 1196
f 1352 1349 1339
f 1329 1289 1330
f 1330 1357 1329
f 1117 1184 1118
f 1288 1190 1287
f 1287 1188 1288
f 1288 1286 1190
f 1289 1286 1288
f 1288 1337 1289
f 1188 1337 1288
f 1196 1184 1338
f 1338 1339 1196
f 1335 1192 1323
f 1323 1322 1335
f 1323 1192 1286
f 1323 1286 1289
f 1289 1329 1323
f 1328 1355 1327
f 1327 1322 1328
f 1326 1322 1327
f 1226 1370 1225
f 1371 1316 1226
f 1226 1316 1314
f 1314 1370 1226
f 1226 1227 1371
f 1226 1225 1227
f 428 454 429
f 452 454 428
f 428 429 453
f 453 452 428
f 452 491 490
f 490 488 452
f 425 488 490
f 490 483 484
f 484 425 490
f 482 483 490
f 490 491 482
f 653 631 632
f 632 631 625
f 625 627 632
f 627 633 632
f 653 632 652
f 652 632 633
f 655 653 652
f 652 654 655
f 650 647 649
f 649 660 659
f 659 658 649
f 658 650 649
f 617 661 648
f 648 647 646
f 648 661 660
f 648 618 617
f 646 618 648
f 660 649 648
f 648 649 647
f 644 734 859
f 853 854 859
f 848 847 831
f 848 819 817
f 817 856 848
f 856 847 848
f 824 819 848
f 848 831 824
f 852 845 853
f 851 843 852
f 852 843 845
f 781 794 780
f 794 793 780
f 780 793 739
f 739 783 780
f 783 782 780
f 740 473 450
f 450 548 740
f 740 549 473
f 740 548 549
f 738 713 739
f 738 737 713
f 739 793 738
f 738 793 951
f 1258 1365 1236
f 1236 1365 1235
f 1237 1366 1236
f 1236 1235 1237
f 1233 1364 1273
f 1233 1365 1364
f 1234 1365 1233
f 1233 1479 1234
f 1388 1479 1233
f 1233 1273 1388
f 619 544 622
f 1118 1133 1090
f 1133 1115 1090
f 1090 1117 1118
f 1320 1117 1090
f 1506 1500 1484
f 1484 1499 1506
f 1506 1487 1500
f 1506 1499 1498
f 1506 1498 1507
f 1507 1487 1506
f 745 747 592
f 743 744 745
f 592 603 745
f 745 603 743
f 467 479 468
f 479 462 468
f 634 637 671
f 671 670 618
f 671 618 646
f 646 634 671
f 636 629 630
f 630 638 636
f 636 638 637
f 636 637 634
f 636 635 629
f 634 635 636
f 633 635 672
f 646 647 672
f 672 634 646
f 672 635 634
f 427 1058 466
f 1058 467 466
f 426 427 466
f 466 465 426
f 440 465 466
f 719 749 720
f 704 562 722
f 562 563 722
f 438 561 560
f 562 561 438
f 438 560 463
f 463 562 438
f 437 457 459
f 437 459 560
f 374 380 368
f 368 373 374
f 368 372 373
f 369 372 368
f 380 367 368
f 367 369 368
f 383 360 371
f 370 366 371
f 366 383 371
f 371 361 370
f 371 362 361
f 371 360 362
f 918 919 916
f 919 905 916
f 916 905 903
f 1035 918 916
f 1036 1035 916
f 916 903 1036
f 1650 1615 1642
f 1642 1641 1650
f 1641 1617 1650
f 1617 1614 1650
f 1616 1615 1650
f 1614 1600 1650
f 1600 1616 1650
f 826 827 844
f 841 842 826
f 842 825 826
f 825 827 826
f 826 843 841
f 844 843 826
f 1071 1209 1070
f 1209 1113 1070
f 1070 1069 1071
f 1070 1113 1069
f 1702 1109 1108
f 1108 1109 1107
f 1108 1175 1702
f 1108 1107 1176
f 1103 1105 1177
f 1103 1177 1176
f 1176 1107 1103
f 1104 1105 1103
f 1103 1107 1104
f 1104 1114 1068
f 1114 1215 1068
f 1366 1257 1251
f 800 954 804
f 805 802 804
f 804 830 805
f 804 954 830
f 787 786 785
f 785 786 970
f 972 787 785
f 785 970 972
f 802 799 801
f 800 804 801
f 801 804 802
f 801 955 800
f 792 955 801
f 801 799 792
f 807 799 802
f 807 809 798
f 798 789 807
f 789 799 807
f 806 809 807
f 807 802 806
f 792 963 791
f 940 962 791
f 791 963 940
f 791 955 792
f 1030 966 775
f 775 976 1030
f 784 976 790
f 777 976 784
f 790 974 784
f 784 974 777
f 1324 1357 1328
f 1324 1329 1357
f 1324 1323 1329
f 1328 1322 1324
f 1322 1323 1324
f 1351 1117 1320
f 1320 1327 1351
f 1351 1327 1355
f 1184 1117 1351
f 1351 1338 1184
f 1355 1338 1351
f 1339 1338 1356
f 1356 1357 1340
f 1340 1339 1356
f 1328 1357 1356
f 1356 1355 1328
f 1356 1338 1355
f 1326 1327 1321
f 1193 1326 1321
f 1320 1319 1321
f 1321 1327 1320
f 1321 1194 1193
f 1321 1195 1194
f 1321 1319 1195
f 651 652 633
f 633 672 651
f 651 672 647
f 651 647 650
f 650 654 651
f 654 652 651
f 858 666 644
f 644 859 858
f 858 854 855
f 858 859 854
f 620 852 853
f 620 734 619
f 781 780 779
f 779 780 782
f 965 781 779
f 779 782 965
f 737 738 832
f 832 738 951
f 832 834 833
f 951 834 832
f 751 622 544
f 751 544 731
f 730 673 751
f 751 731 730
f 1089 1319 1320
f 1320 1090 1089
f 746 745 744
f 746 744 687
f 728 747 746
f 747 745 746
f 727 728 746
f 687 689 746
f 746 689 727
f 719 720 556
f 467 468 461
f 461 466 467
f 461 556 557
f 468 556 461
f 440 466 461
f 640 720 749
f 640 749 670
f 712 704 723
f 720 640 723
f 560 701 699
f 699 437 560
f 701 457 699
f 457 437 699
f 1250 1232 1258
f 1366 1251 1250
f 1250 1215 1232
f 1250 1251 1215
f 1250 1236 1366
f 1258 1236 1250
f 1066 1257 1140
f 1066 1251 1257
f 1066 1372 1251
f 1106 1372 1066
f 1140 1065 1066
f 1065 1106 1066
f 961 901 956
f 956 962 961
f 956 791 962
f 955 791 956
f 956 901 756
f 756 955 956
f 966 963 774
f 774 775 966
f 963 976 774
f 976 775 774
f 667 666 668
f 666 858 668
f 855 667 668
f 668 858 855
f 852 620 860
f 860 621 851
f 851 852 860
f 860 620 619
f 619 622 860
f 860 622 621
f 853 859 752
f 752 620 853
f 752 859 734
f 734 620 752
f 673 737 736
f 736 751 673
f 622 751 736
f 736 832 833
f 737 832 736
f 833 621 736
f 621 622 736
f 1195 1319 1091
f 1319 1089 1091
f 1091 1115 1195
f 1091 1090 1115
f 1091 1089 1090
f 442 554 717
f 717 719 442
f 442 468 462
f 440 461 558
f 558 461 557
f 720 723 558
f 669 640 670
f 670 671 669
f 669 671 637
f 669 637 639
f 712 723 748
f 748 614 712
f 748 639 614
f 748 723 640
f 748 669 639
f 640 669 748
f 440 558 564
f 1067 1106 1104
f 1067 1372 1106
f 1104 1068 1067
f 1067 1068 1215
f 1215 1251 1067
f 1251 1372 1067
f 719 556 718
f 718 442 719
f 554 442 441
f 441 442 462
f 559 558 557
f 720 558 559
f 557 556 559
f 559 556 720
f 721 558 723
f 721 564 558
f 440 564 439
f 439 464 440
f 439 563 464
f 564 721 439
f 439 722 563
f 439 721 723
f 704 722 439
f 439 723 704
f 469 718 556
f 442 718 469
f 469 556 468
f 468 442 469
f 446 554 447
f 554 441 447
f 447 462 446
f 447 441 462
f 1975 1807 1804
f 1804 1970 1975
f 1975 1806 1807
f 1976 1806 1975
f 519 1596 985
f 1146 1596 519
f 1146 519 1590
f 1590 519 1015
f 212 7 213
f 213 214 212
f 1 208 5
f 1 1923 208
f 1638 1590 1015
f 1015 1051 1638
f 985 1596 1675
f 1675 518 985
f 251 249 424
f 424 249 40
f 423 1042 1674
f 50 423 1674
f 518 1675 1674
f 1042 518 1674
f 1730 1791 1740
f 1730 1734 1735
f 1707 1708 1730
f 1730 1714 1715
f 1730 1732 1733
f 1730 1742 1743
f 1740 1741 1730
f 1715 1716 1730
f 1730 1706 1707
f 1730 1703 1704
f 1722 1723 1730
f 1708 1732 1730
f 1720 1789 1730
f 1738 1739 1730
f 1730 1744 1736
f 1730 1789 1713
f 1733 1792 1730
f 1730 1719 1720
f 1717 1706 1730
f 1730 1716 1717
f 1713 1714 1730
f 1710 1711 1730
f 1730 1727 1728
f 1741 1742 1730
f 1743 1744 1730
f 1735 1791 1730
f 1728 1729 1730
f 1730 1721 1722
f 1736 1737 1730
f 1725 1726 1730
f 1730 1724 1725
f 1792 1734 1730
f 1712 1721 1730
f 1730 1711 1712
f 1718 1719 1730
f 1730 1709 1710
f 1704 1705 1730
f 1730 1739 1727
f 1731 1703 1730
f 1730 1737 1738
f 1730 1726 1718
f 1730 1705 1788
f 1788 1709 1730
f 1723 1724 1730
f 520 1638 1051
f 1147 1638 520
f 520 1018 1640
f 1640 1147 520
f 1021 1646 1688
f 505 1021 1688
f 505 1688 1020
f 1020 1688 1647
f 1630 1157 515
f 989 1630 515
f 1027 513 1153
f 1624 1027 1153
f 995 1635 997
f 997 1635 1682
f 1150 1646 1021
f 1021 517 1150
f 1649 1148 521
f 1019 1649 521
f 1640 1018 521
f 521 1148 1640
f 1149 1020 1647
f 504 1020 1149
f 1768 1769 1762
f 1762 1760 1761
f 1793 1786 1762
f 1762 1764 1782
f 1762 1778 1779
f 1762 1790 1768
f 1762 1756 1757
f 1754 1755 1762
f 1750 1751 1762
f 1762 1777 1794
f 1766 1767 1762
f 1762 1784 1785
f 1774 1775 1762
f 1762 1765 1766
f 1748 1749 1762
f 1762 1753 1754
f 1762 1770 1771
f 1762 1773 1750
f 1782 1783 1762
f 1785 1793 1762
f 1763 1764 1762
f 1747 1765 1762
f 1762 1746 1747
f 1794 1745 1762
f 1771 1772 1762
f 1762 1751 1752
f 1752 1753 1762
f 1767 1790 1762
f 1762 1769 1770
f 1783 1784 1762
f 1762 1781 1774
f 1762 1775 1776
f 1776 1777 1762
f 1762 1745 1746
f 1762 1749 1759
f 1762 1787 1748
f 1772 1773 1762
f 1762 1755 1756
f 1757 1758 1762
f 1779 1780 1762
f 1759 1760 1762
f 1762 1758 1787
f 1762 1780 1781
f 1786 1778 1762
f 1155 1045 1677
f 1677 1045 964
f 1159 1630 989
f 989 508 1159
f 511 1028 1623
f 511 1623 1151
f 1151 1589 511
f 1589 1023 511
f 1049 1023 1589
f 1589 1687 1049
f 1152 1027 1624
f 1152 512 1027
f 1623 1028 1152
f 1028 512 1152
f 1025 1153 513
f 1625 1153 1025
f 1025 1158 1625
f 514 1158 1025
f 1048 1158 514
f 1629 1158 1048
f 1048 515 1157
f 1048 1157 1629
f 1160 1045 1155
f 524 1045 1160
f 1681 997 1682
f 507 997 1681
f 1685 1000 1681
f 1000 507 1681
f 1058 427 1102
f 1102 1100 1058
f 1161 536 1163
f 1163 536 534
f 1139 536 1161
f 1024 536 1139
f 987 1159 508
f 1631 1159 987
f 987 1154 1631
f 509 1154 987
f 1050 1150 517
f 1645 1150 1050
f 1050 1049 1687
f 1687 1645 1050
f 540 533 1701
f 1701 1175 540
f 1162 1163 534
f 534 535 1162
f 524 1160 1046
f 1046 1160 1633
f 539 1174 1690
f 472 539 1690
f 1684 1154 509
f 509 510 1684
f 1684 1000 1685
f 1684 510 1000
f 992 1047 1679
f 1636 992 1679
f 1698 502 530
f 1698 530 1168
f 1102 427 538
f 538 1164 1102
f 538 1165 1164
f 537 1165 538
f 477 1097 478
f 1098 1097 477
f 477 1058 1100
f 477 1100 1098
f 1024 1139 1676
f 1676 506 1024
f 1676 1677 964
f 964 506 1676
f 502 1698 531
f 531 1698 1167
f 1170 528 527
f 527 1171 1170
f 1138 1171 527
f 527 1061 1138
f 1138 1061 487
f 487 1693 1138
f 1143 1162 535
f 535 1054 1143
f 472 1690 1143
f 1143 1054 472
f 1105 1174 539
f 539 1055 1105
f 532 531 1167
f 1167 1166 532
f 532 1165 537
f 1166 1165 532
f 478 1097 1700
f 1700 541 478
f 1700 1701 533
f 533 541 1700
f 1691 1692 489
f 489 1062 1691
f 1691 525 1173
f 1062 525 1691
f 529 498 1695
f 529 1695 1696
f 1168 530 529
f 529 1696 1168
f 1693 487 1172
f 1172 487 526
f 489 1692 1172
f 1172 526 489
f 540 1175 1108
f 1108 474 540
f 1176 1057 1108
f 1057 474 1108

