# https://github.com/mikedh/trimesh
v 0.00153402 0.03040553 -0.00230798
v 0.00153397 0.03038281 -0.00258505
v 0.00153328 0.03012093 -0.00471663
v 0.03340516 0.03038261 -0.00258502
v 0.03340516 0.03010727 -0.00480267
v 0.00153257 0.02986644 -0.00610410
v 0.03340516 0.02986662 -0.00610413
v 0.00153193 0.02964317 -0.00709453
v 0.00152988 0.02897513 -0.00942606
v 0.03340516 0.02962677 -0.00716190
v 0.00152976 0.02893800 -0.00953753
v 0.03340516 0.02893777 -0.00953744
v 0.00152708 0.02812033 -0.01169580
v 0.03340516 0.02810147 -0.01174043
v 0.00152533 0.02760891 -0.01283659
v 0.03340516 0.02760911 -0.01283669
v 0.00152351 0.02708494 -0.01388945
v 0.00151930 0.02589939 -0.01595554
v 0.00151922 0.02587586 -0.01599295
v 0.00151419 0.02449998 -0.01799226
v 0.00153183 0.03040528 0.00230796
v 0.00153072 0.03030390 0.00337362
v 0.00151668 0.02585617 0.01602403
v 0.00151492 0.02491345 0.01742696
v 0.00152019 0.02749733 0.01307019
v 0.03340516 0.02707059 0.01391742
v 0.00151923 0.02708516 0.01388955
v 0.00151843 0.02671837 0.01457024
v 0.00151676 0.02589934 0.01595550
v 0.03340516 0.02589934 0.01595550
v 0.00152175 0.02812040 0.01169583
v 0.03340516 0.02760912 0.01283668
v 0.00152046 0.02760912 0.01283668
v 0.00152415 0.02893777 0.00953743
v 0.03340516 0.02893777 0.00953743
v 0.00152370 0.02879590 0.00995052
v 0.03340516 0.02810148 0.01174042
v 0.00152194 0.02819058 0.01152865
v 0.00152545 0.02931139 0.00834080
v 0.03340516 0.02962677 0.00716189
v 0.00152679 0.02964324 0.00709455
v 0.00152931 0.03012109 0.00471665
v 0.03340516 0.03010727 0.00480266
v 0.00152897 0.03006658 0.00504712
v 0.03340516 0.02986662 0.00610412
v 0.00152785 0.02986662 0.00610412
v 0.03340516 0.03049420 -0.00000001
v 0.03340516 0.03038261 0.00258502
v 0.00153248 0.03044659 0.00168941
v 0.04344806 0.02828042 -0.00990115
v 0.04648363 0.02452671 -0.01586725
v 0.04260007 0.02578686 -0.01548066
v 0.04259524 0.02953834 -0.00590469
v 0.04324229 0.02949036 -0.00559413
v 0.04259427 0.02913928 -0.00760931
v 0.04323019 0.02913794 -0.00719441
v 0.04259431 0.02917430 -0.00747603
v 0.04259492 0.02891728 -0.00840191
v 0.04394395 0.02873432 -0.00817626
v 0.04287175 0.02873434 -0.00885373
v 0.04259485 0.02450179 -0.01741706
v 0.04378772 0.02451894 -0.01703649
v 0.04259894 0.02541918 -0.01606896
v 0.04410437 0.02451994 -0.01692562
v 0.05440064 0.02520350 -0.00459727
v 0.05299061 0.02597763 -0.00514148
v 0.05195143 0.02662399 -0.00478506
v 0.05306579 0.02603499 -0.00459976
v 0.04879112 0.02810227 -0.00459558
v 0.05017156 0.02752548 -0.00459655
v 0.04431072 0.02945254 -0.00459658
v 0.04547411 0.02913790 -0.00482047
v 0.04422729 0.02526311 -0.01576722
v 0.04322784 0.02526312 -0.01612176
v 0.04382245 0.02597774 -0.01474215
v 0.05434923 0.02452413 -0.00751339
v 0.05325966 0.02526301 -0.00739530
v 0.05265820 0.02597763 -0.00603378
v 0.05164206 0.02662400 -0.00561550
v 0.05226761 0.02597764 -0.00691451
v 0.05060134 0.02722317 -0.00518710
v 0.05026557 0.02722318 -0.00594425
v 0.05379429 0.02452704 -0.00861906
v 0.05278701 0.02526302 -0.00830641
v 0.05316210 0.02452942 -0.00968804
v 0.05182569 0.02597765 -0.00776639
v 0.05132838 0.02597766 -0.00859632
v 0.05086726 0.02662401 -0.00722800
v 0.04945813 0.02722320 -0.00739006
v 0.04848797 0.02777626 -0.00676432
v 0.05245209 0.02453121 -0.01071838
v 0.05176886 0.02453224 -0.01158295
v 0.05166936 0.02526304 -0.01004761
v 0.05102912 0.02526304 -0.01086705
v 0.05078070 0.02597767 -0.00939439
v 0.05018208 0.02597767 -0.01016056
v 0.04989472 0.02662403 -0.00874314
v 0.04933760 0.02662404 -0.00945620
v 0.04847269 0.02722321 -0.00873480
v 0.05066296 0.02453278 -0.01278259
v 0.05033911 0.02526305 -0.01164557
v 0.04953692 0.02597768 -0.01088846
v 0.04873716 0.02662405 -0.01013364
v 0.04884730 0.02597769 -0.01157557
v 0.04809535 0.02662405 -0.01077312
v 0.04791806 0.02722322 -0.00936056
v 0.04653564 0.02777629 -0.00910866
v 0.04607319 0.02452566 -0.01607995
v 0.04494916 0.02452251 -0.01659668
v 0.04521085 0.02526310 -0.01534661
v 0.04474207 0.02597773 -0.01434889
v 0.04341884 0.02662410 -0.01372018
v 0.04649960 0.02597771 -0.01338974
v 0.04511445 0.02662409 -0.01292972
v 0.04457172 0.02722326 -0.01194333
v 0.04468827 0.02777631 -0.01053620
v 0.04405757 0.02828041 -0.00954263
v 0.05482674 0.02452076 -0.00637256
v 0.05403294 0.02526300 -0.00549899
v 0.05367741 0.02526301 -0.00645333
v 0.05168334 0.02679694 -0.00459945
v 0.04922703 0.02777625 -0.00544093
v 0.04617589 0.02526309 -0.01485883
v 0.04564437 0.02597772 -0.01389282
v 0.04427471 0.02662409 -0.01335418
v 0.05127855 0.02662401 -0.00643517
v 0.04988566 0.02722319 -0.00667659
v 0.04749896 0.02828036 -0.00612644
v 0.04816832 0.02828035 -0.00492785
v 0.04729664 0.02863810 -0.00459591
v 0.04797531 0.02526308 -0.01372186
v 0.04709059 0.02526308 -0.01432077
v 0.04732681 0.02597770 -0.01282977
v 0.04668026 0.02662407 -0.01194037
v 0.04601807 0.02722324 -0.01102946
v 0.04591040 0.02662408 -0.01246153
v 0.04530694 0.02722325 -0.01151086
v 0.04533918 0.02777631 -0.01009556
v 0.04464711 0.02828040 -0.00914354
v 0.04288798 0.02597774 -0.01507364
v 0.04260069 0.02621735 -0.01474997
v 0.04300546 0.02722327 -0.01267349
v 0.04379604 0.02722327 -0.01233541
v 0.04330529 0.02777633 -0.01129094
v 0.04401529 0.02777632 -0.01093206
v 0.05225513 0.02526303 -0.00919405
v 0.05040443 0.02662402 -0.00800040
v 0.04898730 0.02722320 -0.00807614
v 0.04649410 0.02873428 -0.00547834
v 0.04668201 0.02828037 -0.00724124
v 0.04576358 0.02873429 -0.00647521
v 0.04483131 0.02913791 -0.00569763
v 0.04388735 0.02949034 -0.00491030
v 0.04259531 0.02977453 -0.00459509
v 0.04910064 0.02453173 -0.01416050
v 0.04960153 0.02526306 -0.01238046
v 0.04880834 0.02526307 -0.01307767
v 0.04740513 0.02662406 -0.01137981
v 0.04732521 0.02722323 -0.00995125
v 0.04668764 0.02722323 -0.01051166
v 0.04595206 0.02777630 -0.00962161
v 0.04573073 0.02828039 -0.00824970
v 0.04520219 0.02828040 -0.00871428
v 0.04408282 0.02913792 -0.00649111
v 0.04259515 0.02944119 -0.00636363
v 0.04259601 0.02818817 -0.01056727
v 0.04280501 0.02828043 -0.01022619
v 0.04810567 0.02597770 -0.01222746
v 0.04868520 0.02453116 -0.01447653
v 0.05094066 0.02453276 -0.01250140
v 0.04758596 0.02777627 -0.00799520
v 0.04491294 0.02873431 -0.00737698
v 0.05154645 0.02685696 0.00459517
v 0.05058147 0.02449971 0.01286280
v 0.05117662 0.02449972 0.01225244
v 0.05385827 0.02449971 0.00850077
v 0.05486769 0.02449970 0.00626338
v 0.05244986 0.02463383 0.01041575
v 0.05237550 0.02449970 0.01082089
v 0.05253890 0.02449968 0.01060034
v 0.04966674 0.02449972 0.01369787
v 0.04944232 0.02463386 0.01365129
v 0.04868520 0.02449971 0.01447653
v 0.04658924 0.02449975 0.01581034
v 0.04703383 0.02449972 0.01556059
v 0.04766212 0.02463387 0.01496404
v 0.04776004 0.02449966 0.01511570
v 0.04315718 0.02449977 0.01723782
v 0.04305220 0.02596840 0.01501247
v 0.04259935 0.02637526 0.01444840
v 0.04259879 0.02578519 0.01546247
v 0.04368133 0.02463391 0.01688200
v 0.04259831 0.02557383 0.01580434
v 0.04259678 0.02834558 0.01012062
v 0.04391176 0.02721544 0.01226966
v 0.04290222 0.02827405 0.01017431
v 0.04412622 0.02827403 0.00948774
v 0.04259580 0.02931332 0.00689675
v 0.04394109 0.02952629 0.00459498
v 0.04657260 0.02885965 0.00459515
v 0.04521173 0.02913294 0.00519827
v 0.04716182 0.02827399 0.00660396
v 0.04995012 0.02721536 0.00653401
v 0.04695566 0.02874110 0.00459549
v 0.05456794 0.02463380 0.00654169
v 0.05273321 0.02596829 0.00581725
v 0.05299392 0.02606537 0.00459502
v 0.04410437 0.02449977 0.01692562
v 0.04433115 0.02449976 0.01684211
v 0.04573163 0.02463389 0.01604690
v 0.04487545 0.02596838 0.01426984
v 0.04259780 0.02709785 0.01306353
v 0.05362892 0.02463381 0.00854552
v 0.05189818 0.02596831 0.00759917
v 0.05066811 0.02721535 0.00500185
v 0.04659215 0.02596837 0.01330691
v 0.04538783 0.02721542 0.01144169
v 0.04259564 0.02868253 0.00913853
v 0.05084969 0.02596832 0.00926229
v 0.04904860 0.02721537 0.00796401
v 0.04790939 0.02827397 0.00541816
v 0.04808382 0.02449966 0.01490167
v 0.04817521 0.02596835 0.01213952
v 0.04674900 0.02721540 0.01043794
v 0.04282227 0.02913298 0.00746823
v 0.04371073 0.02913297 0.00681306
v 0.04259473 0.02954325 0.00587364
v 0.05104451 0.02463384 0.01212959
v 0.04959997 0.02596833 0.01078635
v 0.04525493 0.02827401 0.00865541
v 0.04627077 0.02827400 0.00769060
v 0.04451035 0.02913295 0.00605362
v 0.04259527 0.02977094 0.00459506
v 0.04797405 0.02721539 0.00927444
v 0.04436294 0.02958304 -0.00349324
v 0.04610773 0.02914772 -0.00349465
v 0.04588942 0.02906337 -0.00459526
v 0.04782309 0.02860943 -0.00349600
v 0.05273821 0.02639540 -0.00350036
v 0.05561661 0.02449957 -0.00366120
v 0.05404986 0.02543171 -0.00459816
v 0.05427776 0.02546643 -0.00350144
v 0.05559515 0.02449965 -0.00376302
v 0.05426321 0.02545868 0.00349868
v 0.05434363 0.02522752 0.00459505
v 0.05539631 0.02449980 0.00459507
v 0.05272682 0.02638957 0.00349664
v 0.05560895 0.02449984 0.00369791
v 0.05001051 0.02758760 0.00459520
v 0.04849659 0.02820678 0.00459514
v 0.04259531 0.02989607 0.00362844
v 0.04436200 0.02957954 0.00349344
v 0.04463277 0.02937551 0.00459506
v 0.04610440 0.02914400 0.00349396
v 0.04525634 0.02922479 0.00459512
v 0.05595034 0.02449982 -0.00123909
v 0.05582379 0.02449991 -0.00246218
v 0.05445505 0.02548875 -0.00234566
v 0.05289444 0.02643496 -0.00234402
v 0.05114552 0.02723057 -0.00349903
v 0.05126902 0.02728147 0.00233390
v 0.04790005 0.02868444 0.00233271
v 0.04781792 0.02860533 0.00349439
v 0.05113630 0.02722563 0.00349557
v 0.04949790 0.02796497 0.00349489
v 0.05594993 0.02449983 0.00124491
v 0.05599292 0.02449978 -0.00000000
v 0.05444057 0.02548082 0.00233826
v 0.05459032 0.02550211 -0.00000555
v 0.05288297 0.02642985 0.00233524
v 0.05301458 0.02646354 -0.00000655
v 0.05138021 0.02732569 -0.00000560
v 0.04969586 0.02808719 -0.00000410
v 0.04960585 0.02803384 0.00233321
v 0.04796828 0.02874493 -0.00000270
v 0.04615983 0.02923032 0.00233227
v 0.04438993 0.02966992 0.00233171
v 0.04259531 0.03001338 0.00210825
v 0.04259530 0.03006764 0.00012554
v 0.04961268 0.02803673 -0.00233881
v 0.04950514 0.02796944 -0.00349738
v 0.04790486 0.02868695 -0.00233639
v 0.04616284 0.02923260 -0.00233414
v 0.04439085 0.02967214 -0.00233196
v 0.04259532 0.02992648 -0.00334826
v 0.05127795 0.02728504 -0.00234155
v 0.04620572 0.02929562 -0.00000142
v 0.04441282 0.02973749 -0.00000031
v 0.00000020 0.02229084 0.01855041
v 0.00070066 0.02308404 0.01910619
v 0.00000020 0.02110220 0.01989212
v 0.00070017 0.02191945 0.02040459
v 0.00000020 0.01983174 0.02115896
v 0.00069967 0.02067671 0.02162908
v 0.00000020 0.01848675 0.02234366
v 0.00069931 0.01936097 0.02277524
v 0.00000020 0.01707536 0.02343995
v 0.00000020 0.01560633 0.02444262
v 0.00069933 0.01797866 0.02384053
v 0.00069992 0.01653620 0.02482269
v 0.00000020 0.01408893 0.02534761
v 0.00070103 0.01503950 0.02572031
v 0.00070252 0.01349438 0.02653218
v 0.00135185 0.02448958 0.01798402
v 0.00139794 0.02449471 0.01798799
v 0.00105426 0.02441093 0.01792425
v 0.00077664 0.02424112 0.01779623
v 0.00070133 0.02543254 0.01590000
v 0.00070137 0.02667182 0.01375074
v 0.00077097 0.02678288 0.01373026
v 0.00070136 0.02629258 0.01445370
v 0.00077058 0.02559149 0.01581203
v 0.00070135 0.02546547 0.01584790
v 0.00070138 0.02707011 0.01295960
v 0.00070146 0.02836316 0.00985782
v 0.00070140 0.02770437 0.01156065
v 0.00077169 0.02930289 0.00701113
v 0.00070156 0.02887525 0.00826052
v 0.00070149 0.02855761 0.00928697
v 0.00070200 0.02968252 0.00464646
v 0.00070194 0.02962427 0.00499952
v 0.00070171 0.02929593 0.00663931
v 0.00077175 0.02977350 0.00466097
v 0.00070168 0.02921333 0.00698929
v 0.00070225 0.02985963 0.00334650
v 0.00070265 0.03000166 0.00168559
v 0.00153423 0.03049427 0.00000000
v 0.00141435 0.03048712 0.00000001
v 0.00141418 0.03039833 0.00230742
v 0.00141359 0.03011385 0.00471545
v 0.00152721 0.02973540 0.00670460
v 0.00141249 0.02963624 0.00709274
v 0.00152427 0.02897490 0.00942597
v 0.00140852 0.02811390 0.01169292
v 0.00141082 0.02896841 0.00942370
v 0.00140560 0.02707886 0.01388605
v 0.00140207 0.02587016 0.01598907
v 0.00151419 0.02449998 0.01799226
v 0.00085794 0.02430443 0.01784390
v 0.00085523 0.02566312 0.01585735
v 0.00085574 0.02685888 0.01377012
v 0.00077130 0.02780288 0.01156032
v 0.00077155 0.02864486 0.00931592
v 0.00085665 0.02938831 0.00703197
v 0.00085674 0.02986068 0.00467489
v 0.00077177 0.03005383 0.00228072
v 0.00077176 0.03014135 0.00000001
v 0.00085677 0.03014204 0.00228756
v 0.00085677 0.03022988 0.00000001
v 0.00089611 0.02432964 0.01786290
v 0.00095091 0.02572653 0.01589752
v 0.00095174 0.02692622 0.01380548
v 0.00085616 0.02788266 0.01159423
v 0.00095242 0.02795340 0.01162432
v 0.00085646 0.02872779 0.00934346
v 0.00095293 0.02880135 0.00936791
v 0.00095347 0.02993804 0.00468725
v 0.00095356 0.03022033 0.00229362
v 0.00103397 0.02440231 0.01791773
v 0.00105582 0.02578001 0.01593145
v 0.00105717 0.02698303 0.01383535
v 0.00105827 0.02801311 0.01164976
v 0.00105912 0.02886348 0.00938859
v 0.00095327 0.02946409 0.00705048
v 0.00106025 0.03028649 0.00229875
v 0.00095357 0.03030847 0.00000002
v 0.00106029 0.03037488 0.00000002
v 0.00105703 0.02441207 0.01792511
v 0.00116972 0.02702790 0.01385900
v 0.00117137 0.02806029 0.01166989
v 0.00105970 0.02952811 0.00706614
v 0.00117265 0.02891258 0.00940496
v 0.00106007 0.03000341 0.00469770
v 0.00117356 0.02957871 0.00707855
v 0.00117414 0.03005509 0.00470598
v 0.00117444 0.03033881 0.00230280
v 0.00128255 0.02447852 0.01797554
v 0.00116772 0.02582223 0.01595831
v 0.00128905 0.02809399 0.01168433
v 0.00129083 0.02894766 0.00941670
v 0.00129211 0.02961487 0.00708744
v 0.00129294 0.03009201 0.00471191
v 0.00129339 0.03037621 0.00230571
v 0.00117453 0.03042739 0.00000001
v 0.00129351 0.03046492 0.00000001
v 0.00128403 0.02585237 0.01597758
v 0.00128678 0.02705994 0.01387595
v 0.00070128 0.02513483 0.01636018
v 0.00070104 0.02416660 0.01774018
v 0.00070318 0.03005038 0.00000000
v 0.00000020 0.02900000 0.00000000
v 0.00000020 0.02892160 0.00213099
v 0.00070250 0.02996210 0.00227362
v 0.00000020 0.02883905 0.00305105
v 0.00000020 0.02867797 0.00430975
v 0.00000020 0.02835800 0.00606823
v 0.00000020 0.02825792 0.00651844
v 0.00000020 0.02765266 0.00873671
v 0.00000020 0.02756219 0.00901806
v 0.00070141 0.02776092 0.01142592
v 0.00000020 0.02646045 0.01186779
v 0.00000020 0.02685645 0.01094215
v 0.00000020 0.02468640 0.01521779
v 0.00070135 0.02551743 0.01576522
v 0.00000020 0.02506500 0.01458579
v 0.00000020 0.02586710 0.01311078
v 0.00070137 0.02670401 0.01368893
v 0.00900020 0.00161915 0.02995607
v 0.00900018 0.00227354 0.02991333
v 0.00900022 0.00323162 0.02982472
v 0.00900026 0.00483958 0.02960628
v 0.00900015 0.00868022 0.02872976
v 0.00900020 0.01027238 0.02821648
v 0.00900022 0.01112007 0.02790588
v 0.00900020 0.01183538 0.02762294
v 0.00900015 0.01298678 0.02712584
v 0.00900020 0.01446213 0.02640955
v 0.00900021 0.01524494 0.02599084
v 0.00070713 0.00000000 0.02970699
v 0.00077851 0.00000010 0.02977163
v 0.00077861 0.00175292 0.02971961
v 0.00070711 0.00177094 0.02965338
v 0.00077876 0.00349915 0.02956423
v 0.00070736 0.00334602 0.02951667
v 0.00077883 0.00523263 0.02930729
v 0.00070738 0.00504779 0.02927358
v 0.00070714 0.00674124 0.02893273
v 0.00077812 0.00863901 0.02849999
v 0.00070651 0.00840715 0.02849927
v 0.00077721 0.01030209 0.02795539
v 0.00070557 0.01005375 0.02797237
v 0.00077596 0.01193226 0.02732016
v 0.00070271 0.01331379 0.02662001
v 0.00077248 0.01657639 0.02488788
v 0.00077201 0.01802444 0.02390577
v 0.00077200 0.01941244 0.02283989
v 0.00077231 0.02073387 0.02169225
v 0.00077273 0.02198203 0.02046531
v 0.00077313 0.02315147 0.01916376
v 0.00095305 0.02436286 0.01788795
v 0.00095226 0.02326846 0.01926382
v 0.00105571 0.02331462 0.01930342
v 0.00116570 0.02335100 0.01933473
v 0.00118719 0.02445642 0.01795871
v 0.00139552 0.02339215 0.01937054
v 0.00151267 0.02346306 0.01929686
v 0.00139059 0.02220437 0.02068331
v 0.00150887 0.02235560 0.02053472
v 0.00150210 0.02119451 0.02168762
v 0.00138384 0.02093596 0.02191839
v 0.00149241 0.01997320 0.02276709
v 0.00137535 0.01959323 0.02307057
v 0.00147992 0.01868189 0.02378319
v 0.00136575 0.01818402 0.02413771
v 0.00146518 0.01732007 0.02473639
v 0.00135570 0.01671582 0.02511835
v 0.00144903 0.01588447 0.02562772
v 0.00134599 0.01519538 0.02601234
v 0.00143247 0.01438010 0.02645211
v 0.00141662 0.01281193 0.02720501
v 0.00133740 0.01362887 0.02682001
v 0.00133043 0.01202154 0.02754105
v 0.00140279 0.01118799 0.02788009
v 0.00132525 0.01037795 0.02817434
v 0.00139715 0.01037935 0.02817895
v 0.00139222 0.00952393 0.02846920
v 0.00138586 0.00782940 0.02896762
v 0.00138438 0.00612134 0.02936972
v 0.00139145 0.00352598 0.02979128
v 0.00131897 0.00352544 0.02978665
v 0.00139580 0.00270504 0.02987727
v 0.00131874 0.00176609 0.02994312
v 0.00140172 0.00176635 0.02994772
v 0.00140701 0.00101181 0.02998287
v 0.00131846 0.00000001 0.02999535
v 0.00085710 0.00000009 0.02983019
v 0.00127981 0.02337691 0.01935717
v 0.00127599 0.02219041 0.02066915
v 0.00127076 0.02092336 0.02190369
v 0.00126421 0.01958208 0.02305558
v 0.00125685 0.01817430 0.02412261
v 0.00124921 0.01670735 0.02510343
v 0.00123547 0.01362262 0.02680562
v 0.00123033 0.01201614 0.02752691
v 0.00122654 0.01037332 0.02816039
v 0.00122281 0.00699569 0.02915689
v 0.00132193 0.00870239 0.02871847
v 0.00132010 0.00699889 0.02917081
v 0.00131928 0.00527166 0.02952807
v 0.00122220 0.00526920 0.02951407
v 0.00122194 0.00352379 0.02977255
v 0.00122173 0.00176526 0.02992894
v 0.00122148 0.00000003 0.02998117
v 0.00116293 0.02216655 0.02064547
v 0.00115916 0.02090175 0.02187915
v 0.00115447 0.01956283 0.02303056
v 0.00124188 0.01518809 0.02599768
v 0.00113463 0.01361169 0.02678154
v 0.00113125 0.01200675 0.02750321
v 0.00112881 0.01036533 0.02813695
v 0.00112645 0.00699025 0.02913346
v 0.00122413 0.00869849 0.02870458
v 0.00112584 0.00352098 0.02974880
v 0.00112565 0.00176386 0.02990507
v 0.00105388 0.02213300 0.02061247
v 0.00105140 0.02087129 0.02184495
v 0.00104837 0.01953565 0.02299572
v 0.00104510 0.01813348 0.02406248
v 0.00114927 0.01815741 0.02409747
v 0.00114395 0.01669262 0.02507852
v 0.00113893 0.01517537 0.02597318
v 0.00103656 0.01359614 0.02674793
v 0.00103480 0.01199343 0.02747010
v 0.00103360 0.01035401 0.02810417
v 0.00103288 0.00868233 0.02864853
v 0.00112728 0.00869179 0.02868122
v 0.00103229 0.00525921 0.02945747
v 0.00112605 0.00526505 0.02949049
v 0.00103213 0.00351705 0.02971553
v 0.00103195 0.00176189 0.02987165
v 0.00112544 0.00000004 0.02995728
v 0.00095117 0.02209035 0.02057075
v 0.00094973 0.02083253 0.02180170
v 0.00094804 0.01950098 0.02295164
v 0.00094635 0.01810288 0.02401820
v 0.00104187 0.01667174 0.02504381
v 0.00094485 0.01664502 0.02499984
v 0.00094368 0.01513416 0.02589564
v 0.00103895 0.01515730 0.02593900
v 0.00094291 0.01357621 0.02670527
v 0.00094252 0.01197636 0.02742803
v 0.00094238 0.01033952 0.02806247
v 0.00094237 0.00867023 0.02860693
v 0.00103250 0.00698259 0.02910066
v 0.00094220 0.00351205 0.02967319
v 0.00094189 0.00000007 0.02988123
v 0.00085616 0.02078635 0.02175038
v 0.00085482 0.01806625 0.02396556
v 0.00085458 0.01661300 0.02494748
v 0.00085516 0.01355224 0.02665433
v 0.00085583 0.01195583 0.02737772
v 0.00085653 0.01032211 0.02801256
v 0.00085706 0.00865570 0.02855710
v 0.00094237 0.00697281 0.02905892
v 0.00085747 0.00524286 0.02936507
v 0.00094233 0.00525178 0.02941543
v 0.00085737 0.00350604 0.02962244
v 0.00085722 0.00175637 0.02977810
v 0.00094204 0.00175938 0.02982909
v 0.00085738 0.00696108 0.02900891
v 0.00077865 0.00694760 0.02895155
v 0.00077460 0.01352473 0.02659613
v 0.00085471 0.01510638 0.02584394
v 0.00077338 0.01507454 0.02578497
v 0.00085540 0.01945958 0.02289928
v 0.00085689 0.02203959 0.02052128
v 0.00085750 0.02321360 0.01921686
v 0.00900010 0.00000000 0.02999999
v 0.00138786 0.00441021 0.02967319
v 0.00138551 0.00527244 0.02953263
v 0.00900019 0.00644467 0.02930114
v 0.00138450 0.00699990 0.02917534
v 0.00900018 0.00804538 0.02890951
v 0.00138876 0.00875766 0.02870704
v 0.00144246 0.01529704 0.02596225
v 0.00900020 0.01589088 0.02562370
v 0.00900020 0.01710374 0.02487752
v 0.00900233 0.01735214 0.02471493
v 0.00905189 0.01828743 0.02407051
v 0.00909170 0.01865095 0.02380569
v 0.00916001 0.01910209 0.02346515
v 0.00918324 0.01922826 0.02336745
v 0.00918530 0.01923897 0.02335910
v 0.00918887 0.01925733 0.02334477
v 0.00934062 0.01989651 0.02283065
v 0.00956172 0.02055639 0.02226792
v 0.00986137 0.02119602 0.02168601
v 0.01022379 0.02176892 0.02113290
v 0.01054991 0.02217384 0.02072342
v 0.01064215 0.02227446 0.02061908
v 0.01112219 0.02272285 0.02014010
v 0.01167195 0.02312020 0.01969572
v 0.01228705 0.02346458 0.01929534
v 0.01258118 0.02360052 0.01913282
v 0.01293032 0.02374207 0.01896079
v 0.01343556 0.02391518 0.01874676
v 0.01353434 0.02394514 0.01870926
v 0.01429935 0.02414102 0.01846131
v 0.01434918 0.02415178 0.01844760
v 0.01507556 0.02428540 0.01827618
v 0.01598316 0.02439971 0.01812709
v 0.01705415 0.02447472 0.01802698
v 0.00000020 0.01101543 0.02682647
v 0.00070433 0.01167601 0.02735305
v 0.00000020 0.00940293 0.02743327
v 0.00000020 0.00777977 0.02793697
v 0.00000020 0.00615507 0.02833927
v 0.00000020 0.00453744 0.02864281
v 0.00000020 0.00293485 0.02885109
v 0.00000020 0.00135490 0.02896832
v 0.00000010 0.00000000 0.02899999
v 0.05599305 0.02299663 -0.00000000
v 0.05540786 0.02449871 -0.00459263
v 0.05559515 0.02299663 -0.00376302
v 0.05518522 0.02451746 -0.00533078
v 0.05486769 0.02299663 -0.00626338
v 0.05066296 0.02299663 -0.01278259
v 0.05005102 0.02453259 -0.01336105
v 0.04868520 0.02299663 -0.01447653
v 0.04715873 0.02452830 -0.01548742
v 0.04808962 0.02453019 -0.01489774
v 0.04189675 0.02450151 -0.01756569
v 0.04410437 0.02299663 -0.01692562
v 0.04032287 0.02450088 -0.01784212
v 0.04060935 0.02450099 -0.01780248
v 0.04159726 0.02450139 -0.01762945
v 0.03930815 0.02450048 -0.01794505
v 0.03801585 0.02449997 -0.01799263
v 0.04908747 0.02449973 0.01417081
v 0.03871885 0.02450019 0.01797829
v 0.04131849 0.02450106 0.01768404
v 0.04002403 0.02450063 0.01787848
v 0.04410437 0.02299663 0.01692562
v 0.04259519 0.02450149 0.01739602
v 0.04159726 0.02450115 0.01762945
v 0.04580994 0.02449975 0.01620944
v 0.04547570 0.02449976 0.01636628
v 0.04648363 0.02299663 0.01586725
v 0.05223267 0.02449971 0.01100808
v 0.05237550 0.02299663 0.01082089
v 0.05143728 0.02449971 0.01196601
v 0.05378693 0.02299663 0.00863255
v 0.05323428 0.02449963 0.00957414
v 0.05259623 0.02449968 0.01052126
v 0.05486769 0.02299663 0.00626338
v 0.05473571 0.02449970 0.00660793
v 0.05559515 0.02299663 0.00376302
v 0.05595407 0.02299663 0.00118383
v 0.05582159 0.02449982 0.00247800
v 0.04648363 0.02299663 -0.01586725
v 0.04868520 0.02299663 0.01447653
v 0.05237550 0.02299663 -0.01082089
v 0.05378693 0.02299663 -0.00863255
v 0.05595407 0.02299663 -0.00118383
v 0.05066296 0.02299663 0.01278259
v 0.00000020 0.00135490 -0.02896832
v 0.00000020 0.01253270 0.02615207
v -0.00000000 0.01362894 0.01790258
v -0.00000000 0.01476430 0.01697840
v 0.00000020 0.01402428 -0.02538343
v 0.00000020 0.01253270 -0.02615207
v 0.00000020 0.01101543 -0.02682647
v 0.00000020 0.00940293 -0.02743327
v 0.00000020 0.00453744 -0.02864281
v 0.00000020 0.00293485 -0.02885109
v -0.00000000 0.01583710 0.01598237
v -0.00000000 0.01684264 0.01491898
v -0.00000000 0.01777719 0.01379211
v 0.00000020 0.02339134 0.01714190
v -0.00000000 0.01863640 0.01260693
v -0.00000000 0.01941659 0.01136868
v -0.00000000 0.02011481 0.01008192
v -0.00000000 0.02072780 0.00875262
v -0.00000000 0.02125299 0.00738654
v -0.00000000 0.02168837 0.00598876
v -0.00000000 0.02203186 0.00456584
v -0.00000000 0.02179425 -0.00559117
v 0.00000020 0.02765266 -0.00873671
v -0.00000000 0.02088431 -0.00837231
v -0.00000000 0.02228211 0.00312382
v -0.00000000 0.02243809 0.00166813
v -0.00000000 0.02249906 0.00020563
v -0.00000000 0.02246484 -0.00125756
v 0.00000020 0.02892160 -0.00213099
v -0.00000000 0.02233550 -0.00271587
v 0.00000020 0.02685645 -0.01094215
v 0.00000020 0.02646045 -0.01186779
v -0.00000000 0.02029581 -0.00971240
v 0.00000020 0.02586710 -0.01311078
v -0.00000000 0.01962120 -0.01101178
v -0.00000000 0.01886370 -0.01226421
v -0.00000000 0.01802644 -0.01346471
v 0.00000020 0.02339134 -0.01714190
v 0.00000020 0.02228397 -0.01855867
v -0.00000000 0.01711258 -0.01460856
v -0.00000000 0.01612656 -0.01569025
v 0.00000020 0.02108742 -0.01990779
v -0.00000000 0.01507233 -0.01670556
v -0.00000000 0.01395395 -0.01765043
v 0.00000020 0.01980816 -0.02118103
v 0.00000020 0.01845362 -0.02237103
v 0.00000020 0.01703208 -0.02347142
v 0.00000020 0.01555249 -0.02447691
v -0.00000000 0.02211164 -0.00416239
v 0.00000020 0.02867797 -0.00430976
v 0.00000020 0.02835800 -0.00606823
v 0.00000020 0.02825792 -0.00651844
v 0.00070312 0.02996854 -0.00220390
v 0.00070312 0.02995982 -0.00231776
v 0.00000020 0.02756219 -0.00901806
v 0.00070142 0.02512870 -0.01637009
v 0.00000020 0.02468640 -0.01521779
v 0.00070158 0.02551774 -0.01576542
v 0.00000020 0.02506500 -0.01458579
v 0.00070205 0.02667251 -0.01375105
v 0.00070207 0.02670469 -0.01368929
v 0.00070211 0.02681679 -0.01347134
v 0.00070247 0.02770578 -0.01156116
v 0.00070248 0.02772085 -0.01152548
v 0.00070265 0.02817208 -0.01039025
v 0.00070284 0.02871600 -0.00879876
v 0.00070299 0.02921508 -0.00699004
v 0.00000020 0.02883905 -0.00305105
v 0.00070310 0.02979558 -0.00387863
v 0.00070309 0.02968397 -0.00464669
v 0.00070311 0.03004593 -0.00052465
v 0.00141388 0.03011388 -0.00471545
v 0.00140881 0.02811393 -0.01169293
v 0.00141448 0.03039836 -0.00230743
v 0.00129398 0.03037635 -0.00230572
v 0.00117530 0.03033914 -0.00230283
v 0.00106133 0.03028707 -0.00229879
v 0.00095480 0.03022121 -0.00229369
v 0.00085811 0.03014326 -0.00228765
v 0.00077311 0.03005541 -0.00228084
v 0.00070309 0.02968264 -0.00465504
v 0.00070298 0.02916777 -0.00718257
v 0.00077304 0.02930442 -0.00701150
v 0.00070279 0.02855964 -0.00928765
v 0.00077289 0.02864634 -0.00931642
v 0.00070279 0.02855556 -0.00930001
v 0.00077232 0.02678424 -0.01373097
v 0.00070156 0.02546579 -0.01584805
v 0.00070104 0.02416660 -0.01774018
v 0.00077148 0.02423658 -0.01779282
v 0.00077192 0.02559277 -0.01581284
v 0.00080632 0.02426592 -0.01781490
v 0.00085656 0.02566411 -0.01585797
v 0.00095214 0.02572725 -0.01589797
v 0.00085597 0.02430306 -0.01784287
v 0.00093608 0.02435347 -0.01788087
v 0.00105531 0.02441136 -0.01792458
v 0.00105689 0.02578048 -0.01593175
v 0.00123472 0.02446847 -0.01796787
v 0.00116622 0.02445043 -0.01795417
v 0.00116856 0.02582250 -0.01595848
v 0.00108046 0.02442137 -0.01793215
v 0.00140235 0.02587018 -0.01598909
v 0.00139437 0.02449437 -0.01798773
v 0.00128460 0.02585249 -0.01597765
v 0.00140589 0.02707889 -0.01388607
v 0.00128736 0.02706007 -0.01387602
v 0.00095297 0.02692698 -0.01380588
v 0.00085707 0.02685994 -0.01377068
v 0.00070178 0.02601233 -0.01494682
v 0.00070241 0.02753794 -0.01195018
v 0.00077265 0.02780430 -0.01156092
v 0.00105823 0.02698353 -0.01383562
v 0.00095366 0.02795419 -0.01162466
v 0.00105934 0.02801363 -0.01164998
v 0.00117056 0.02702818 -0.01385915
v 0.00117221 0.02806058 -0.01167002
v 0.00128963 0.02809412 -0.01168438
v 0.00141111 0.02896844 -0.00942371
v 0.00129141 0.02894780 -0.00941675
v 0.00117350 0.02891289 -0.00940507
v 0.00106019 0.02886402 -0.00938877
v 0.00095418 0.02880218 -0.00936819
v 0.00085780 0.02872894 -0.00934384
v 0.00085749 0.02788377 -0.01159470
v 0.00141278 0.02963628 -0.00709275
v 0.00129269 0.02961501 -0.00708748
v 0.00117441 0.02957903 -0.00707862
v 0.00085798 0.02938949 -0.00703226
v 0.00070306 0.02952810 -0.00554082
v 0.00077310 0.02977506 -0.00466122
v 0.00095452 0.02946495 -0.00705069
v 0.00106078 0.02952867 -0.00706628
v 0.00095471 0.02993892 -0.00468739
v 0.00129353 0.03009216 -0.00471194
v 0.00117500 0.03005541 -0.00470603
v 0.00106115 0.03000398 -0.00469779
v 0.00085808 0.02986189 -0.00467508
v 0.00070713 -0.00000000 -0.02970699
v 0.00070434 0.01165557 -0.02736150
v 0.00070571 0.01004068 -0.02797708
v 0.00000020 0.00777977 -0.02793697
v 0.00070665 0.00840300 -0.02850062
v 0.00000020 0.00615507 -0.02833927
v 0.00070737 0.00505227 -0.02927281
v 0.00070736 0.00334602 -0.02951667
v 0.00070732 0.00167636 -0.02965914
v 0.00141455 0.00000000 -0.02999998
v 0.00131812 0.00000001 -0.02999532
v 0.00070370 0.02203902 -0.02028546
v 0.00070255 0.02313893 -0.01904485
v 0.00077309 0.02315144 -0.01916373
v 0.00077196 0.01941241 -0.02283986
v 0.00070495 0.01966122 -0.02253532
v 0.00070450 0.02088071 -0.02144679
v 0.00077197 0.01802442 -0.02390573
v 0.00070485 0.01702232 -0.02451266
v 0.00070502 0.01782491 -0.02395956
v 0.00070507 0.01837497 -0.02355728
v 0.00077244 0.01657637 -0.02488784
v 0.00070462 0.01634618 -0.02494946
v 0.00077334 0.01507452 -0.02578493
v 0.00070382 0.01481456 -0.02584881
v 0.00070428 0.01560271 -0.02540102
v 0.00070271 0.01331379 -0.02662001
v 0.00070287 0.01349454 -0.02653251
v 0.00070335 0.01412144 -0.02621780
v 0.00077456 0.01352471 -0.02659610
v 0.00077592 0.01193224 -0.02732013
v 0.00077717 0.01030208 -0.02795536
v 0.00077808 0.00863900 -0.02849996
v 0.00070714 0.00674124 -0.02893273
v 0.00077847 0.00000010 -0.02977160
v 0.00131840 0.00176608 -0.02994308
v 0.00141340 0.00170747 -0.02995115
v 0.00131862 0.00352544 -0.02978662
v 0.00141118 0.00329786 -0.02981747
v 0.00131894 0.00527165 -0.02952804
v 0.00140968 0.00506492 -0.02956875
v 0.00131976 0.00699888 -0.02917078
v 0.00141039 0.00682559 -0.02921600
v 0.00141397 0.00857675 -0.02876017
v 0.00132158 0.00870239 -0.02871844
v 0.00132490 0.01037794 -0.02817431
v 0.00142031 0.01031407 -0.02820203
v 0.00142889 0.01202593 -0.02754454
v 0.00143870 0.01368886 -0.02679674
v 0.00146038 0.01655973 -0.02522201
v 0.00135532 0.01671580 -0.02511832
v 0.00147294 0.01800170 -0.02427335
v 0.00147553 0.01829774 -0.02406359
v 0.00136536 0.01818399 -0.02413767
v 0.00148468 0.01936671 -0.02325907
v 0.00149469 0.02065033 -0.02218408
v 0.00137496 0.01959321 -0.02307053
v 0.00150263 0.02184931 -0.02105412
v 0.00139019 0.02220434 -0.02068328
v 0.00150525 0.02231708 -0.02057521
v 0.00150840 0.02297064 -0.01986547
v 0.00139510 0.02339211 -0.01937051
v 0.00151251 0.02401633 -0.01861997
v 0.00122164 0.00352378 -0.02977249
v 0.00122383 0.00869847 -0.02870452
v 0.00133007 0.01202153 -0.02754101
v 0.00122624 0.01037330 -0.02816034
v 0.00123002 0.01201612 -0.02752685
v 0.00133704 0.01362886 -0.02681998
v 0.00123517 0.01362259 -0.02680556
v 0.00134562 0.01519536 -0.02601231
v 0.00124157 0.01518806 -0.02599762
v 0.00125652 0.01817426 -0.02412255
v 0.00126387 0.01958203 -0.02305552
v 0.00138344 0.02093593 -0.02191835
v 0.00127041 0.02092331 -0.02190363
v 0.00127946 0.02337685 -0.01935712
v 0.00128139 0.02447830 -0.01797537
v 0.00122119 0.00000003 -0.02998111
v 0.00122144 0.00176525 -0.02992888
v 0.00112541 0.00176385 -0.02990500
v 0.00122190 0.00526919 -0.02951401
v 0.00122251 0.00699568 -0.02915683
v 0.00112704 0.00869177 -0.02868115
v 0.00112857 0.01036530 -0.02813688
v 0.00113100 0.01200672 -0.02750314
v 0.00113438 0.01361165 -0.02678147
v 0.00113868 0.01517533 -0.02597310
v 0.00124888 0.01670731 -0.02510336
v 0.00115420 0.01956278 -0.02303048
v 0.00127564 0.02219035 -0.02066909
v 0.00115888 0.02090168 -0.02187907
v 0.00116265 0.02216648 -0.02064539
v 0.00116541 0.02335092 -0.01933467
v 0.00112520 0.00000004 -0.02995720
v 0.00103159 0.00000006 -0.02992374
v 0.00103176 0.00176188 -0.02987157
v 0.00112560 0.00352098 -0.02974872
v 0.00112581 0.00526503 -0.02949042
v 0.00103194 0.00351705 -0.02971546
v 0.00112621 0.00699023 -0.02913339
v 0.00103231 0.00698257 -0.02910059
v 0.00103269 0.00868230 -0.02864845
v 0.00103341 0.01035399 -0.02810409
v 0.00103460 0.01199340 -0.02747002
v 0.00103637 0.01359611 -0.02674786
v 0.00114368 0.01669258 -0.02507844
v 0.00104167 0.01667169 -0.02504373
v 0.00114900 0.01815736 -0.02409740
v 0.00105119 0.02087122 -0.02184487
v 0.00105366 0.02213292 -0.02061239
v 0.00105549 0.02331454 -0.01930335
v 0.00094176 0.00000007 -0.02988116
v 0.00094191 0.00175938 -0.02982902
v 0.00103210 0.00525920 -0.02945739
v 0.00094219 0.00525177 -0.02941536
v 0.00094224 0.00697280 -0.02905885
v 0.00094223 0.00867021 -0.02860685
v 0.00094224 0.01033950 -0.02806240
v 0.00103875 0.01515726 -0.02593892
v 0.00094354 0.01513412 -0.02589557
v 0.00094471 0.01664498 -0.02499976
v 0.00104489 0.01813342 -0.02406240
v 0.00104816 0.01953559 -0.02299563
v 0.00094790 0.01950092 -0.02295156
v 0.00095211 0.02326838 -0.01926375
v 0.00085701 0.00000009 -0.02983013
v 0.00085714 0.00175637 -0.02977805
v 0.00085729 0.00350603 -0.02962239
v 0.00094207 0.00351204 -0.02967311
v 0.00085729 0.00696107 -0.02900885
v 0.00085698 0.00865569 -0.02855705
v 0.00094238 0.01197633 -0.02742795
v 0.00094277 0.01357618 -0.02670520
v 0.00085462 0.01510635 -0.02584388
v 0.00094620 0.01810282 -0.02401813
v 0.00085473 0.01806621 -0.02396551
v 0.00085531 0.01945953 -0.02289922
v 0.00094958 0.02083247 -0.02180163
v 0.00085607 0.02078629 -0.02175032
v 0.00095102 0.02209028 -0.02057068
v 0.00085680 0.02203954 -0.02052123
v 0.00085740 0.02321354 -0.01921681
v 0.00077269 0.02198200 -0.02046528
v 0.00077227 0.02073384 -0.02169222
v 0.00085450 0.01661297 -0.02494742
v 0.00085508 0.01355221 -0.02665428
v 0.00085575 0.01195581 -0.02737767
v 0.00085644 0.01032209 -0.02801251
v 0.00077861 0.00694760 -0.02895152
v 0.00077879 0.00523263 -0.02930726
v 0.00085738 0.00524285 -0.02936501
v 0.00077872 0.00349914 -0.02956420
v 0.00077857 0.00175291 -0.02971958
v 0.00902993 0.01801245 -0.02426534
v 0.00900020 0.01710374 -0.02487752
v 0.00909175 0.01865098 -0.02380559
v 0.00912779 0.01890692 -0.02361404
v 0.00929249 0.01971795 -0.02297744
v 0.00951958 0.02044489 -0.02236456
v 0.00980731 0.02109263 -0.02178128
v 0.01054921 0.02217457 -0.02072391
v 0.01060834 0.02223983 -0.02065647
v 0.01019892 0.02173476 -0.02116702
v 0.01168959 0.02313356 -0.01968266
v 0.01112220 0.02272504 -0.02013974
v 0.01727869 0.02448360 -0.01801483
v 0.01626205 0.02442484 -0.01809380
v 0.01533159 0.02432308 -0.01822736
v 0.01448753 0.02418061 -0.01841093
v 0.01434914 0.02415190 -0.01844760
v 0.01370187 0.02399364 -0.01864864
v 0.01343536 0.02391556 -0.01874681
v 0.01298066 0.02376188 -0.01893762
v 0.01258045 0.02360167 -0.01913307
v 0.01230757 0.02347636 -0.01928326
v 0.00900020 0.01682470 -0.02505607
v 0.00900020 0.01529671 -0.02596215
v 0.00144813 0.01504727 -0.02609951
v 0.00900020 0.01372038 -0.02678118
v 0.00900020 0.01321601 -0.02702053
v 0.00900020 0.01210168 -0.02751261
v 0.00900020 0.01044559 -0.02815515
v 0.00900020 0.00704093 -0.02916551
v 0.00900020 0.00530181 -0.02952735
v 0.00900020 0.00453399 -0.02965451
v 0.00900020 0.00354482 -0.02978902
v 0.00900020 0.00177556 -0.02994717
v 0.00900010 -0.00000000 -0.02999999
v 0.00900020 0.00875711 -0.02870703
v 0.04037441 0.02584645 -0.01588991
v 0.04259949 0.02694351 -0.01339578
v 0.04050390 0.02951209 -0.00712491
v 0.04259473 0.02931230 -0.00692426
v 0.04047959 0.02884868 -0.00941737
v 0.04259567 0.02873478 -0.00899767
v 0.04259571 0.02872108 -0.00904069
v 0.04044957 0.02801553 -0.01165326
v 0.04259576 0.02788187 -0.01134181
v 0.04052087 0.02997077 -0.00479376
v 0.04259530 0.03003689 -0.00162856
v 0.04053023 0.03022643 -0.00243226
v 0.04259527 0.03000242 -0.00233582
v 0.04052862 0.03023119 0.00233231
v 0.04051813 0.02998209 0.00469781
v 0.04050018 0.02952833 0.00703647
v 0.04259458 0.02889449 0.00845748
v 0.04259516 0.02914016 0.00758308
v 0.04047490 0.02886582 0.00933976
v 0.04259677 0.02776675 0.01159538
v 0.04044430 0.02803184 0.01158710
v 0.04259844 0.02691464 0.01343183
v 0.04259564 0.02470801 0.01710480
v 0.04036966 0.02584619 0.01585110
v 0.04040914 0.02702822 0.01376198
v 0.04032677 0.02450073 0.01784161
v 0.04259651 0.02759177 -0.01202222
v 0.04041493 0.02701785 -0.01381701
v 0.03808371 0.02586743 -0.01602816
v 0.03800023 0.02449996 0.01799233
v 0.03813054 0.02707416 0.01388253
v 0.03817846 0.02809851 0.01168924
v 0.03821993 0.02894745 0.00942092
v 0.03825384 0.02961725 0.00709524
v 0.03827822 0.03008344 0.00473521
v 0.03829281 0.03034818 0.00234804
v 0.03829838 0.03043209 -0.00005789
v 0.04053264 0.03030929 -0.00005060
v 0.03828208 0.03006892 -0.00484456
v 0.03825913 0.02959662 -0.00719608
v 0.03822657 0.02892446 -0.00950979
v 0.03813907 0.02705883 -0.01394341
v 0.03807683 0.02587139 0.01598759
v 0.03818626 0.02807648 -0.01176461
v 0.03829495 0.03034136 -0.00246225
v 0.00070697 -0.02795367 0.01005460
v -0.00000000 -0.02795017 0.00773237
v 0.00070699 -0.02848498 0.00843268
v -0.00000000 -0.02823091 0.00663450
v 0.00070700 -0.02892298 0.00677990
v 0.00070702 -0.02926570 0.00510155
v 0.00000000 -0.02856392 0.00501029
v 0.00070705 -0.02951149 0.00340300
v -0.00000000 -0.02891191 0.00225867
v 0.00070707 -0.02965895 0.00169015
v -0.00000000 -0.02900000 0.00000000
v 0.00000000 -0.02453697 0.01545792
v 0.00070694 -0.02494393 0.01613374
v -0.00000000 -0.02504212 0.01462534
v 0.00070695 -0.02582351 0.01468484
v 0.00000000 -0.02593179 0.01298261
v -0.00000000 -0.02639172 0.01202005
v 0.00070695 -0.02662030 0.01318558
v 0.00070696 -0.02733128 0.01164056
v -0.00000000 -0.01584121 0.02429173
v -0.00000000 -0.01665435 0.02374159
v 0.00070698 -0.01676918 0.02452105
v -0.00000000 -0.01825508 0.02253396
v 0.00070696 -0.01942572 0.02247511
v -0.00000000 -0.01893886 0.02196235
v -0.00000000 -0.02048689 0.02052581
v 0.00000000 -0.02102181 0.01997758
v 0.00070695 -0.02184207 0.02013495
v -0.00000000 -0.02249924 0.01829754
v 0.00070694 -0.02294961 0.01886291
v 0.00000000 -0.02289601 0.01779853
v 0.00070694 -0.02398480 0.01752783
v -0.00000000 -0.00307719 0.02883657
v -0.00000000 -0.00523573 0.02852391
v 0.00070712 -0.00448874 0.02936573
v -0.00000000 -0.00599487 0.02837411
v 0.00070708 -0.00772807 0.02868390
v -0.00000000 -0.00794086 0.02789222
v 0.00000000 -0.00883896 0.02762077
v 0.00070706 -0.00931809 0.02820746
v 0.00070704 -0.01088152 0.02764198
v -0.00000000 -0.01158079 0.02658799
v 0.00070702 -0.01241330 0.02698882
v -0.00000000 -0.01328760 0.02577741
v 0.00070701 -0.01390843 0.02624960
v -0.00000000 -0.01419410 0.02528956
v 0.00070714 -0.00284973 0.02956988
v -0.00000000 -0.00124925 0.02897320
v 0.00070716 -0.00120469 0.02968253
v 0.00070717 -0.00005628 0.02970698
v -0.00000000 -0.00020110 0.02899930
v 0.00900000 -0.01070070 0.02802668
v 0.00900000 -0.01500004 0.02598074
v 0.00900000 -0.01441816 0.02630811
v 0.00900000 -0.01196146 0.02751224
v 0.00900000 -0.00562144 0.02946862
v 0.00900000 -0.00897122 0.02862721
v 0.00900000 -0.00940525 0.02848756
v 0.00900000 -0.00544057 0.02950254
v 0.00900000 -0.00407996 0.02972127
v 0.00900000 -0.00273163 0.02987538
v 0.00900000 -0.00219715 0.02991943
v 0.00077543 -0.00580753 0.02919696
v 0.00085415 -0.00865882 0.02854426
v 0.00077542 -0.01002913 0.02802967
v 0.00077542 -0.01139225 0.02750364
v 0.00085415 -0.01141487 0.02755823
v 0.00077541 -0.01530421 0.02553343
v 0.00077541 -0.01653888 0.02475193
v 0.00077540 -0.02391059 0.01773322
v 0.00077540 -0.02475231 0.01653881
v 0.00085412 -0.02558509 0.01533501
v 0.00077540 -0.02553442 0.01530464
v 0.00085412 -0.02630680 0.01406130
v 0.00077540 -0.02625470 0.01403345
v 0.00077539 -0.02691131 0.01272822
v 0.00077539 -0.02802872 0.01002889
v 0.00077539 -0.02962585 0.00291790
v 0.00085412 -0.02979217 0.00146357
v 0.00070697 -0.01812528 0.02353640
v 0.00077541 -0.01773380 0.02391103
v 0.00077543 -0.00146057 0.02973363
v 0.00070715 -0.00002817 0.02970700
v 0.00085416 -0.00146347 0.02979265
v 0.00093919 -0.00146601 0.02984412
v 0.00102940 -0.00146812 0.02988711
v 0.00103177 0.00000006 0.02992382
v 0.00112345 -0.00146978 0.02992089
v 0.00121994 -0.00147097 0.02994502
v 0.00131739 -0.00147168 0.02995937
v 0.00077539 -0.02944752 0.00436815
v 0.00077539 -0.02973317 0.00146067
v 0.00093916 -0.01895610 0.02309801
v 0.00085414 -0.01892341 0.02305818
v 0.00077541 -0.01888593 0.02301251
v 0.00077541 -0.01999222 0.02205818
v 0.00102935 -0.02009540 0.02217202
v 0.00102935 -0.02115871 0.02115898
v 0.00093916 -0.02006650 0.02214014
v 0.00093916 -0.02112829 0.02112856
v 0.00085413 -0.02003190 0.02210196
v 0.00085413 -0.02109185 0.02109212
v 0.00077540 -0.02105008 0.02105035
v 0.00070695 -0.02066607 0.02134020
v 0.00077539 -0.02919775 0.00580776
v 0.00085412 -0.02968463 0.00292369
v 0.00093914 -0.02984363 0.00146610
v 0.00102933 -0.02988660 0.00146821
v 0.00112340 -0.02118262 0.02118289
v 0.00112340 -0.02219612 0.02011761
v 0.00102935 -0.02217107 0.02009491
v 0.00093916 -0.02213919 0.02006602
v 0.00077540 -0.02205724 0.01999174
v 0.00077539 -0.02887724 0.00723331
v 0.00085412 -0.02950596 0.00437682
v 0.00085412 -0.02925568 0.00581929
v 0.00093914 -0.02955692 0.00438438
v 0.00093914 -0.02973590 0.00292874
v 0.00102933 -0.02977872 0.00293296
v 0.00112337 -0.02992036 0.00146986
v 0.00112337 -0.02938157 0.00584433
v 0.00131730 -0.02318616 0.01902846
v 0.00121987 -0.02221403 0.02013384
v 0.00102935 -0.02313024 0.01898257
v 0.00093915 -0.02309699 0.01895528
v 0.00085413 -0.02210102 0.02003142
v 0.00085413 -0.02305716 0.01892260
v 0.00077540 -0.02301149 0.01888512
v 0.00121988 -0.02013433 0.02221497
v 0.00121988 -0.01902017 0.02317609
v 0.00121984 -0.02998092 0.00000000
v 0.00121984 -0.02940526 0.00584904
v 0.00131727 -0.02967102 0.00440130
v 0.00093914 -0.02701129 0.01277550
v 0.00093915 -0.02635224 0.01408558
v 0.00112338 -0.02642000 0.01412180
v 0.00112338 -0.02708074 0.01280835
v 0.00121985 -0.02710258 0.01281868
v 0.00093915 -0.02562929 0.01536150
v 0.00102934 -0.02639018 0.01410586
v 0.00102934 -0.02566619 0.01538361
v 0.00112338 -0.02569519 0.01540099
v 0.00121985 -0.02644130 0.01413319
v 0.00131731 -0.02014398 0.02222561
v 0.00077542 -0.01403284 0.02625374
v 0.00085414 -0.01533458 0.02558411
v 0.00093918 -0.01408499 0.02635129
v 0.00093917 -0.01536107 0.02562830
v 0.00102937 -0.01538319 0.02566521
v 0.00102937 -0.01410527 0.02638924
v 0.00112342 -0.01540058 0.02569421
v 0.00112342 -0.01412121 0.02641906
v 0.00121990 -0.01541300 0.02571493
v 0.00131734 -0.01413937 0.02645303
v 0.00085415 -0.01406070 0.02630585
v 0.00093918 -0.01277514 0.02701106
v 0.00102937 -0.01279353 0.02704996
v 0.00112343 -0.01280799 0.02708053
v 0.00121990 -0.01413260 0.02644037
v 0.00121991 -0.01281832 0.02710237
v 0.00131735 -0.01282447 0.02711536
v 0.00077543 -0.00723330 0.02887703
v 0.00102939 -0.00727064 0.02902608
v 0.00102938 -0.00868627 0.02863475
v 0.00112344 -0.00869609 0.02866711
v 0.00121992 -0.00870310 0.02869023
v 0.00121993 -0.00728473 0.02908232
v 0.00131736 -0.00870727 0.02870398
v 0.00085416 -0.00724766 0.02893435
v 0.00093919 -0.00726018 0.02898434
v 0.00093919 -0.00582912 0.02930545
v 0.00102939 -0.00583751 0.02934766
v 0.00112344 -0.00584411 0.02938082
v 0.00112344 -0.00727886 0.02905888
v 0.00121993 -0.00584882 0.02940452
v 0.00131737 -0.00728822 0.02909626
v 0.00112337 -0.02963291 0.00439565
v 0.00102933 -0.02959947 0.00439069
v 0.00112337 -0.02981236 0.00293627
v 0.00121984 -0.02994449 0.00147105
v 0.00121984 -0.02983640 0.00293864
v 0.00131727 -0.02995883 0.00147175
v 0.00141421 -0.02996354 0.00147199
v 0.00131727 -0.02985069 0.00294005
v 0.00121984 -0.02965681 0.00439919
v 0.00102933 -0.02934841 0.00583773
v 0.00085412 -0.02893454 0.00724767
v 0.00102933 -0.02902625 0.00727064
v 0.00121984 -0.02908248 0.00728472
v 0.00131727 -0.02941935 0.00585184
v 0.00131727 -0.02909641 0.00728821
v 0.00141422 -0.02920752 0.00685056
v 0.00141421 -0.02985538 0.00294051
v 0.00141421 -0.02980122 0.00344812
v 0.00141422 -0.02967568 0.00440199
v 0.00141422 -0.02942397 0.00585276
v 0.00077539 -0.02848718 0.00864147
v 0.00093914 -0.02898452 0.00726018
v 0.00085412 -0.02854371 0.00865862
v 0.00093914 -0.02859301 0.00867357
v 0.00102933 -0.02863417 0.00868606
v 0.00112337 -0.02905904 0.00727885
v 0.00121984 -0.02868964 0.00870289
v 0.00141422 -0.02910098 0.00728936
v 0.00141422 -0.02870789 0.00870842
v 0.00102933 -0.02817335 0.01008064
v 0.00112337 -0.02866652 0.00869587
v 0.00131727 -0.02870339 0.00870705
v 0.00141422 -0.02824589 0.01010660
v 0.00085412 -0.02808434 0.01004880
v 0.00093914 -0.02813285 0.01006615
v 0.00102933 -0.02764496 0.01145104
v 0.00112337 -0.02820518 0.01009203
v 0.00121985 -0.02822793 0.01010017
v 0.00121985 -0.02769851 0.01147322
v 0.00131728 -0.02824145 0.01010501
v 0.00131728 -0.02771179 0.01147872
v 0.00141423 -0.02771614 0.01148052
v 0.00131728 -0.02711557 0.01282482
v 0.00112338 -0.02767620 0.01146398
v 0.00102933 -0.02705018 0.01279390
v 0.00093914 -0.02760522 0.01143458
v 0.00085412 -0.02696472 0.01275348
v 0.00085412 -0.02755762 0.01141486
v 0.00085413 -0.02480143 0.01657163
v 0.00102934 -0.02488004 0.01662416
v 0.00112339 -0.02490816 0.01664294
v 0.00121986 -0.02571591 0.01541341
v 0.00131729 -0.02572823 0.01542080
v 0.00141424 -0.02516018 0.01633921
v 0.00141423 -0.02711982 0.01282684
v 0.00141423 -0.02687169 0.01333922
v 0.00131728 -0.02645397 0.01413996
v 0.00141423 -0.02645813 0.01414218
v 0.00141424 -0.02573227 0.01542322
v 0.00093915 -0.02484427 0.01660026
v 0.00085413 -0.02395804 0.01776841
v 0.00121986 -0.02492824 0.01665636
v 0.00121986 -0.02408054 0.01785927
v 0.00131729 -0.02494019 0.01666434
v 0.00131730 -0.02409208 0.01786782
v 0.00141424 -0.02494410 0.01666696
v 0.00141425 -0.02409586 0.01787063
v 0.00093914 -0.02930622 0.00582934
v 0.00077539 -0.02750304 0.01139226
v 0.00093915 -0.02399943 0.01779911
v 0.00102934 -0.02403398 0.01782473
v 0.00112339 -0.02315638 0.01900402
v 0.00112339 -0.02406114 0.01784487
v 0.00121987 -0.02317505 0.01901935
v 0.00141426 -0.02222816 0.02014665
v 0.00131730 -0.02222467 0.02014348
v 0.00131731 -0.02120986 0.02121013
v 0.00112340 -0.02011811 0.02219707
v 0.00102936 -0.01898339 0.02313127
v 0.00112341 -0.01900484 0.02315741
v 0.00112341 -0.01784547 0.02406159
v 0.00121989 -0.01785986 0.02408100
v 0.00131733 -0.01786842 0.02409253
v 0.00131732 -0.01902929 0.02318719
v 0.00141428 -0.01813819 0.02389617
v 0.00141427 -0.01903228 0.02319083
v 0.00085414 -0.01657170 0.02480106
v 0.00093917 -0.01660033 0.02484390
v 0.00093917 -0.01779969 0.02399987
v 0.00102936 -0.01662423 0.02487968
v 0.00102936 -0.01782532 0.02403443
v 0.00112341 -0.01664302 0.02490779
v 0.00141428 -0.01787122 0.02409632
v 0.00121989 -0.01665644 0.02492788
v 0.00131734 -0.01542038 0.02572726
v 0.00131733 -0.01666442 0.02493982
v 0.00141429 -0.01527093 0.02582171
v 0.00141430 -0.01414159 0.02645719
v 0.00141431 -0.01282648 0.02711962
v 0.00141431 -0.01220215 0.02740647
v 0.00085415 -0.01275310 0.02696448
v 0.00093918 -0.01143459 0.02760584
v 0.00112343 -0.01146399 0.02767683
v 0.00121991 -0.01147324 0.02769916
v 0.00131735 -0.01147874 0.02771243
v 0.00085415 -0.01004904 0.02808530
v 0.00093918 -0.01006640 0.02813382
v 0.00102938 -0.01145105 0.02764559
v 0.00112343 -0.01009229 0.02820618
v 0.00121992 -0.01010043 0.02822893
v 0.00141431 -0.01148054 0.02771678
v 0.00141432 -0.01010686 0.02824689
v 0.00131736 -0.01010527 0.02824245
v 0.00102938 -0.01008090 0.02817434
v 0.00093919 -0.00867378 0.02859357
v 0.00077542 -0.00864166 0.02848771
v 0.00141432 -0.00897134 0.02862756
v 0.00141432 -0.00870864 0.02870849
v 0.00131737 -0.00585163 0.02941862
v 0.00077543 -0.00436783 0.02944681
v 0.00085416 -0.00581906 0.02925491
v 0.00112345 -0.00439535 0.02963225
v 0.00131738 -0.00440100 0.02967037
v 0.00141434 -0.00562138 0.02946826
v 0.00141434 -0.00440169 0.02967503
v 0.00141425 -0.02318980 0.01903145
v 0.00121987 -0.02119970 0.02119997
v 0.00085414 -0.01776900 0.02395849
v 0.00070699 -0.01536200 0.02542628
v 0.00077542 -0.01272784 0.02691107
v 0.00070710 -0.00611657 0.02907025
v 0.00085416 -0.00437650 0.02950526
v 0.00077543 -0.00291768 0.02962592
v 0.00085416 -0.00292348 0.02968473
v 0.00093919 -0.00438407 0.02955624
v 0.00102939 -0.00439038 0.02959880
v 0.00093919 -0.00292853 0.02973602
v 0.00112345 -0.00293607 0.02981250
v 0.00121993 -0.00439889 0.02965616
v 0.00121994 -0.00293844 0.02983655
v 0.00131738 -0.00293985 0.02985085
v 0.00141435 -0.00294031 0.02985554
v 0.00102939 -0.00293275 0.02977884
v 0.00903242 -0.01624768 0.02521930
v 0.00900136 -0.01527135 0.02582220
v 0.00912365 -0.01728352 0.02452071
v 0.00925870 -0.01813857 0.02389515
v 0.00929931 -0.01833696 0.02374337
v 0.00950315 -0.01913097 0.02310865
v 0.00975668 -0.01984775 0.02249585
v 0.01005949 -0.02048939 0.02191312
v 0.01092223 -0.02169428 0.02072095
v 0.01021932 -0.02076759 0.02164967
v 0.01252751 -0.02289594 0.01938492
v 0.01197954 -0.02257499 0.01975803
v 0.01140137 -0.02214710 0.02023645
v 0.01299518 -0.02312071 0.01911629
v 0.01304337 -0.02314167 0.01909092
v 0.01321070 -0.02321147 0.01900599
v 0.01457899 -0.02363686 0.01847422
v 0.01501167 -0.02372858 0.01835633
v 0.01544919 -0.02380513 0.01825695
v 0.01630188 -0.02391409 0.01811405
v 0.01733920 -0.02398682 0.01801774
v 0.01825066 -0.02400551 0.01799265
v -0.00000000 -0.02873113 0.00393982
v 0.00000010 -0.00000000 -0.02899999
v 0.00000000 -0.02795017 -0.00773237
v -0.00000000 0.02138449 -0.00699671
v -0.00000000 -0.00124925 -0.02897320
v -0.00000000 -0.00307719 -0.02883657
v -0.00000000 -0.01063914 -0.02697859
v -0.00000000 -0.01328760 -0.02577741
v 0.00000000 -0.01419410 -0.02528956
v -0.00000000 -0.01457910 0.02506958
v -0.00000000 -0.01063914 0.02697859
v -0.00000000 -0.00794086 -0.02789222
v -0.00000000 -0.02593179 -0.01298261
v -0.00000000 -0.02639172 -0.01202005
v 0.00000000 -0.02856392 -0.00501029
v -0.00000000 -0.02891191 -0.00225867
v -0.00000000 -0.02745424 0.00934167
v 0.00000000 -0.02707160 -0.01039863
v -0.00000000 -0.02745424 -0.00934167
v -0.00000000 -0.02707160 0.01039863
v -0.00000000 -0.01457910 -0.02506958
v -0.00000000 -0.01825508 -0.02253395
v -0.00000000 -0.01893886 -0.02196235
v -0.00000000 -0.02048689 -0.02052581
v -0.00000000 -0.02289601 -0.01779853
v -0.00000000 -0.02341331 -0.01711228
v -0.00000000 -0.02341331 0.01711228
v -0.00000000 -0.02453697 -0.01545792
v 0.00070708 -0.02968478 -0.00115088
v 0.00070706 -0.02957519 -0.00279591
v -0.00000000 -0.02873113 -0.00393982
v 0.00070703 -0.02937410 -0.00443509
v 0.00070694 -0.02545516 -0.01531446
v -0.00000000 -0.02504212 -0.01462534
v 0.00070695 -0.02627572 -0.01385950
v 0.00070696 -0.02701210 -0.01236315
v 0.00070697 -0.02766237 -0.01083031
v 0.00070698 -0.02822489 -0.00926601
v 0.00070701 -0.02908166 -0.00606327
v -0.00000000 -0.02823091 -0.00663450
v 0.00070694 -0.02251175 -0.01938336
v -0.00000000 -0.02249924 -0.01829754
v 0.00070694 -0.02300028 -0.01880109
v 0.00070694 -0.02357055 -0.01808103
v 0.00070694 -0.02455261 -0.01672321
v 0.00000000 -0.02102181 -0.01997758
v 0.00070695 -0.02137921 -0.02062574
v 0.00070695 -0.02017622 -0.02180391
v 0.00070696 -0.01890629 -0.02291377
v 0.00000000 -0.01665435 -0.02374159
v -0.00000000 -0.01584121 -0.02429173
v 0.00070697 -0.01757321 -0.02395141
v 0.00070698 -0.01618096 -0.02491312
v 0.00070700 -0.01473376 -0.02579540
v 0.00070701 -0.01323602 -0.02659499
v 0.00000000 -0.01158079 -0.02658799
v 0.00070703 -0.01169238 -0.02730887
v 0.00070705 -0.01010762 -0.02793426
v -0.00000000 -0.00883896 -0.02762077
v 0.00070707 -0.00848672 -0.02846865
v 0.00070707 -0.00800688 -0.02860732
v 0.00000000 -0.00599487 -0.02837411
v 0.00070711 -0.00515709 -0.02925573
v -0.00000000 -0.00389299 -0.02873787
v 0.00070712 -0.00384677 -0.02945672
v 0.00070713 -0.00345902 -0.02950479
v 0.00070715 -0.00174644 -0.02965555
v -0.00000000 -0.00020110 -0.02899930
v 0.00070717 -0.00005628 -0.02970698
v 0.00900000 -0.01499995 -0.02598079
v 0.00900000 -0.01441803 -0.02630818
v 0.00900000 -0.01220210 -0.02740636
v 0.00900000 -0.01196135 -0.02751229
v 0.00900000 -0.01070060 -0.02802672
v 0.00900000 -0.00940516 -0.02848759
v 0.00900000 -0.00897122 -0.02862721
v 0.00900000 -0.00810422 -0.02888463
v 0.00900000 -0.00677072 -0.02922597
v 0.00900000 -0.00562144 -0.02946862
v 0.00900000 -0.00544051 -0.02950256
v 0.00900000 -0.00407992 -0.02972127
v 0.00900000 -0.00273160 -0.02987538
v 0.00900000 -0.00219715 -0.02991943
v 0.00900000 -0.00135514 -0.02996938
v 0.00141432 -0.00897134 -0.02862756
v 0.00141432 -0.01016507 -0.02822600
v 0.00077858 -0.00293539 -0.02962679
v 0.00122100 -0.02995695 -0.00119760
v 0.00141421 -0.02999999 0.00000000
v 0.00122110 -0.00147980 -0.02994482
v 0.00112516 -0.00147862 -0.02992097
v 0.00094182 -0.00147487 -0.02984510
v 0.00077858 -0.00146945 -0.02973579
v 0.00070715 -0.00002817 -0.02970700
v 0.00077854 -0.02974792 -0.00118925
v 0.00070710 -0.02970710 0.00000000
v 0.00141421 -0.02997578 -0.00119836
v 0.00129142 -0.02999242 0.00000000
v 0.00131785 -0.02970750 -0.00414772
v 0.00141421 -0.02971211 -0.00414836
v 0.00131785 -0.02987548 -0.00267617
v 0.00141421 -0.02980122 -0.00344812
v 0.00141421 -0.02988011 -0.00267658
v 0.00141422 -0.02831953 -0.00989833
v 0.00131786 -0.02831514 -0.00989680
v 0.00141422 -0.02877378 -0.00848834
v 0.00141422 -0.02915809 -0.00705773
v 0.00131785 -0.02876932 -0.00848702
v 0.00141422 -0.02920752 -0.00685056
v 0.00131785 -0.02946669 -0.00560906
v 0.00141422 -0.02947127 -0.00560993
v 0.00141422 -0.02822601 -0.01016198
v 0.00141423 -0.02779655 -0.01128430
v 0.00131786 -0.02779224 -0.01128255
v 0.00085706 -0.02971120 -0.00266145
v 0.00085706 -0.02954415 -0.00412491
v 0.00077854 -0.02924724 -0.00556729
v 0.00077854 -0.02893645 -0.00700408
v 0.00077854 -0.02855506 -0.00842381
v 0.00077854 -0.02810426 -0.00982309
v 0.00085706 -0.02861112 -0.00844035
v 0.00085706 -0.02815944 -0.00984238
v 0.00085706 -0.02763941 -0.01122051
v 0.00085706 -0.02705223 -0.01257134
v 0.00077854 -0.02699922 -0.01254671
v 0.00077854 -0.02634735 -0.01386425
v 0.00094176 -0.02985723 -0.00119362
v 0.00094176 -0.02976194 -0.00266600
v 0.00094176 -0.02959461 -0.00413196
v 0.00085706 -0.02930466 -0.00557822
v 0.00094176 -0.02935471 -0.00558774
v 0.00085706 -0.02899326 -0.00701783
v 0.00094176 -0.02768662 -0.01123967
v 0.00085706 -0.02639908 -0.01389147
v 0.00094177 -0.02644417 -0.01391520
v 0.00094177 -0.02572506 -0.01520344
v 0.00103153 -0.02963672 -0.00413784
v 0.00103153 -0.02939649 -0.00559570
v 0.00094176 -0.02904277 -0.00702982
v 0.00094176 -0.02865998 -0.00845477
v 0.00094176 -0.02820753 -0.00985919
v 0.00103153 -0.02824768 -0.00987322
v 0.00103154 -0.02772602 -0.01125567
v 0.00094177 -0.02709843 -0.01259281
v 0.00103154 -0.02713700 -0.01261073
v 0.00103154 -0.02648181 -0.01393500
v 0.00103154 -0.02576167 -0.01522507
v 0.00113075 -0.02995897 0.00000000
v 0.00112508 -0.02983757 -0.00267277
v 0.00122100 -0.02986134 -0.00267490
v 0.00122100 -0.02969345 -0.00414576
v 0.00112508 -0.02966981 -0.00414246
v 0.00122100 -0.02945275 -0.00560641
v 0.00112508 -0.02942931 -0.00560194
v 0.00112508 -0.02911658 -0.00704768
v 0.00122100 -0.02913978 -0.00705330
v 0.00112508 -0.02873281 -0.00847625
v 0.00112508 -0.02827921 -0.00988424
v 0.00122100 -0.02830175 -0.00989212
v 0.00112508 -0.02775697 -0.01126823
v 0.00122101 -0.02777909 -0.01127721
v 0.00112509 -0.02716729 -0.01262481
v 0.00122101 -0.02718894 -0.01263487
v 0.00112509 -0.02651137 -0.01395056
v 0.00122101 -0.02653250 -0.01396167
v 0.00131785 -0.02997113 -0.00119817
v 0.00131785 -0.02915357 -0.00705663
v 0.00122100 -0.02875571 -0.00848301
v 0.00131786 -0.02720181 -0.01264085
v 0.00131786 -0.02654506 -0.01396828
v 0.00141424 -0.02516018 -0.01633921
v 0.00131787 -0.02582320 -0.01526144
v 0.00141423 -0.02687169 -0.01333922
v 0.00141423 -0.02720603 -0.01264281
v 0.00122102 -0.02502617 -0.01650940
v 0.00122101 -0.02581098 -0.01525422
v 0.00112509 -0.02579043 -0.01524207
v 0.00094177 -0.02494285 -0.01645444
v 0.00085706 -0.02568119 -0.01517751
v 0.00077855 -0.02485153 -0.01639419
v 0.00077854 -0.02563087 -0.01514777
v 0.00077854 -0.02758525 -0.01119852
v 0.00070699 -0.02869834 -0.00767529
v 0.00077854 -0.02948626 -0.00411683
v 0.00077854 -0.02965298 -0.00265624
v 0.00085706 -0.02980632 -0.00119158
v 0.00083082 -0.02981218 0.00000000
v 0.00097563 -0.02989868 0.00000000
v 0.00112508 -0.02993310 -0.00119665
v 0.00103153 -0.02989972 -0.00119532
v 0.00103153 -0.02980430 -0.00266979
v 0.00103153 -0.02908411 -0.00703982
v 0.00103153 -0.02870077 -0.00846680
v 0.00141424 -0.02504190 -0.01651977
v 0.00131787 -0.02503801 -0.01651721
v 0.00122102 -0.02418032 -0.01772438
v 0.00112510 -0.02416107 -0.01771027
v 0.00112509 -0.02500624 -0.01649625
v 0.00103154 -0.02497835 -0.01647785
v 0.00094177 -0.02409983 -0.01766538
v 0.00085707 -0.02405873 -0.01763525
v 0.00085707 -0.02490032 -0.01642638
v 0.00077855 -0.02401159 -0.01760069
v 0.00070694 -0.02394304 -0.01758483
v 0.00077855 -0.02311331 -0.01876448
v 0.00085707 -0.02315869 -0.01880133
v 0.00094178 -0.02319825 -0.01883344
v 0.00103155 -0.02413413 -0.01769052
v 0.00103155 -0.02323127 -0.01886025
v 0.00112510 -0.02325721 -0.01888130
v 0.00131788 -0.02419177 -0.01773277
v 0.00122103 -0.02327574 -0.01889635
v 0.00141426 -0.02232873 -0.02003507
v 0.00141425 -0.02329037 -0.01890823
v 0.00077855 -0.02215897 -0.01988276
v 0.00094178 -0.02224041 -0.01995583
v 0.00085707 -0.02119238 -0.02099385
v 0.00103155 -0.02227206 -0.01998423
v 0.00094178 -0.02122858 -0.02102971
v 0.00112510 -0.02229693 -0.02000654
v 0.00103156 -0.02125879 -0.02105964
v 0.00112511 -0.02128253 -0.02108316
v 0.00122103 -0.02231470 -0.02002248
v 0.00122103 -0.02129949 -0.02109996
v 0.00085707 -0.02220248 -0.01992180
v 0.00131788 -0.02328676 -0.01890529
v 0.00131789 -0.02232526 -0.02003196
v 0.00141426 -0.02131288 -0.02111322
v 0.00131789 -0.02130957 -0.02110994
v 0.00141426 -0.02076458 -0.02165310
v 0.00131790 -0.02024198 -0.02213643
v 0.00122104 -0.02023240 -0.02212596
v 0.00112511 -0.02021629 -0.02210834
v 0.00094178 -0.02016504 -0.02205229
v 0.00085707 -0.02013065 -0.02201469
v 0.00077855 -0.02009120 -0.02197155
v 0.00077855 -0.02115085 -0.02095271
v 0.00070695 -0.02092525 -0.02108614
v 0.00141427 -0.02024512 -0.02213986
v 0.00122104 -0.01911573 -0.02309766
v 0.00103156 -0.01907920 -0.02305353
v 0.00103156 -0.02019374 -0.02208368
v 0.00094179 -0.01905208 -0.02302076
v 0.00085708 -0.01901959 -0.02298151
v 0.00077856 -0.01898232 -0.02293647
v 0.00141428 -0.01796338 -0.02402775
v 0.00141428 -0.01813819 -0.02389617
v 0.00131790 -0.01912477 -0.02310860
v 0.00122105 -0.01795209 -0.02401266
v 0.00112512 -0.01793780 -0.02399354
v 0.00112511 -0.01910050 -0.02307927
v 0.00103156 -0.01791779 -0.02396678
v 0.00094179 -0.01789232 -0.02393271
v 0.00085708 -0.01786181 -0.02389190
v 0.00077856 -0.01782680 -0.02384508
v 0.00131791 -0.01796059 -0.02402403
v 0.00122105 -0.01674459 -0.02486907
v 0.00112512 -0.01673126 -0.02484927
v 0.00103157 -0.01671259 -0.02482155
v 0.00094179 -0.01668884 -0.02478627
v 0.00077856 -0.01662773 -0.02469551
v 0.00077856 -0.01538820 -0.02548595
v 0.00085708 -0.01666038 -0.02474400
v 0.00094179 -0.01544476 -0.02557961
v 0.00103157 -0.01546675 -0.02561602
v 0.00122106 -0.01549636 -0.02566506
v 0.00131791 -0.01675252 -0.02488084
v 0.00141430 -0.01421945 -0.02641541
v 0.00131792 -0.01550369 -0.02567721
v 0.00141429 -0.01675512 -0.02488470
v 0.00077856 -0.01411134 -0.02621457
v 0.00077857 -0.01280024 -0.02687956
v 0.00085709 -0.01282538 -0.02693235
v 0.00094180 -0.01284729 -0.02697835
v 0.00103158 -0.01418336 -0.02634837
v 0.00103158 -0.01286557 -0.02701676
v 0.00112513 -0.01419920 -0.02637779
v 0.00122106 -0.01421052 -0.02639881
v 0.00122107 -0.01289021 -0.02706848
v 0.00131792 -0.01421725 -0.02641131
v 0.00085708 -0.01541842 -0.02553599
v 0.00085709 -0.01413905 -0.02626605
v 0.00094180 -0.01416320 -0.02631092
v 0.00112513 -0.01548402 -0.02564463
v 0.00141431 -0.01154581 -0.02768964
v 0.00131793 -0.01154401 -0.02768534
v 0.00131793 -0.01289631 -0.02708129
v 0.00122107 -0.01153855 -0.02767224
v 0.00112514 -0.01152936 -0.02765021
v 0.00112514 -0.01287994 -0.02704693
v 0.00103158 -0.01151650 -0.02761936
v 0.00094180 -0.01150013 -0.02758010
v 0.00085709 -0.01148052 -0.02753307
v 0.00077857 -0.01145802 -0.02747910
v 0.00131794 -0.01016349 -0.02822162
v 0.00122108 -0.01015868 -0.02820826
v 0.00112514 -0.01015059 -0.02818580
v 0.00103159 -0.01013927 -0.02815436
v 0.00094180 -0.01012486 -0.02811434
v 0.00085709 -0.01010759 -0.02806639
v 0.00077857 -0.01008778 -0.02801138
v 0.00131795 -0.00875800 -0.02868862
v 0.00112515 -0.00874689 -0.02865221
v 0.00094181 -0.00872471 -0.02857956
v 0.00085709 -0.00870983 -0.02853082
v 0.00077857 -0.00869276 -0.02847490
v 0.00141433 -0.00733222 -0.02909007
v 0.00141432 -0.00875936 -0.02869307
v 0.00122109 -0.00732761 -0.02907180
v 0.00122108 -0.00875386 -0.02867504
v 0.00103159 -0.00731361 -0.02901624
v 0.00103159 -0.00873713 -0.02862025
v 0.00085710 -0.00729075 -0.02892558
v 0.00077857 -0.00727646 -0.02886888
v 0.00070709 -0.00683479 -0.02890979
v 0.00077857 -0.00584244 -0.02919265
v 0.00094181 -0.00730321 -0.02897500
v 0.00112515 -0.00732177 -0.02904865
v 0.00112515 -0.00587882 -0.02937443
v 0.00122109 -0.00588351 -0.02939784
v 0.00131795 -0.00733108 -0.02908556
v 0.00131796 -0.00588630 -0.02941176
v 0.00141433 -0.00588721 -0.02941632
v 0.00077858 -0.00439423 -0.02944551
v 0.00085710 -0.00294116 -0.02968497
v 0.00094181 -0.00441039 -0.02955374
v 0.00103160 -0.00441667 -0.02959581
v 0.00112516 -0.00442160 -0.02962887
v 0.00112516 -0.00295368 -0.02981128
v 0.00131796 -0.00295744 -0.02984916
v 0.00085710 -0.00147234 -0.02979419
v 0.00094181 -0.00294619 -0.02973569
v 0.00103160 -0.00295038 -0.02977802
v 0.00103160 -0.00147697 -0.02988759
v 0.00122110 -0.00295604 -0.02983504
v 0.00085710 -0.00585391 -0.02924998
v 0.00085710 -0.00440287 -0.02950334
v 0.00094181 -0.00586392 -0.02929995
v 0.00103159 -0.00587226 -0.02934166
v 0.00122109 -0.00442513 -0.02965248
v 0.00131796 -0.00442722 -0.02966652
v 0.00131797 -0.00148051 -0.02995899
v 0.00900140 -0.01527134 -0.02582220
v 0.00903099 -0.01621733 -0.02523883
v 0.00913255 -0.01735457 -0.02447078
v 0.00929079 -0.01829746 -0.02377400
v 0.00951177 -0.01915858 -0.02308569
v 0.00982075 -0.01999909 -0.02236149
v 0.01021874 -0.02076644 -0.02165075
v 0.01058624 -0.02129993 -0.02112612
v 0.01102608 -0.02180207 -0.02060752
v 0.01143582 -0.02217586 -0.02020474
v 0.01151819 -0.02224257 -0.02013127
v 0.01275716 -0.02301139 -0.01924775
v 0.01304337 -0.02314167 -0.01909092
v 0.01345849 -0.02330692 -0.01888882
v 0.01419059 -0.02353926 -0.01859847
v 0.01495934 -0.02371856 -0.01836926
v 0.01583782 -0.02386096 -0.01818391
v 0.01672228 -0.02395069 -0.01806556
v 0.01715729 -0.02397816 -0.01802909
v 0.01772960 -0.02399948 -0.01800069
v 0.04002415 -0.02400527 -0.01787846
v 0.03871897 -0.02400542 -0.01797829
v 0.03800010 -0.02400551 -0.01799265
v 0.03800010 -0.02400550 0.01799265
v 0.03930802 -0.02400526 0.01794506
v 0.04031509 -0.02400507 0.01784312
v 0.04060922 -0.02400502 0.01780249
v 0.04259543 -0.02400497 -0.01739645
v 0.04320841 -0.02400551 -0.01722237
v 0.04330355 -0.02100000 -0.01719332
v 0.04572768 -0.02400551 -0.01624874
v 0.04572768 -0.02100000 -0.01624874
v 0.04580685 -0.02100000 -0.01621085
v 0.04708468 -0.02400551 -0.01553086
v 0.04807283 -0.02100000 -0.01490898
v 0.04710798 -0.02400551 -0.01551722
v 0.04807283 -0.02400551 -0.01490898
v 0.04813577 -0.02100000 -0.01486626
v 0.05019101 -0.02400551 -0.01323328
v 0.05019101 -0.02100000 -0.01323328
v 0.05023827 -0.02100000 -0.01318958
v 0.05203450 -0.02400551 -0.01125940
v 0.05358228 -0.02100000 -0.00899636
v 0.05356176 -0.02400551 -0.00903181
v 0.05473837 -0.02400551 0.00660070
v 0.05474908 -0.02100000 0.00657348
v 0.05594254 -0.02100000 0.00134460
v 0.05594210 -0.02400551 0.00135043
v 0.05594210 -0.02400551 -0.00135043
v 0.05594254 -0.02100000 -0.00134460
v 0.05554174 -0.02100000 -0.00400376
v 0.05553782 -0.02400551 -0.00402087
v 0.05473837 -0.02400551 -0.00660070
v 0.05435742 -0.02400551 -0.00749512
v 0.05377790 -0.02400551 -0.00864869
v 0.05377761 -0.02400551 0.00864921
v 0.05358228 -0.02100000 0.00899636
v 0.05356176 -0.02400551 0.00903181
v 0.05203450 -0.02400551 0.01125940
v 0.05206740 -0.02100000 0.01121827
v 0.05023827 -0.02100000 0.01318958
v 0.04580685 -0.02100000 0.01621085
v 0.04572768 -0.02400551 0.01624874
v 0.05019101 -0.02100000 0.01323328
v 0.05019101 -0.02400551 0.01323328
v 0.04807283 -0.02400551 0.01490898
v 0.04813577 -0.02100000 0.01486626
v 0.04710798 -0.02400551 0.01551722
v 0.04189661 -0.02400478 0.01756569
v 0.04320841 -0.02400551 0.01722237
v 0.04330355 -0.02100000 0.01719332
v 0.04572768 -0.02100000 0.01624874
v 0.03340498 -0.02400552 0.01799267
v 0.03409095 -0.02400551 0.01799268
v 0.05554174 -0.02100000 0.00400376
v 0.05206740 -0.02100000 -0.01121827
v 0.05474908 -0.02100000 -0.00657348
v 0.04807283 -0.02100000 0.01490898
v 0.01825066 -0.02400551 -0.01799265
v 0.04750644 -0.02515780 -0.01329348
v 0.05223181 -0.02495605 0.00864040
v 0.04708385 -0.02400551 0.01553135
v 0.04366201 -0.02732806 0.01100551
v 0.04382848 -0.02813154 -0.00863987
v 0.04259934 -0.02471636 -0.01636916
v 0.04321237 -0.02515773 -0.01548941
v 0.04259963 -0.02624359 -0.01378830
v 0.04259956 -0.02709395 -0.01203205
v 0.04345620 -0.02633468 -0.01329348
v 0.04366205 -0.02732826 -0.01100499
v 0.04259961 -0.02782726 -0.01022216
v 0.04259958 -0.02752703 -0.01100522
v 0.04403871 -0.02914625 -0.00374603
v 0.04395432 -0.02873895 -0.00621459
v 0.04259958 -0.02929325 -0.00455695
v 0.04259961 -0.02892973 -0.00647366
v 0.04259961 -0.02952939 -0.00262045
v 0.04259959 -0.02940795 -0.00374611
v 0.04259963 -0.02963753 -0.00067004
v 0.04408104 -0.02935059 -0.00125140
v 0.04259963 -0.02961735 0.00128422
v 0.04408104 -0.02935057 0.00125195
v 0.04403869 -0.02914618 0.00374659
v 0.04259958 -0.02919264 0.00516183
v 0.04259960 -0.02898641 0.00621520
v 0.04382845 -0.02813139 0.00864040
v 0.04259966 -0.02826065 0.00895407
v 0.04395430 -0.02873884 0.00621513
v 0.04259959 -0.02649735 0.01329423
v 0.04259957 -0.02683904 0.01259032
v 0.04259959 -0.02760952 0.01079659
v 0.04259968 -0.02595261 0.01432842
v 0.04345616 -0.02633444 0.01329398
v 0.04259926 -0.02510053 0.01577378
v 0.04259893 -0.02416619 0.01717112
v 0.04321231 -0.02515745 0.01548989
v 0.04944980 -0.02433468 0.01329398
v 0.05435742 -0.02400551 0.00749512
v 0.05449359 -0.02427647 -0.00621459
v 0.05472734 -0.02462052 -0.00374603
v 0.05484462 -0.02479314 -0.00125140
v 0.05484461 -0.02479312 0.00125195
v 0.05553782 -0.02400551 0.00402087
v 0.05223189 -0.02495619 -0.00863987
v 0.05182551 -0.02424358 -0.01100499
v 0.05284861 -0.02603764 -0.00125140
v 0.05284860 -0.02603762 0.00125195
v 0.05274519 -0.02585630 0.00374659
v 0.05472730 -0.02462046 0.00374659
v 0.05449353 -0.02427637 0.00621513
v 0.05182541 -0.02424340 0.01100551
v 0.05253912 -0.02549494 0.00621513
v 0.05049518 -0.02655650 0.00621513
v 0.05067228 -0.02693291 0.00374659
v 0.05076114 -0.02712178 0.00125195
v 0.05076116 -0.02712180 -0.00125140
v 0.05274523 -0.02585636 -0.00374603
v 0.05067231 -0.02693297 -0.00374603
v 0.05253918 -0.02549504 -0.00621459
v 0.05049523 -0.02655660 -0.00621459
v 0.05023114 -0.02599532 -0.00863987
v 0.04988189 -0.02525303 -0.01100499
v 0.04944991 -0.02433490 -0.01329348
v 0.04786503 -0.02610678 0.01100551
v 0.04550436 -0.02582552 0.01329398
v 0.04578750 -0.02679994 0.01100551
v 0.04601641 -0.02758775 0.00864040
v 0.04618951 -0.02818346 0.00621513
v 0.04630558 -0.02858293 0.00374659
v 0.04859511 -0.02803891 0.00125195
v 0.04636383 -0.02878337 0.00125195
v 0.04859512 -0.02803893 -0.00125140
v 0.04636383 -0.02878339 -0.00125140
v 0.04630560 -0.02858299 -0.00374603
v 0.04618954 -0.02818357 -0.00621459
v 0.04837433 -0.02745462 -0.00621459
v 0.04601646 -0.02758790 -0.00863987
v 0.04786510 -0.02610697 -0.01100499
v 0.04578755 -0.02680014 -0.01100499
v 0.04815507 -0.02687436 -0.00863987
v 0.04852135 -0.02784372 -0.00374603
v 0.04852133 -0.02784365 0.00374659
v 0.04837429 -0.02745452 0.00621513
v 0.04815501 -0.02687421 0.00864040
v 0.05023107 -0.02599518 0.00864040
v 0.04988180 -0.02525285 0.01100551
v 0.04750635 -0.02515757 0.01329398
v 0.04516905 -0.02467156 -0.01548941
v 0.04550443 -0.02582576 -0.01329348
v 0.04516897 -0.02467128 0.01548989
v 0.03340495 -0.02498865 0.01660023
v 0.01389288 -0.02345311 0.01870699
v 0.03340495 -0.02588364 0.01516698
v 0.03340496 -0.02608222 0.01482285
v 0.03340496 -0.02687135 0.01333906
v 0.03340496 -0.02783881 0.01118037
v 0.03340496 -0.02822642 0.01016214
v 0.03340496 -0.02909124 0.00732800
v 0.03340496 -0.02920737 0.00685053
v 0.03340496 -0.02980118 0.00344811
v 0.03340496 -0.02997044 0.00133136
v 0.03340496 -0.03000000 0.00000000
v 0.03340496 -0.02920737 -0.00685053
v 0.03340496 -0.02987676 -0.00271651
v 0.03340496 -0.02962582 -0.00472343
v 0.03340496 -0.02872069 -0.00866729
v 0.03340496 -0.02822642 -0.01016214
v 0.03340496 -0.02729185 -0.01245613
v 0.03340499 -0.02400551 -0.01799269
v 0.03340494 -0.02442731 -0.01741570
v 0.03340495 -0.02516012 -0.01633917
v 0.00141424 -0.02582720 -0.01526380
v 0.00141423 -0.02654917 -0.01397045
v 0.03340496 -0.02536936 -0.01601231
v 0.03340496 -0.02687135 -0.01333906
v 0.00141425 -0.02311493 -0.01912232
v 0.00141425 -0.02419552 -0.01773552
v 0.01210265 -0.02265316 -0.01966810
v 0.01015314 -0.02065632 -0.02175584
v 0.00141429 -0.01550610 -0.02568120
v 0.00925853 -0.01813853 -0.02389548
v 0.00141427 -0.01912774 -0.02311218
v 0.00141429 -0.01527093 -0.02582171
v 0.00141430 -0.01289831 -0.02708550
v 0.00141431 -0.01220215 -0.02740647
v 0.00141434 -0.00562138 -0.02946826
v 0.00141434 -0.00442791 -0.02967113
v 0.00141435 -0.00148074 -0.02996364
v 0.00141435 -0.00295790 -0.02985379
v 0.00141425 -0.02311493 0.01912232
v 0.01045330 -0.02112157 0.02130449
v 0.00141426 -0.02121319 0.02121346
v 0.00141426 -0.02076458 0.02165310
v 0.00141427 -0.02014714 0.02222911
v 0.00141429 -0.01666704 0.02494374
v 0.00141429 -0.01542281 0.02573130
v 0.00900000 -0.01220210 0.02740636
v 0.00900000 -0.00810430 0.02888460
v 0.00141433 -0.00728937 0.02910083
v 0.00900000 -0.00677078 0.02922595
v 0.00141434 -0.00585255 0.02942324
v 0.00141150 -0.00000000 0.02999999
v 0.00141435 -0.00147191 0.02996408
v 0.04036576 -0.02633842 -0.01413319
v 0.04034945 -0.02533682 -0.01587295
v 0.04259972 -0.02527971 -0.01548476
v 0.04039365 -0.02798388 -0.01047592
v 0.04038047 -0.02722231 -0.01233160
v 0.03807230 -0.02637737 -0.01425978
v 0.03809311 -0.02727585 -0.01244479
v 0.03811158 -0.02805044 -0.01057377
v 0.03812730 -0.02869749 -0.00865472
v 0.03813989 -0.02921404 -0.00669774
v 0.04259966 -0.02844021 -0.00836604
v 0.04040490 -0.02861993 -0.00857351
v 0.04041385 -0.02912783 -0.00663397
v 0.04042056 -0.02950495 -0.00466959
v 0.03814932 -0.02959765 -0.00471491
v 0.03340496 -0.02980118 -0.00344811
v 0.03815551 -0.02984689 -0.00271130
v 0.03815836 -0.02996103 -0.00069327
v 0.03815783 -0.02993973 0.00132873
v 0.03815392 -0.02978306 0.00334322
v 0.03814669 -0.02949147 0.00534071
v 0.03340496 -0.02951908 0.00535014
v 0.04042707 -0.02986200 -0.00068657
v 0.04042669 -0.02984107 0.00131591
v 0.04042387 -0.02968715 0.00331100
v 0.04259960 -0.02946892 0.00323120
v 0.04041869 -0.02940059 0.00528949
v 0.04030910 -0.02603710 0.01469287
v 0.04037600 -0.02695741 0.01290421
v 0.04038969 -0.02775783 0.01106477
v 0.04040160 -0.02843364 0.00917618
v 0.04041129 -0.02898211 0.00724704
v 0.04259963 -0.02878929 0.00707181
v 0.03804927 -0.02535964 -0.01601089
v 0.04042501 -0.02974986 -0.00268514
v 0.03813628 -0.02906586 0.00731638
v 0.03812268 -0.02850799 0.00926272
v 0.03808680 -0.02700651 0.01302185
v 0.03810604 -0.02782049 0.01116762
v 0.03799148 -0.02607059 0.01481832
v 0.03340495 -0.02516012 0.01633917
v 0.03799624 -0.02507614 0.01645504
v 0.04259554 -0.02400464 0.01739692
v 0.04031412 -0.02505847 0.01631612
v 0.03799706 -0.02469185 -0.01703067
v 0.04031554 -0.02467895 -0.01688934
v 0.04131861 -0.02400512 -0.01768400
v 0.04057179 -0.02400521 -0.01780793
v 0.04031507 -0.02400524 -0.01784312
f 972 971 64
f 76 118 1754
f 1468 1884 1470
f 1424 1423 1425
f 1883 1943 1882
f 972 1731 1730
f 1730 1731 1732
f 1732 1731 613
f 972 64 613
f 613 1731 972
f 62 64 971
f 971 61 62
f 1813 1815 1952
f 1425 1423 1365
f 1423 1364 1365
f 1745 1743 1777
f 1777 85 1745
f 1777 91 85
f 1777 1743 92
f 1755 76 1754
f 1754 1820 1755
f 76 1755 83
f 1870 1781 1860
f 227 989 198
f 1006 35 1005
f 289 658 657
f 1013 1012 976
f 599 598 1069
f 596 595 1069
f 565 459 417
f 972 1730 1443
f 1443 1730 1442
f 1443 793 972
f 1441 1730 1440
f 1442 1730 1441
f 1440 1910 1441
f 1441 1910 1442
f 1869 1730 1732
f 1781 1870 1869
f 974 616 615
f 612 616 61
f 1742 1743 1740
f 1740 1741 1742
f 1732 613 109
f 109 613 64
f 1816 1815 1771
f 1804 1803 1850
f 1850 1849 1804
f 1850 1803 1852
f 1949 1943 1948
f 1227 1877 1236
f 1954 1811 1953
f 1968 1952 1815
f 1964 1952 1968
f 1261 1872 1725
f 1248 1872 1260
f 1260 1872 1261
f 1250 1876 1252
f 1965 1872 1248
f 1248 1253 1965
f 1020 1023 1132
f 1883 1882 1448
f 1448 1456 1883
f 1426 1365 1364
f 14 16 15
f 616 612 967
f 967 612 61
f 1826 1743 1745
f 1740 1743 1826
f 602 267 638
f 638 1749 602
f 1748 1749 638
f 92 91 642
f 642 1777 92
f 91 1777 642
f 1840 1755 1820
f 1840 1839 1841
f 85 83 643
f 76 83 77
f 1790 1870 1860
f 1790 1869 1870
f 1948 1943 1942
f 1942 1943 1883
f 1939 1934 1937
f 1468 1470 1469
f 793 1443 1909
f 1442 1910 1909
f 1909 1443 1442
f 1839 1840 1838
f 1838 1840 1820
f 1749 1822 1750
f 1750 257 1751
f 602 1749 1750
f 1747 1746 1824
f 1844 1738 1740
f 1781 1738 1844
f 609 155 1739
f 1740 1738 1739
f 1739 155 1740
f 1930 1925 1931
f 1794 1854 1801
f 1855 1854 1794
f 1856 1855 1794
f 1948 1942 1947
f 1947 1802 1948
f 1853 1839 1837
f 1853 1836 1851
f 1837 1836 1853
f 1853 1852 1854
f 1851 1852 1853
f 32 1004 1005
f 25 32 33
f 35 1006 40
f 1771 1871 1764
f 664 398 665
f 48 47 49
f 976 1012 983
f 4 1012 5
f 5 3 4
f 6 3 5
f 10 1013 12
f 10 9 8
f 12 9 10
f 600 599 1069
f 422 599 600
f 600 419 422
f 1069 598 597
f 597 596 1069
f 449 577 578
f 307 290 439
f 446 582 583
f 582 1003 583
f 448 447 449
f 449 578 448
f 291 290 289
f 289 657 291
f 649 293 656
f 656 291 657
f 293 291 656
f 648 649 1069
f 1440 1730 1729
f 1788 1925 1927
f 1737 1738 1781
f 51 640 108
f 607 1742 100
f 1370 1057 1056
f 1040 1038 1039
f 1915 1344 1280
f 1812 1811 1954
f 1784 1811 1812
f 1956 1951 1806
f 1957 1956 1806
f 1808 1956 1957
f 1808 1957 1807
f 1784 1812 1807
f 1807 1812 1808
f 1807 1849 1848
f 1771 1815 1817
f 1817 1871 1771
f 1817 1815 1813
f 1817 1846 1871
f 1346 1913 1269
f 1911 1349 1269
f 1338 1340 1726
f 1918 1728 1073
f 1293 1072 1918
f 1727 1072 1726
f 1726 1968 1727
f 1727 1968 1728
f 1728 1918 1727
f 1727 1918 1072
f 1912 1913 1346
f 1346 1725 1912
f 1056 1057 1310
f 1294 1918 1073
f 1293 1918 1294
f 1176 1298 1297
f 1967 1816 1771
f 558 1080 1771
f 1078 1967 1771
f 1077 1967 1078
f 1073 1728 1070
f 1304 1297 1298
f 473 471 472
f 476 1103 536
f 1809 1804 1849
f 1809 1957 1806
f 1849 1807 1809
f 1809 1807 1957
f 1948 1802 1950
f 1950 1949 1948
f 1950 1802 1803
f 1803 1804 1950
f 1944 1882 1943
f 1943 1949 1944
f 1944 1949 1951
f 1222 1879 1223
f 1227 1223 1878
f 1878 1877 1227
f 1249 1876 1250
f 1249 1236 1877
f 1877 1876 1249
f 1810 1953 1811
f 1813 1952 1810
f 1952 1953 1810
f 1962 1876 1877
f 1964 1876 1962
f 1962 1952 1964
f 1962 1953 1952
f 1261 1354 1320
f 1350 1725 1346
f 1349 1725 1350
f 1346 1269 1350
f 1350 1269 1349
f 1253 1252 1875
f 1875 1876 1964
f 1875 1252 1876
f 1966 1968 1726
f 1726 1725 1966
f 1964 1968 1966
f 1966 1725 1872
f 1872 1965 1966
f 1020 1376 1022
f 1022 1023 1020
f 1029 1028 1027
f 1034 1032 1035
f 1020 1132 1021
f 1021 1376 1020
f 1425 1365 1446
f 1365 1426 1446
f 1446 1424 1425
f 697 667 696
f 18 17 1002
f 1002 19 18
f 1002 618 20
f 20 19 1002
f 12 14 13
f 13 14 15
f 15 718 13
f 615 616 966
f 833 960 961
f 835 833 834
f 1857 1842 1841
f 1857 1861 1842
f 1841 1839 1857
f 1856 1858 1857
f 1857 1858 1861
f 1857 1855 1856
f 1754 118 1778
f 118 606 1778
f 258 257 240
f 1751 257 256
f 256 257 258
f 256 269 267
f 258 269 256
f 1755 1840 1825
f 1825 1826 1745
f 1842 1826 1825
f 1841 1842 1825
f 1825 1840 1841
f 1745 85 1744
f 85 643 1744
f 1756 83 1755
f 1756 643 83
f 1756 1744 643
f 1745 1744 1756
f 1756 1825 1745
f 1755 1825 1756
f 84 83 85
f 84 77 83
f 1884 1887 1933
f 1933 1934 1884
f 1933 1887 1888
f 1929 1925 1788
f 1931 1925 1929
f 1928 1929 1793
f 1938 1939 1937
f 1937 1797 1938
f 1938 1797 1796
f 1941 1939 1938
f 1459 1470 1886
f 1886 1470 1884
f 1884 1934 1886
f 1934 1939 1886
f 794 793 1701
f 793 1909 1701
f 1821 1838 1820
f 1821 1750 1822
f 1746 1819 1831
f 1831 1824 1746
f 1835 1828 1829
f 1836 1828 1835
f 1823 1822 1749
f 1829 1828 1823
f 1822 1823 1827
f 1827 1823 1828
f 1837 1839 1827
f 1839 1838 1827
f 1827 1821 1822
f 1838 1821 1827
f 1843 1826 1842
f 1781 1844 1843
f 1740 1826 1843
f 1843 1844 1740
f 1842 1861 1843
f 1925 1930 1926
f 1926 1927 1925
f 1931 1889 1896
f 1896 1930 1931
f 1798 1794 1801
f 1935 1797 1937
f 1795 1794 1796
f 1796 1797 1795
f 1856 1794 1795
f 1795 1858 1856
f 1785 1858 1795
f 1795 1935 1785
f 1797 1935 1795
f 1862 1854 1855
f 1862 1853 1854
f 1839 1853 1862
f 1855 1857 1862
f 1862 1857 1839
f 26 32 25
f 1004 32 26
f 580 1003 581
f 581 1003 582
f 581 448 580
f 581 582 446
f 446 448 581
f 576 451 575
f 576 577 449
f 37 32 1005
f 37 33 32
f 1005 35 37
f 289 290 389
f 389 290 307
f 989 1008 1007
f 1007 40 1006
f 278 987 251
f 988 1008 989
f 251 987 988
f 988 233 251
f 988 989 227
f 227 233 988
f 1005 1004 998
f 994 1006 1005
f 1005 998 994
f 621 414 413
f 469 471 410
f 469 410 559
f 559 410 411
f 1747 635 177
f 1762 175 645
f 1757 632 1758
f 1758 1759 1757
f 1771 1764 1772
f 1772 558 1771
f 623 558 1772
f 391 674 673
f 668 667 697
f 695 674 713
f 35 40 39
f 391 326 390
f 666 395 670
f 671 670 392
f 392 670 395
f 392 326 391
f 21 48 49
f 22 48 21
f 43 22 42
f 43 48 22
f 1008 48 43
f 1010 47 1009
f 47 48 1009
f 1009 987 1010
f 1009 48 1008
f 1008 988 1009
f 1009 988 987
f 2 4 3
f 724 725 349
f 7 6 5
f 1013 10 7
f 8 6 7
f 7 10 8
f 5 1012 7
f 1012 1013 7
f 601 600 1069
f 419 600 601
f 594 430 432
f 454 453 452
f 452 451 450
f 450 576 449
f 451 576 450
f 449 447 450
f 447 479 450
f 592 1003 24
f 592 591 1003
f 589 1003 590
f 1003 591 590
f 589 590 338
f 446 587 338
f 338 590 591
f 338 592 24
f 591 592 338
f 443 494 477
f 443 442 505
f 505 494 443
f 585 446 584
f 446 583 584
f 584 1003 585
f 584 583 1003
f 447 448 445
f 445 448 446
f 580 448 579
f 579 448 578
f 579 1003 580
f 579 578 1003
f 292 291 293
f 292 439 290
f 290 291 292
f 295 648 1069
f 295 293 649
f 649 648 295
f 282 236 283
f 1786 1729 1730
f 1971 1729 1786
f 1927 1926 1786
f 1787 1790 1788
f 1788 1927 1787
f 1869 1790 1787
f 1927 1786 1787
f 1730 1869 1787
f 1787 1786 1730
f 1781 1869 1735
f 1735 1737 1781
f 1735 1869 1732
f 1735 640 51
f 1736 1738 610
f 1738 1737 610
f 610 1735 51
f 1737 1735 610
f 74 62 61
f 64 62 74
f 974 52 63
f 61 616 63
f 616 974 63
f 63 74 61
f 52 74 63
f 12 1013 1014
f 15 16 1015
f 1015 17 15
f 1015 1002 17
f 974 1002 1015
f 939 835 938
f 960 833 939
f 833 835 939
f 1732 109 1733
f 109 108 1733
f 1734 108 640
f 1734 1735 1732
f 640 1735 1734
f 1732 1733 1734
f 1734 1733 108
f 1178 1298 1176
f 1085 1084 1324
f 1038 1040 1087
f 1955 1956 1808
f 1955 1812 1954
f 1808 1812 1955
f 1956 1955 1960
f 1847 1846 1784
f 1847 1807 1848
f 1784 1807 1847
f 1814 1817 1813
f 1846 1817 1814
f 1813 1810 1814
f 1814 1810 1811
f 1814 1811 1784
f 1784 1846 1814
f 1127 1147 1272
f 1141 1127 1128
f 1045 1121 1044
f 1047 1045 1044
f 1339 1338 1726
f 1338 1339 1917
f 1726 1340 1341
f 1341 1342 1726
f 1726 1342 1343
f 1343 1725 1726
f 1344 1725 1343
f 1343 1280 1344
f 1343 1342 1280
f 1913 1912 1914
f 1345 1725 1344
f 1345 1344 1915
f 1915 1914 1345
f 1057 1370 1083
f 1176 1297 1302
f 1816 1967 1770
f 1728 1968 1770
f 1815 1816 1770
f 1770 1968 1815
f 473 472 474
f 408 473 474
f 474 558 408
f 1336 1080 1924
f 1080 558 1924
f 1771 1080 1079
f 1079 1078 1771
f 1079 1080 1336
f 1336 1078 1079
f 1076 1070 1728
f 1728 1770 1076
f 1076 1770 1075
f 1305 1294 1073
f 1073 1070 1305
f 459 483 461
f 461 483 460
f 417 459 461
f 542 531 541
f 541 430 542
f 432 430 541
f 514 515 500
f 514 500 499
f 1069 595 593
f 593 647 1069
f 593 594 647
f 463 462 484
f 484 485 463
f 484 483 499
f 499 500 484
f 500 485 484
f 460 483 484
f 484 462 460
f 1069 1067 1068
f 1068 601 1069
f 1066 1052 1051
f 1066 1067 1069
f 1100 1067 1066
f 1103 476 1102
f 1100 1066 1065
f 1065 1066 1051
f 1051 1052 1053
f 1053 1065 1051
f 1314 1065 1053
f 1951 1949 1805
f 1949 1950 1805
f 1806 1951 1805
f 1805 1950 1804
f 1805 1809 1806
f 1804 1809 1805
f 1209 1222 1223
f 1210 1222 1209
f 1223 1879 1961
f 1961 1878 1223
f 1879 1960 1961
f 1961 1960 1955
f 1961 1955 1954
f 1030 1386 1032
f 1251 1252 1253
f 1250 1252 1251
f 1091 1030 1032
f 1237 1249 1250
f 1250 1251 1237
f 1358 1357 1261
f 1725 1357 1358
f 1356 1357 1725
f 1261 1357 1356
f 1348 1725 1349
f 1348 1351 1725
f 1348 1349 1911
f 1911 1351 1348
f 1354 1725 1873
f 1873 1320 1354
f 1874 1965 1253
f 1253 1875 1874
f 1874 1966 1965
f 1874 1875 1964
f 1964 1966 1874
f 1201 1448 1882
f 1882 1211 1201
f 1882 1944 1881
f 1881 1211 1882
f 1207 1139 1150
f 1456 1462 1885
f 1941 1942 1885
f 1883 1456 1885
f 1885 1942 1883
f 1460 1462 1456
f 1036 1093 1034
f 1034 1035 1036
f 1207 1209 1221
f 1452 1428 818
f 1452 1426 1364
f 1364 1428 1452
f 1452 1446 1426
f 1427 1428 1364
f 1361 1428 1427
f 654 655 1427
f 646 1361 1427
f 1427 655 646
f 1427 689 691
f 784 1361 646
f 699 698 725
f 699 713 674
f 674 698 699
f 680 678 679
f 843 844 949
f 20 952 846
f 949 844 948
f 844 959 948
f 948 618 949
f 948 959 618
f 956 618 957
f 957 846 956
f 618 1002 617
f 617 1002 974
f 960 939 617
f 617 939 938
f 961 960 617
f 762 766 765
f 11 9 12
f 12 13 11
f 11 13 718
f 970 61 971
f 970 969 61
f 971 822 970
f 968 967 61
f 61 969 968
f 961 963 962
f 962 833 961
f 965 831 964
f 965 966 831
f 615 966 965
f 654 1427 789
f 837 840 838
f 837 835 834
f 942 941 838
f 838 840 942
f 942 617 941
f 942 839 943
f 840 839 942
f 943 618 942
f 618 617 942
f 838 941 836
f 836 837 838
f 835 837 836
f 938 835 836
f 1752 603 243
f 644 1750 1751
f 1751 256 644
f 602 1750 644
f 644 267 602
f 644 256 267
f 122 69 70
f 70 81 122
f 122 81 82
f 121 239 67
f 121 81 70
f 67 239 68
f 68 66 67
f 605 606 118
f 605 1778 606
f 1754 1778 605
f 1515 1469 1512
f 1532 1896 1533
f 1533 1896 1889
f 1888 1471 1472
f 1471 1473 1472
f 1472 1889 1888
f 1472 1533 1889
f 1473 1533 1472
f 1464 1473 1471
f 1502 1521 1519
f 1502 1519 1501
f 1501 1519 1517
f 1501 1517 1516
f 1932 1933 1888
f 1928 1933 1932
f 1932 1889 1931
f 1888 1889 1932
f 1931 1929 1932
f 1932 1929 1928
f 1860 1858 1791
f 1791 1858 1785
f 1791 1790 1860
f 1722 1430 1431
f 1377 1378 1373
f 1479 1378 1377
f 1374 1390 1399
f 1750 1821 1753
f 1753 1820 1754
f 1753 1821 1820
f 1754 605 1753
f 257 1750 1753
f 1753 603 1752
f 1753 605 603
f 1752 240 1753
f 1753 240 257
f 1760 1759 1761
f 1760 175 1762
f 1824 1831 1830
f 1829 1823 1830
f 1749 1824 1830
f 1830 1823 1749
f 1863 1852 1851
f 1850 1852 1863
f 1851 1836 1863
f 1836 1835 1863
f 1863 1849 1850
f 1834 1863 1835
f 1834 1835 1829
f 1859 1843 1861
f 1859 1858 1860
f 1861 1858 1859
f 1860 1781 1859
f 1781 1843 1859
f 1970 1972 1971
f 1971 1786 1970
f 1970 1786 1926
f 1969 1724 1723
f 1722 1970 1723
f 1723 1970 1969
f 1930 1895 1958
f 1958 1926 1930
f 1969 1970 1958
f 1958 1970 1926
f 1796 1794 1799
f 1794 1798 1799
f 1799 1938 1796
f 1800 1798 1801
f 1801 1803 1800
f 1803 1802 1800
f 1802 1947 1800
f 1947 1798 1800
f 1941 1938 1959
f 1959 1798 1947
f 1938 1799 1959
f 1959 1799 1798
f 1959 1942 1941
f 1959 1947 1942
f 1936 1935 1937
f 1936 1933 1928
f 1937 1934 1936
f 1934 1933 1936
f 1785 1935 1792
f 1792 1791 1785
f 1793 1791 1792
f 1928 1793 1792
f 1792 1936 1928
f 1935 1936 1792
f 1004 26 1016
f 27 26 25
f 25 336 27
f 28 26 27
f 27 336 28
f 416 622 417
f 417 461 416
f 416 461 460
f 463 414 415
f 415 462 463
f 460 462 415
f 415 416 460
f 566 457 565
f 585 1003 586
f 1003 587 586
f 586 446 585
f 586 587 446
f 588 1003 589
f 588 587 1003
f 589 338 588
f 588 338 587
f 575 451 574
f 574 451 452
f 452 453 574
f 455 568 569
f 569 454 455
f 569 570 453
f 453 454 569
f 351 360 361
f 312 340 311
f 214 215 203
f 1006 994 992
f 989 1007 992
f 992 1007 1006
f 212 994 998
f 621 413 412
f 465 414 463
f 465 413 414
f 409 410 471
f 409 473 408
f 409 471 473
f 560 559 411
f 560 561 468
f 411 561 560
f 206 215 214
f 637 1776 248
f 214 219 633
f 1758 632 633
f 633 1759 1758
f 391 673 672
f 671 392 672
f 672 392 391
f 675 674 695
f 675 673 674
f 676 669 700
f 710 676 700
f 709 676 710
f 397 395 666
f 666 665 397
f 397 665 398
f 401 663 662
f 311 340 341
f 352 351 361
f 340 351 352
f 352 341 340
f 341 352 354
f 33 37 31
f 356 354 363
f 347 390 326
f 349 725 347
f 716 698 674
f 716 674 391
f 391 390 716
f 390 347 716
f 725 698 716
f 716 347 725
f 394 395 325
f 394 392 395
f 40 1007 45
f 45 1007 1008
f 1008 43 45
f 284 986 984
f 985 984 986
f 721 385 720
f 49 47 327
f 481 482 455
f 455 454 481
f 481 454 452
f 478 479 447
f 477 494 478
f 447 445 478
f 478 445 477
f 29 28 337
f 337 23 29
f 24 23 337
f 28 336 387
f 33 379 387
f 25 33 387
f 387 336 25
f 339 340 307
f 307 439 339
f 444 477 377
f 444 443 477
f 359 441 442
f 359 440 441
f 360 351 359
f 359 351 440
f 305 338 24
f 446 338 305
f 305 445 446
f 496 507 508
f 505 523 506
f 506 494 505
f 296 436 437
f 524 506 523
f 507 506 524
f 1069 298 297
f 297 295 1069
f 296 295 297
f 455 482 456
f 482 457 456
f 457 566 456
f 301 302 298
f 301 298 1069
f 1069 647 301
f 134 135 158
f 94 91 92
f 94 93 91
f 155 131 157
f 162 163 172
f 128 130 129
f 69 122 129
f 238 236 282
f 238 130 236
f 69 129 238
f 238 129 130
f 284 283 235
f 235 283 236
f 71 154 235
f 70 69 281
f 69 238 281
f 282 280 281
f 281 238 282
f 277 278 251
f 282 283 275
f 276 262 275
f 275 262 273
f 275 280 282
f 273 280 275
f 1736 610 611
f 611 1738 1736
f 611 1739 1738
f 73 109 64
f 64 74 73
f 981 1000 1001
f 974 1015 1001
f 1017 14 12
f 12 1014 1017
f 1017 1014 981
f 16 14 1017
f 1017 1015 16
f 981 1001 1017
f 1017 1001 1015
f 951 952 20
f 618 952 951
f 132 113 131
f 131 611 132
f 132 611 610
f 133 113 134
f 131 113 133
f 133 157 131
f 1059 1370 1060
f 1060 1084 1059
f 1059 1083 1370
f 1084 1083 1059
f 1175 1174 1165
f 1176 1302 1175
f 1175 1302 1174
f 1063 1163 1324
f 1323 1369 1038
f 1323 1087 1086
f 1038 1087 1323
f 1064 1369 1323
f 1323 1063 1064
f 1086 1163 1323
f 1163 1063 1323
f 1272 1147 1148
f 1128 1127 1129
f 1129 1118 1130
f 1270 1269 1913
f 1911 1269 1270
f 1041 1044 1043
f 1039 1038 1041
f 1041 1098 1039
f 1113 1098 1041
f 1726 1072 1071
f 1071 1339 1726
f 1176 1175 1168
f 1168 1175 1165
f 1166 1168 1165
f 1176 1168 1170
f 1292 1072 1293
f 1292 1071 1072
f 1162 1914 1915
f 1162 1148 1147
f 1147 1127 1321
f 1127 1141 1321
f 1141 1270 1321
f 1347 1912 1725
f 1725 1345 1347
f 1347 1914 1912
f 1347 1345 1914
f 1058 1310 1057
f 1057 1083 1058
f 1058 1083 1310
f 1300 1084 1085
f 1300 1083 1084
f 1310 1083 1082
f 1083 1300 1082
f 1296 1302 1301
f 1301 1300 1296
f 1296 1300 1085
f 1174 1302 1296
f 1301 1302 1308
f 1075 1770 1919
f 1919 1312 1075
f 1921 1770 1967
f 1921 1919 1770
f 558 474 1923
f 1923 1924 558
f 1070 1076 1306
f 1306 1305 1070
f 1294 1305 1299
f 1298 1178 1299
f 1299 1304 1298
f 497 457 482
f 482 511 497
f 497 483 459
f 431 593 595
f 430 594 431
f 594 593 431
f 519 517 535
f 424 599 422
f 598 599 424
f 470 471 469
f 470 491 471
f 469 559 470
f 559 491 470
f 519 520 503
f 518 517 519
f 519 503 518
f 518 501 517
f 532 531 542
f 513 514 499
f 531 532 513
f 513 532 514
f 1100 1102 420
f 420 1102 476
f 420 1067 1100
f 420 1068 1067
f 1054 1052 1056
f 1056 1310 1055
f 1310 1180 1055
f 1055 1054 1056
f 1180 1054 1055
f 549 476 536
f 536 520 549
f 549 520 519
f 519 535 549
f 1103 1102 1331
f 1332 1334 1106
f 1877 1878 1963
f 1878 1961 1963
f 1963 1961 1954
f 1963 1962 1877
f 1954 1953 1963
f 1953 1962 1963
f 1140 1320 1911
f 1257 1259 1140
f 1261 1320 1140
f 1140 1259 1261
f 1911 1270 1140
f 1047 1386 1049
f 1047 1049 1048
f 1247 1251 1253
f 1247 1253 1248
f 1247 1256 1246
f 1033 1091 1032
f 1093 1091 1033
f 1033 1032 1034
f 1034 1093 1033
f 1359 1358 1261
f 1355 1725 1354
f 1355 1356 1725
f 1355 1354 1261
f 1261 1356 1355
f 1353 1873 1725
f 1320 1873 1353
f 1946 1214 1213
f 1213 1881 1946
f 1208 1214 1210
f 1210 1209 1208
f 1208 1209 1207
f 1207 1150 1208
f 1027 1026 1360
f 1025 1022 1360
f 1360 1024 1025
f 1027 1028 1096
f 1096 1026 1027
f 1026 1096 1109
f 1109 1360 1026
f 1024 1360 1109
f 1206 1216 1204
f 1025 1024 1123
f 1123 1132 1023
f 1024 1109 1123
f 1023 1022 1123
f 1123 1022 1025
f 1123 1205 1132
f 1123 1134 1205
f 1203 1150 1139
f 1139 1195 1203
f 1138 1198 1197
f 1388 1029 1375
f 1461 1885 1462
f 1462 1460 1461
f 1512 1469 1510
f 1509 1510 1460
f 1508 1511 1509
f 1511 1510 1509
f 1220 1139 1207
f 1220 1204 1139
f 1206 1204 1220
f 1226 1209 1223
f 1226 1221 1209
f 652 1427 651
f 653 1427 652
f 651 1427 650
f 650 1427 693
f 692 1427 691
f 693 1427 692
f 818 1428 1453
f 1453 784 818
f 1453 1428 1361
f 1361 784 1453
f 685 682 684
f 686 685 687
f 687 685 684
f 687 795 800
f 691 689 688
f 684 734 796
f 796 687 684
f 795 687 796
f 926 909 925
f 799 798 691
f 693 692 802
f 700 669 1363
f 667 668 1363
f 1363 668 700
f 844 843 842
f 842 843 841
f 949 618 946
f 946 843 949
f 944 618 943
f 944 947 618
f 943 839 944
f 841 947 944
f 875 893 876
f 20 846 749
f 741 909 926
f 845 959 844
f 844 842 845
f 845 749 846
f 860 749 845
f 618 959 958
f 958 957 618
f 846 957 958
f 959 845 958
f 958 845 846
f 15 17 751
f 751 752 15
f 751 17 18
f 702 681 680
f 614 974 615
f 614 617 974
f 964 963 614
f 614 963 961
f 961 617 614
f 615 965 614
f 614 965 964
f 940 617 938
f 941 617 940
f 938 836 940
f 940 836 941
f 772 765 766
f 762 765 763
f 763 718 15
f 15 752 763
f 764 11 718
f 718 763 764
f 764 763 765
f 9 11 764
f 8 9 764
f 967 968 826
f 825 827 826
f 826 827 967
f 824 968 969
f 832 962 963
f 964 831 832
f 832 963 964
f 864 879 880
f 820 793 794
f 794 819 820
f 820 971 972
f 972 793 820
f 820 822 971
f 820 819 822
f 792 784 646
f 646 655 792
f 818 784 792
f 787 1427 653
f 787 789 1427
f 787 653 788
f 788 817 787
f 787 817 789
f 831 966 830
f 967 827 973
f 616 967 973
f 973 966 616
f 973 830 966
f 827 830 973
f 868 869 851
f 788 653 786
f 653 652 786
f 873 875 859
f 259 272 271
f 271 258 259
f 271 269 258
f 247 270 261
f 270 271 261
f 261 271 272
f 604 240 1752
f 1752 243 604
f 604 243 240
f 82 81 79
f 79 126 82
f 79 121 67
f 81 121 79
f 67 66 79
f 66 78 79
f 80 126 79
f 79 78 80
f 84 87 86
f 80 77 86
f 77 84 86
f 146 87 84
f 146 84 85
f 85 91 146
f 91 93 146
f 127 122 82
f 259 239 286
f 286 272 259
f 286 280 273
f 273 272 286
f 242 68 239
f 259 258 242
f 242 239 259
f 242 243 603
f 258 240 242
f 240 243 242
f 120 78 66
f 118 76 120
f 76 77 120
f 120 77 80
f 80 78 120
f 1468 1469 1526
f 1469 1515 1526
f 1513 1515 1512
f 1514 1515 1513
f 1512 1510 1513
f 1513 1510 1511
f 1497 1513 1511
f 1514 1513 1497
f 1480 1499 1491
f 1397 1378 1479
f 1521 1523 1522
f 1522 1519 1521
f 1888 1887 1463
f 1463 1471 1888
f 1463 1464 1471
f 1887 1465 1463
f 1465 1464 1463
f 1790 1791 1789
f 1789 1791 1793
f 1788 1790 1789
f 1789 1929 1788
f 1789 1793 1929
f 1722 1431 1973
f 1973 1431 1972
f 1973 1970 1722
f 1972 1970 1973
f 1972 1431 1432
f 1479 1377 1396
f 1396 1377 1373
f 1501 1499 1500
f 1502 1501 1500
f 1500 1492 1502
f 1500 1480 1481
f 1500 1499 1480
f 1848 1849 1864
f 1849 1863 1864
f 1863 1834 1864
f 1833 1831 1819
f 1833 1834 1829
f 1829 1830 1833
f 1833 1830 1831
f 1429 1430 1722
f 1892 1553 1969
f 1969 1958 1892
f 1892 1958 1895
f 1530 1892 1895
f 1553 1892 1530
f 620 1016 1003
f 570 569 620
f 620 569 568
f 575 574 620
f 620 576 575
f 577 576 620
f 620 578 577
f 1003 578 620
f 997 998 1004
f 1004 1016 997
f 997 620 622
f 1016 620 997
f 29 23 30
f 30 28 29
f 30 23 24
f 30 26 28
f 30 1016 26
f 24 1003 30
f 1003 1016 30
f 567 566 622
f 567 620 568
f 622 620 567
f 567 456 566
f 567 568 455
f 455 456 567
f 418 565 417
f 418 566 565
f 417 622 418
f 622 566 418
f 661 660 403
f 403 405 661
f 659 660 658
f 659 658 289
f 659 403 660
f 289 389 659
f 404 312 311
f 311 405 404
f 405 403 404
f 307 340 388
f 340 312 388
f 388 312 308
f 388 389 307
f 388 659 389
f 308 403 388
f 403 659 388
f 49 385 383
f 385 376 383
f 326 392 393
f 393 394 325
f 392 394 393
f 384 385 721
f 721 722 384
f 384 722 367
f 384 376 385
f 365 376 384
f 384 367 365
f 349 348 366
f 366 724 349
f 214 203 220
f 220 219 214
f 220 203 202
f 224 230 197
f 408 558 208
f 195 216 217
f 224 197 217
f 217 196 195
f 217 197 196
f 184 216 211
f 211 216 195
f 184 628 1783
f 628 1763 1783
f 1783 1763 1764
f 1783 1764 1871
f 989 992 990
f 994 212 993
f 195 196 993
f 993 212 195
f 463 485 464
f 464 465 463
f 466 412 413
f 413 465 466
f 465 464 466
f 466 464 485
f 215 206 173
f 205 206 214
f 244 270 247
f 267 269 266
f 266 638 267
f 1748 638 266
f 178 633 219
f 180 630 1761
f 1766 1768 1767
f 1766 1760 1762
f 1762 1765 1766
f 1765 181 1766
f 695 696 694
f 694 675 695
f 694 696 667
f 678 669 677
f 669 676 677
f 679 678 677
f 677 707 679
f 731 710 700
f 753 759 760
f 760 759 767
f 760 766 762
f 760 767 766
f 770 710 769
f 325 395 320
f 395 321 320
f 396 397 322
f 322 321 396
f 395 397 396
f 396 321 395
f 316 401 314
f 334 379 33
f 33 31 334
f 38 31 37
f 38 334 31
f 362 363 354
f 362 352 361
f 362 354 352
f 346 347 326
f 326 393 346
f 346 348 349
f 349 347 346
f 325 348 346
f 346 393 325
f 54 154 153
f 153 154 71
f 1018 983 1012
f 1018 985 983
f 1012 4 1018
f 1010 985 1018
f 1018 47 1010
f 1018 4 47
f 285 985 986
f 285 235 154
f 285 154 983
f 983 985 285
f 285 986 284
f 284 235 285
f 1011 985 1010
f 1010 987 1011
f 279 984 1011
f 984 985 1011
f 1011 278 279
f 987 278 1011
f 328 385 49
f 49 327 328
f 328 720 385
f 328 719 720
f 724 366 723
f 367 722 723
f 723 366 367
f 725 724 714
f 714 699 725
f 713 699 714
f 695 713 714
f 386 337 28
f 28 387 386
f 386 387 378
f 386 444 377
f 378 444 386
f 386 377 24
f 24 337 386
f 378 387 369
f 361 360 369
f 360 378 369
f 369 387 379
f 350 351 340
f 340 339 350
f 440 351 350
f 441 440 350
f 442 443 368
f 443 444 368
f 368 444 378
f 368 378 360
f 24 377 304
f 304 305 24
f 377 477 304
f 477 445 304
f 445 305 304
f 480 481 452
f 479 496 480
f 452 450 480
f 480 450 479
f 509 496 508
f 481 480 509
f 509 480 496
f 494 506 495
f 479 478 495
f 495 478 494
f 495 496 479
f 507 496 495
f 495 506 507
f 537 437 436
f 294 292 293
f 293 295 294
f 294 295 296
f 296 437 294
f 299 297 298
f 296 297 299
f 299 436 296
f 299 435 436
f 161 162 107
f 161 163 162
f 139 163 161
f 161 138 139
f 116 138 135
f 160 158 135
f 135 138 160
f 138 161 160
f 101 94 92
f 155 157 608
f 608 1741 1740
f 1740 155 608
f 608 1742 1741
f 608 100 1742
f 53 154 54
f 54 165 53
f 983 154 53
f 976 983 53
f 53 165 976
f 976 55 58
f 162 172 150
f 279 278 288
f 278 277 288
f 284 984 288
f 288 984 279
f 169 155 609
f 609 1739 169
f 1739 611 169
f 169 131 155
f 169 611 131
f 110 108 109
f 109 73 110
f 140 74 52
f 140 73 74
f 20 618 950
f 950 951 20
f 618 951 950
f 953 952 618
f 618 954 953
f 953 846 952
f 953 954 846
f 956 846 955
f 846 954 955
f 955 618 956
f 955 954 618
f 134 113 136
f 104 157 168
f 157 133 168
f 168 158 104
f 134 158 168
f 168 133 134
f 1324 1163 1295
f 1085 1324 1295
f 1295 1296 1085
f 1174 1296 1295
f 1064 1063 1062
f 1062 1369 1064
f 1062 1063 1324
f 1060 1370 1062
f 1116 1129 1127
f 1118 1129 1116
f 1116 1127 1272
f 1043 1114 1042
f 1042 1114 1113
f 1042 1041 1043
f 1113 1041 1042
f 1043 1044 1122
f 1122 1114 1043
f 1122 1044 1121
f 1121 1114 1122
f 1119 1121 1120
f 1119 1114 1121
f 1120 1118 1119
f 1113 1114 1119
f 1099 1040 1039
f 1039 1098 1099
f 1099 1087 1040
f 1099 1098 1113
f 1291 1917 1339
f 1339 1071 1291
f 1071 1292 1291
f 1086 1087 1164
f 1164 1166 1165
f 1293 1294 1179
f 1294 1299 1179
f 1179 1299 1178
f 1148 1162 1278
f 1915 1280 1278
f 1278 1162 1915
f 1271 1162 1147
f 1147 1321 1271
f 1914 1162 1271
f 1913 1914 1271
f 1271 1270 1913
f 1271 1321 1270
f 1188 1181 1190
f 1190 1189 1188
f 1077 1318 1074
f 1074 1967 1077
f 1074 1921 1967
f 1919 1921 1920
f 1312 1919 1920
f 1920 1186 1312
f 1311 1306 1076
f 1075 1312 1311
f 1311 1076 1075
f 1312 1186 1311
f 1305 1306 1307
f 1307 1299 1305
f 1304 1299 1307
f 1306 1311 1307
f 1307 1186 1304
f 1307 1311 1186
f 565 457 458
f 457 497 458
f 459 565 458
f 458 497 459
f 531 513 512
f 426 597 598
f 598 424 426
f 423 425 426
f 426 424 423
f 491 503 504
f 504 503 520
f 490 491 559
f 490 503 491
f 490 518 503
f 1101 420 419
f 1068 420 1101
f 419 601 1101
f 601 1068 1101
f 1052 1054 1325
f 1325 1054 1180
f 422 419 421
f 419 420 421
f 421 547 423
f 421 424 422
f 423 424 421
f 1328 1331 1102
f 1107 1106 1334
f 1107 521 1106
f 1103 1331 1104
f 536 1103 1104
f 1248 1260 1258
f 1258 1247 1248
f 1256 1247 1258
f 1258 1260 1261
f 1261 1259 1258
f 1258 1259 1257
f 1257 1256 1258
f 1050 1049 1386
f 1386 1089 1050
f 1050 1089 1088
f 1088 1048 1050
f 1050 1048 1049
f 1030 1091 1031
f 1091 1089 1031
f 1386 1030 1031
f 1031 1089 1386
f 1046 1045 1047
f 1047 1048 1046
f 1046 1121 1045
f 1161 1247 1246
f 1251 1247 1161
f 1161 1237 1251
f 1725 1358 1775
f 1261 1725 1775
f 1320 1353 1352
f 1911 1320 1352
f 1352 1351 1911
f 1725 1351 1352
f 1352 1353 1725
f 1200 1201 1211
f 1448 1201 1200
f 1214 1946 1880
f 1210 1214 1880
f 1880 1960 1879
f 1880 1222 1210
f 1879 1222 1880
f 1945 1881 1944
f 1945 1946 1881
f 1945 1944 1951
f 1951 1956 1945
f 1956 1960 1945
f 1960 1880 1945
f 1945 1880 1946
f 1133 1109 1096
f 1134 1123 1133
f 1133 1123 1109
f 1262 1133 1135
f 1134 1133 1262
f 1262 1204 1216
f 1205 1134 1262
f 1262 1216 1205
f 1196 1197 1195
f 1196 1262 1135
f 1204 1262 1196
f 1196 1195 1139
f 1139 1204 1196
f 1212 1881 1213
f 1211 1881 1212
f 1213 1214 1151
f 1214 1208 1151
f 1151 1212 1213
f 1151 1208 1150
f 1150 1203 1151
f 1202 1200 1211
f 1198 1200 1202
f 1211 1212 1202
f 1212 1151 1202
f 1199 1203 1195
f 1195 1197 1199
f 1199 1151 1203
f 1199 1202 1151
f 1199 1197 1198
f 1198 1202 1199
f 1389 1388 1375
f 1375 1390 1389
f 1028 1029 1455
f 1029 1388 1455
f 1455 1388 1454
f 1488 1487 1475
f 1475 1490 1488
f 1490 1497 1488
f 1496 1497 1511
f 1496 1488 1497
f 1507 1198 1138
f 1138 1126 1507
f 1507 1126 1547
f 1550 1511 1508
f 1550 1496 1511
f 1487 1488 1550
f 1488 1496 1550
f 1487 1550 1486
f 1459 1886 1940
f 1940 1461 1459
f 1885 1461 1940
f 1940 1886 1939
f 1940 1939 1941
f 1941 1885 1940
f 1458 1461 1460
f 1460 1510 1458
f 1459 1461 1458
f 1458 1510 1469
f 1458 1470 1459
f 1458 1469 1470
f 1379 1035 1376
f 1094 1036 1035
f 1093 1036 1094
f 1376 1021 1019
f 1019 1379 1376
f 1263 1379 1019
f 880 879 896
f 785 652 651
f 815 786 785
f 785 786 652
f 812 650 808
f 811 651 812
f 651 650 812
f 691 688 690
f 690 687 800
f 690 688 686
f 686 687 690
f 690 799 691
f 800 799 690
f 795 796 797
f 876 893 894
f 800 795 927
f 795 797 927
f 926 925 927
f 927 797 926
f 809 650 693
f 808 650 809
f 691 798 804
f 804 692 691
f 872 837 834
f 834 855 872
f 874 842 859
f 859 875 874
f 874 875 876
f 876 860 874
f 860 845 874
f 874 845 842
f 618 947 945
f 945 946 618
f 945 947 841
f 841 843 945
f 843 946 945
f 841 944 858
f 858 944 839
f 859 842 858
f 858 842 841
f 858 839 840
f 739 741 738
f 738 753 739
f 877 860 876
f 876 894 877
f 877 894 895
f 744 860 877
f 747 877 895
f 748 751 18
f 18 19 748
f 748 19 20
f 20 749 748
f 746 747 743
f 683 734 684
f 684 682 683
f 683 701 734
f 683 702 701
f 682 681 683
f 681 702 683
f 766 767 773
f 773 772 766
f 771 6 8
f 771 772 6
f 8 764 771
f 765 772 771
f 771 764 765
f 6 772 780
f 772 773 780
f 720 719 780
f 823 826 968
f 968 824 823
f 825 826 823
f 881 864 880
f 879 864 878
f 864 863 878
f 937 911 818
f 818 792 937
f 654 789 790
f 789 817 790
f 900 885 899
f 886 885 900
f 867 886 868
f 867 885 886
f 868 851 850
f 850 867 868
f 848 867 850
f 828 830 827
f 828 827 825
f 866 828 825
f 848 828 866
f 852 832 831
f 962 832 852
f 788 786 816
f 816 786 815
f 887 869 868
f 868 886 887
f 840 837 856
f 837 872 856
f 798 923 921
f 88 86 87
f 88 126 80
f 80 86 88
f 82 126 88
f 88 127 82
f 95 146 93
f 87 146 95
f 93 94 95
f 239 121 260
f 260 286 239
f 260 121 70
f 70 281 260
f 260 281 280
f 280 286 260
f 603 605 65
f 65 242 603
f 1466 1884 1468
f 1468 1526 1466
f 1466 1526 1465
f 1466 1887 1884
f 1466 1465 1887
f 1489 1490 1475
f 1475 1476 1489
f 1489 1491 1490
f 1476 1491 1489
f 1391 1390 1374
f 1374 1476 1391
f 1374 1399 1398
f 1398 1476 1374
f 1552 1501 1516
f 1552 1499 1501
f 1516 1514 1552
f 1490 1491 1498
f 1498 1491 1499
f 1477 1398 1399
f 1477 1491 1476
f 1476 1398 1477
f 1478 1397 1479
f 1479 1481 1478
f 1481 1480 1478
f 1480 1491 1478
f 1491 1477 1478
f 1532 1533 1528
f 1528 1533 1473
f 1473 1522 1528
f 1524 1522 1523
f 1517 1519 1520
f 1520 1518 1517
f 1520 1522 1473
f 1519 1522 1520
f 1473 1464 1520
f 1464 1518 1520
f 1516 1517 1527
f 1517 1518 1527
f 1527 1518 1464
f 1527 1514 1516
f 1527 1515 1514
f 1387 1393 1385
f 1504 1521 1502
f 1504 1523 1521
f 1395 1394 1484
f 1868 1767 1769
f 1769 1783 1868
f 1871 1846 1868
f 1868 1783 1871
f 1759 1760 1832
f 1760 1766 1832
f 1832 1766 1867
f 1848 1864 1865
f 1834 1833 1782
f 1782 1832 1867
f 1759 1832 1782
f 1782 1757 1759
f 1819 1757 1782
f 1782 1833 1819
f 1724 1715 1714
f 1714 1713 1724
f 1891 1724 1969
f 1891 1898 1724
f 1969 1553 1891
f 1553 1898 1891
f 570 620 571
f 453 570 571
f 998 997 190
f 189 211 190
f 621 997 999
f 999 997 622
f 999 414 621
f 999 415 414
f 622 416 999
f 416 415 999
f 308 312 313
f 312 404 313
f 313 403 308
f 313 404 403
f 22 21 329
f 329 383 22
f 329 21 49
f 49 383 329
f 202 232 231
f 231 220 202
f 410 409 188
f 411 410 188
f 188 409 408
f 408 208 188
f 182 181 174
f 174 645 175
f 174 181 1765
f 1762 645 174
f 174 1765 1762
f 224 229 234
f 220 231 234
f 219 220 234
f 234 229 219
f 234 230 224
f 234 231 230
f 182 174 223
f 223 174 229
f 223 229 224
f 224 217 223
f 223 217 216
f 184 211 210
f 209 211 189
f 209 210 211
f 623 1772 209
f 209 1772 1764
f 209 558 623
f 209 208 558
f 216 186 183
f 183 223 216
f 183 1768 641
f 218 990 992
f 196 197 218
f 197 990 218
f 225 197 230
f 225 990 197
f 994 993 194
f 194 993 196
f 194 992 994
f 196 218 194
f 194 218 992
f 563 412 564
f 412 466 564
f 487 564 466
f 247 173 207
f 207 173 206
f 207 244 247
f 176 633 632
f 176 1757 1819
f 632 1757 176
f 270 244 268
f 269 271 268
f 268 271 270
f 268 266 269
f 268 244 248
f 248 244 245
f 244 207 245
f 245 205 177
f 206 205 245
f 245 207 206
f 175 1760 631
f 633 178 634
f 178 180 634
f 1759 633 634
f 1761 1759 634
f 634 180 1761
f 700 668 729
f 729 731 700
f 729 668 711
f 769 710 730
f 710 731 730
f 731 729 730
f 730 729 711
f 754 759 753
f 754 770 759
f 753 738 754
f 738 755 754
f 707 677 756
f 356 363 371
f 322 397 324
f 324 317 322
f 399 319 398
f 399 315 319
f 399 398 664
f 402 401 316
f 315 399 402
f 663 401 402
f 664 663 402
f 402 399 664
f 400 402 316
f 315 402 400
f 345 348 325
f 311 341 310
f 341 314 310
f 406 405 311
f 406 314 401
f 406 401 662
f 662 661 406
f 661 405 406
f 341 354 353
f 353 314 341
f 353 354 356
f 356 355 353
f 152 153 71
f 54 153 152
f 1 327 47
f 47 4 1
f 1 328 327
f 719 328 1
f 4 2 1
f 2 719 1
f 715 726 695
f 695 714 715
f 370 369 379
f 370 362 361
f 361 369 370
f 441 350 557
f 557 350 339
f 557 339 439
f 306 359 442
f 442 368 306
f 360 359 306
f 306 368 360
f 555 537 436
f 436 435 555
f 555 524 523
f 523 537 555
f 439 292 438
f 438 557 439
f 292 294 438
f 438 294 437
f 104 158 105
f 170 101 92
f 100 101 170
f 607 100 170
f 92 1743 170
f 1743 1742 170
f 170 1742 607
f 94 101 102
f 102 101 104
f 156 101 100
f 100 608 156
f 156 608 157
f 156 157 104
f 104 101 156
f 976 58 978
f 978 1013 976
f 978 1014 1013
f 981 1014 978
f 978 166 981
f 980 166 978
f 982 1000 981
f 981 166 982
f 165 56 977
f 976 165 977
f 59 58 55
f 55 56 59
f 59 60 58
f 59 56 172
f 59 163 139
f 59 172 163
f 201 253 232
f 255 253 201
f 201 232 202
f 227 232 199
f 232 253 199
f 199 233 227
f 251 233 199
f 252 253 255
f 276 277 252
f 252 199 253
f 252 277 251
f 251 199 252
f 202 203 221
f 203 250 221
f 254 262 276
f 276 252 254
f 254 252 255
f 287 283 284
f 284 288 287
f 287 275 283
f 276 275 287
f 287 277 276
f 287 288 277
f 123 610 51
f 123 132 610
f 51 108 123
f 108 110 123
f 75 110 73
f 73 140 75
f 141 140 52
f 141 52 974
f 974 1001 141
f 141 75 140
f 1165 1174 1173
f 1174 1295 1173
f 1173 1295 1163
f 1173 1164 1165
f 1173 1163 1086
f 1086 1164 1173
f 1060 1062 1061
f 1061 1062 1324
f 1061 1084 1060
f 1061 1324 1084
f 1245 1256 1267
f 1267 1256 1257
f 1267 1244 1245
f 1267 1265 1244
f 1265 1267 1142
f 1255 1089 1243
f 1088 1089 1255
f 1244 1265 1254
f 1254 1157 1244
f 1115 1116 1272
f 1118 1116 1115
f 1177 1178 1176
f 1176 1170 1177
f 1177 1179 1178
f 1148 1278 1277
f 1082 1188 1187
f 1187 1180 1310
f 1310 1082 1187
f 1187 1188 1189
f 1922 1074 1318
f 1921 1074 1922
f 1922 1920 1921
f 1185 1186 1194
f 1186 1920 1194
f 521 1107 493
f 526 509 508
f 508 527 526
f 526 527 528
f 525 527 508
f 508 507 525
f 507 524 525
f 432 552 433
f 433 594 432
f 647 594 433
f 530 541 531
f 531 512 530
f 499 483 498
f 498 513 499
f 498 512 513
f 511 512 498
f 483 497 498
f 498 497 511
f 515 514 533
f 514 532 533
f 545 425 423
f 423 547 545
f 595 596 429
f 429 431 595
f 596 597 427
f 427 429 596
f 551 429 427
f 425 551 427
f 597 426 427
f 427 426 425
f 489 560 468
f 468 490 489
f 559 560 489
f 489 490 559
f 501 518 486
f 518 490 486
f 486 490 468
f 547 421 548
f 548 549 535
f 535 547 548
f 476 549 548
f 548 420 476
f 548 421 420
f 1326 1328 1314
f 1331 1328 1326
f 1327 1102 1100
f 1327 1328 1102
f 1100 1065 1327
f 1327 1065 1314
f 1314 1328 1327
f 1319 1078 1336
f 1336 1335 1319
f 1319 1335 1317
f 1077 1078 1319
f 1319 1318 1077
f 1319 1317 1318
f 1190 1191 1316
f 1924 1923 1108
f 1108 493 1107
f 1336 1924 1108
f 1108 1335 1336
f 1108 1107 1334
f 1334 1335 1108
f 1332 1106 1337
f 1106 1104 1337
f 1337 1104 1331
f 536 1104 1105
f 1105 520 536
f 1106 521 1105
f 1105 1104 1106
f 1105 504 520
f 521 504 1105
f 1131 1046 1048
f 1121 1046 1131
f 1244 1157 1159
f 1245 1244 1159
f 1243 1089 1090
f 1090 1089 1091
f 1090 1254 1243
f 1157 1254 1090
f 1358 1359 1774
f 1774 1775 1358
f 1774 1359 1261
f 1261 1775 1774
f 1124 1133 1096
f 1547 1126 1125
f 1138 1197 1137
f 1137 1126 1138
f 1197 1196 1137
f 1137 1125 1126
f 1475 1487 1474
f 1448 1200 1457
f 1457 1200 1198
f 1454 1474 1545
f 1487 1486 1545
f 1545 1474 1487
f 1549 1507 1547
f 1547 1486 1549
f 1549 1486 1550
f 1035 1379 1037
f 1037 1379 1263
f 1037 1094 1035
f 1263 1094 1037
f 1207 1221 1225
f 1225 1220 1207
f 818 911 910
f 910 1452 818
f 880 896 897
f 897 910 911
f 896 910 897
f 815 785 814
f 1449 1694 1688
f 794 1701 1449
f 879 878 1693
f 871 855 870
f 870 889 871
f 871 889 903
f 871 872 855
f 930 918 904
f 926 797 737
f 701 738 737
f 924 923 925
f 924 925 909
f 909 895 924
f 895 894 924
f 798 799 928
f 928 923 798
f 928 799 800
f 800 927 928
f 928 927 925
f 925 923 928
f 693 802 806
f 806 809 693
f 808 809 807
f 807 812 808
f 803 802 692
f 692 804 803
f 745 746 744
f 745 747 746
f 744 877 745
f 877 747 745
f 909 741 742
f 742 895 909
f 742 747 895
f 742 743 747
f 742 741 739
f 739 743 742
f 750 746 752
f 752 751 750
f 751 748 750
f 744 746 750
f 750 748 749
f 752 746 761
f 746 743 761
f 762 763 761
f 761 763 752
f 702 755 703
f 782 722 721
f 717 2 3
f 3 6 717
f 6 780 717
f 717 719 2
f 717 780 719
f 821 823 824
f 821 824 969
f 821 970 822
f 969 970 821
f 822 819 821
f 819 863 821
f 899 885 898
f 791 792 655
f 791 937 792
f 791 655 654
f 654 790 791
f 934 790 817
f 849 850 851
f 849 852 831
f 851 852 849
f 830 828 829
f 850 849 829
f 848 850 829
f 829 828 848
f 831 830 829
f 829 849 831
f 884 867 848
f 848 866 884
f 885 867 884
f 884 898 885
f 853 852 851
f 853 869 870
f 853 851 869
f 870 855 853
f 962 852 854
f 833 962 854
f 854 853 855
f 852 853 854
f 834 833 854
f 854 855 834
f 886 900 901
f 901 887 886
f 902 887 901
f 902 901 915
f 933 934 817
f 933 817 788
f 788 816 933
f 816 915 933
f 840 856 857
f 857 873 859
f 859 858 857
f 857 858 840
f 66 68 241
f 68 242 241
f 242 65 241
f 119 605 118
f 119 65 605
f 118 120 119
f 119 241 65
f 119 120 66
f 66 241 119
f 1543 1389 1390
f 1390 1391 1543
f 1543 1476 1475
f 1543 1391 1476
f 1499 1552 1551
f 1551 1498 1499
f 1551 1552 1514
f 1514 1497 1551
f 1551 1497 1490
f 1490 1498 1551
f 1362 1399 1378
f 1378 1397 1362
f 1397 1478 1362
f 1893 1530 1895
f 1893 1895 1930
f 1532 1528 1529
f 1529 1528 1522
f 1522 1524 1529
f 1465 1526 1467
f 1467 1464 1465
f 1467 1527 1464
f 1467 1526 1515
f 1515 1527 1467
f 1384 1385 1401
f 1403 1385 1384
f 1387 1385 1404
f 1404 1539 1387
f 1560 1565 1559
f 1566 1568 1559
f 1559 1565 1566
f 1566 1577 1568
f 1402 1384 1401
f 1403 1384 1402
f 1373 1393 1372
f 1393 1394 1372
f 1372 1395 1373
f 1372 1394 1395
f 1392 1393 1387
f 1387 1539 1392
f 1971 1972 1433
f 1972 1432 1433
f 1366 1418 1417
f 1689 1909 1910
f 1689 1701 1909
f 1689 1449 1701
f 1694 1449 1689
f 1502 1492 1503
f 1503 1504 1502
f 1482 1503 1492
f 1483 1503 1482
f 1482 1500 1481
f 1492 1500 1482
f 1867 1766 1818
f 1818 1766 1767
f 1767 1868 1818
f 1845 1847 1848
f 1848 1865 1845
f 1846 1847 1845
f 1845 1868 1846
f 1867 1818 1845
f 1845 1818 1868
f 1834 1782 1866
f 1866 1864 1834
f 1866 1865 1864
f 1866 1782 1867
f 1867 1845 1866
f 1866 1845 1865
f 1703 1704 1629
f 1723 1704 1703
f 1722 1723 1703
f 1723 1706 1705
f 1583 1582 1581
f 1707 1706 1723
f 1724 1713 1899
f 1710 1711 1572
f 1710 1709 1724
f 1724 1711 1710
f 1573 1717 1898
f 1573 1714 1715
f 1559 1568 1567
f 572 571 620
f 453 571 572
f 191 193 189
f 189 190 191
f 997 193 191
f 191 190 997
f 995 190 211
f 195 212 995
f 995 211 195
f 995 212 998
f 998 190 995
f 624 561 411
f 411 188 624
f 228 174 175
f 229 174 228
f 175 631 228
f 208 209 192
f 192 188 208
f 189 193 192
f 192 209 189
f 210 209 627
f 627 1764 1773
f 627 209 1764
f 182 223 619
f 223 183 619
f 619 181 182
f 619 183 641
f 619 1766 181
f 641 1768 619
f 1768 1766 619
f 1769 1767 187
f 1767 1779 187
f 226 225 230
f 226 231 232
f 230 231 226
f 198 225 226
f 227 198 226
f 226 232 227
f 991 198 989
f 991 225 198
f 989 990 991
f 990 225 991
f 516 485 500
f 500 515 516
f 177 205 636
f 205 176 636
f 636 176 1819
f 1747 177 636
f 636 1746 1747
f 636 1819 1746
f 214 633 213
f 633 176 213
f 213 205 214
f 213 176 205
f 639 268 248
f 266 268 639
f 1748 266 639
f 639 1749 1748
f 639 1824 1749
f 639 1776 1824
f 639 248 1776
f 246 245 177
f 248 245 246
f 637 248 246
f 246 1776 637
f 1824 1776 246
f 246 177 635
f 246 635 1747
f 1747 1824 246
f 629 178 219
f 219 229 629
f 1761 630 629
f 229 228 629
f 629 228 631
f 629 1760 1761
f 629 631 1760
f 709 710 757
f 710 770 757
f 317 324 318
f 398 319 318
f 318 397 398
f 318 324 397
f 364 355 356
f 356 371 364
f 40 45 331
f 325 320 323
f 323 345 325
f 323 320 321
f 317 345 323
f 323 321 322
f 322 317 323
f 348 345 358
f 358 366 348
f 365 367 358
f 367 366 358
f 375 383 376
f 407 310 314
f 314 406 407
f 316 314 342
f 314 353 342
f 342 400 316
f 315 400 342
f 342 353 355
f 380 335 39
f 380 370 379
f 334 38 36
f 379 334 36
f 36 380 379
f 335 380 36
f 36 37 35
f 36 38 37
f 35 39 333
f 39 335 333
f 151 150 172
f 128 150 151
f 54 152 164
f 164 165 54
f 164 56 165
f 172 56 164
f 164 151 172
f 152 151 164
f 437 537 556
f 556 438 437
f 441 557 556
f 557 438 556
f 114 115 136
f 114 136 113
f 137 116 135
f 136 115 137
f 137 135 134
f 134 136 137
f 107 162 171
f 162 150 171
f 98 99 97
f 97 95 98
f 87 95 97
f 158 160 159
f 159 105 158
f 159 161 107
f 159 160 161
f 96 95 94
f 94 102 96
f 98 95 96
f 105 159 103
f 98 96 103
f 103 96 102
f 104 105 103
f 103 102 104
f 103 99 98
f 980 978 979
f 979 978 58
f 979 60 980
f 58 60 979
f 980 60 50
f 143 114 125
f 115 114 143
f 116 137 145
f 145 137 115
f 115 143 145
f 57 55 976
f 976 977 57
f 57 56 55
f 57 977 56
f 262 254 263
f 263 265 262
f 250 265 263
f 273 262 274
f 262 265 274
f 274 272 273
f 274 261 272
f 249 265 250
f 249 203 215
f 249 250 203
f 113 132 124
f 132 123 124
f 124 114 113
f 125 114 124
f 124 123 110
f 975 1001 1000
f 975 141 1001
f 1128 1129 1266
f 1129 1142 1266
f 1266 1141 1128
f 1266 1142 1267
f 1266 1267 1257
f 1143 1129 1130
f 1143 1142 1129
f 1265 1142 1143
f 1264 1254 1265
f 1265 1143 1264
f 1264 1143 1255
f 1264 1255 1243
f 1243 1254 1264
f 1113 1119 1112
f 1119 1111 1112
f 1272 1148 1274
f 1117 1111 1119
f 1115 1111 1117
f 1117 1119 1118
f 1118 1115 1117
f 1172 1291 1292
f 1179 1177 1172
f 1172 1292 1293
f 1293 1179 1172
f 1171 1177 1170
f 1170 1169 1171
f 1281 1164 1087
f 1087 1099 1281
f 1166 1164 1281
f 1281 1282 1166
f 1286 1169 1284
f 1279 1278 1280
f 1279 1277 1278
f 1280 1342 1279
f 1342 1341 1279
f 1340 1338 1916
f 1338 1917 1916
f 1181 1183 1192
f 1192 1183 1185
f 1190 1181 1192
f 1192 1191 1190
f 1185 1193 1192
f 1192 1193 1191
f 1184 1186 1185
f 1185 1183 1184
f 1304 1186 1184
f 1184 1183 1304
f 1182 1183 1181
f 1181 1188 1182
f 1308 1183 1182
f 1301 1308 1182
f 1304 1183 1303
f 1303 1183 1308
f 1297 1304 1303
f 1303 1302 1297
f 1303 1308 1302
f 1315 1187 1189
f 1180 1187 1315
f 1189 1326 1315
f 1313 1922 1318
f 1318 1317 1313
f 1313 1193 1185
f 1185 1194 1313
f 1920 1922 1313
f 1313 1194 1920
f 475 1923 474
f 474 493 475
f 475 1108 1923
f 493 1108 475
f 492 504 521
f 521 493 492
f 491 504 492
f 492 474 472
f 492 493 474
f 492 472 471
f 471 491 492
f 509 526 510
f 482 481 510
f 481 509 510
f 510 511 482
f 529 526 528
f 529 512 511
f 511 510 529
f 529 510 526
f 528 530 529
f 529 530 512
f 435 299 300
f 300 434 435
f 300 299 298
f 298 302 300
f 302 434 300
f 528 527 553
f 527 525 539
f 539 553 527
f 303 301 647
f 647 433 303
f 302 301 303
f 303 433 552
f 541 530 540
f 432 541 540
f 540 552 432
f 540 553 552
f 540 530 528
f 528 553 540
f 515 533 544
f 550 551 425
f 425 545 550
f 545 544 550
f 550 544 533
f 546 535 517
f 546 544 545
f 546 547 535
f 546 545 547
f 563 564 467
f 564 487 467
f 1333 1313 1317
f 1193 1313 1333
f 1191 1193 1333
f 1333 1316 1191
f 1333 1335 1334
f 1317 1335 1333
f 1333 1334 1332
f 1332 1316 1333
f 1330 1316 1332
f 1332 1337 1330
f 1190 1316 1330
f 1144 1118 1120
f 1130 1118 1144
f 1120 1121 1144
f 1121 1131 1144
f 1144 1143 1130
f 1093 1094 1092
f 1092 1152 1153
f 1092 1091 1093
f 1092 1090 1091
f 1092 1153 1157
f 1157 1090 1092
f 1160 1159 1154
f 1160 1161 1246
f 1154 1161 1160
f 1245 1159 1160
f 1246 1256 1160
f 1160 1256 1245
f 1157 1153 1158
f 1158 1159 1157
f 1154 1159 1158
f 1153 1152 1158
f 1547 1125 1546
f 1546 1486 1547
f 1546 1545 1486
f 1546 1455 1454
f 1454 1545 1546
f 1125 1137 1136
f 1135 1133 1136
f 1133 1124 1136
f 1136 1196 1135
f 1136 1137 1196
f 1548 1550 1508
f 1548 1549 1550
f 1507 1549 1548
f 1215 1019 1021
f 1215 1021 1132
f 1238 1233 1156
f 1237 1161 1156
f 1156 1161 1154
f 1227 1236 1235
f 1236 1249 1235
f 1249 1237 1235
f 1237 1156 1235
f 1235 1156 1233
f 1232 1233 1238
f 1232 1235 1233
f 1232 1225 1221
f 1221 1226 1232
f 1219 1216 1206
f 1206 1220 1219
f 1220 1225 1219
f 930 814 813
f 811 812 813
f 813 918 930
f 812 807 813
f 813 807 918
f 794 1449 862
f 862 878 863
f 862 819 794
f 862 863 819
f 1451 896 879
f 879 1693 1451
f 1688 1692 1450
f 1692 1693 1450
f 1450 1449 1688
f 1450 1693 878
f 878 862 1450
f 1450 862 1449
f 735 737 797
f 735 796 734
f 735 797 796
f 734 701 735
f 701 737 735
f 740 741 926
f 926 737 740
f 740 738 741
f 740 737 738
f 922 894 893
f 922 924 894
f 923 924 922
f 922 921 923
f 744 750 861
f 861 750 749
f 861 860 744
f 861 749 860
f 753 760 758
f 758 761 743
f 758 760 762
f 762 761 758
f 739 753 758
f 758 743 739
f 736 738 701
f 736 755 738
f 736 703 755
f 679 705 704
f 704 705 755
f 704 755 702
f 704 680 679
f 704 702 680
f 679 707 706
f 706 705 679
f 769 777 768
f 767 759 768
f 768 770 769
f 759 770 768
f 778 773 767
f 767 768 778
f 778 768 777
f 777 782 778
f 774 777 769
f 769 730 774
f 781 782 721
f 721 720 781
f 720 780 781
f 781 780 773
f 773 778 781
f 781 778 782
f 823 821 847
f 847 821 863
f 847 863 864
f 864 881 847
f 937 791 936
f 936 791 790
f 790 934 936
f 935 900 899
f 935 936 934
f 898 884 882
f 882 884 866
f 890 856 872
f 890 871 903
f 872 871 890
f 893 875 907
f 875 873 907
f 1389 1543 1544
f 1544 1474 1454
f 1475 1474 1544
f 1544 1543 1475
f 1454 1388 1544
f 1388 1389 1544
f 1542 1477 1399
f 1399 1362 1542
f 1542 1478 1477
f 1542 1362 1478
f 1535 1524 1523
f 1535 1529 1524
f 1894 1893 1930
f 1930 1896 1894
f 1894 1896 1532
f 1532 1529 1894
f 1563 1385 1403
f 1563 1404 1385
f 1577 1566 1575
f 1575 1566 1565
f 1403 1402 1564
f 1565 1560 1564
f 1400 1402 1401
f 1574 1564 1400
f 1400 1564 1402
f 1602 1594 1603
f 1405 1406 1574
f 1405 1400 1401
f 1574 1400 1405
f 1540 1394 1393
f 1393 1392 1540
f 1540 1392 1539
f 1523 1504 1505
f 1504 1503 1505
f 1505 1503 1494
f 1485 1484 1394
f 1394 1540 1485
f 1483 1484 1485
f 1971 1433 1434
f 1434 1433 1445
f 1437 1438 1729
f 1437 1729 1971
f 1971 1436 1437
f 1908 1910 1440
f 1908 1689 1910
f 1612 1602 1603
f 1418 1366 1371
f 1423 1421 1371
f 1368 1380 1367
f 1541 1484 1483
f 1483 1482 1541
f 1395 1484 1541
f 1373 1395 1541
f 1541 1396 1373
f 1479 1396 1541
f 1541 1481 1479
f 1541 1482 1481
f 1702 1429 1722
f 1722 1703 1702
f 1902 1704 1723
f 1723 1705 1902
f 1569 1582 1571
f 1568 1577 1569
f 1569 1567 1568
f 1556 1567 1569
f 1571 1555 1569
f 1569 1555 1556
f 1577 1581 1579
f 1579 1581 1582
f 1579 1569 1577
f 1582 1569 1579
f 1591 1581 1592
f 1583 1581 1591
f 1903 1705 1706
f 1706 1707 1903
f 1903 1707 1598
f 1587 1589 1709
f 1587 1710 1572
f 1709 1710 1587
f 1598 1707 1900
f 1900 1589 1598
f 1900 1707 1723
f 1712 1711 1724
f 1724 1899 1712
f 1572 1711 1712
f 1712 1899 1572
f 1898 1717 1718
f 1718 1719 1898
f 1718 1717 1724
f 1724 1719 1718
f 1716 1573 1715
f 1717 1573 1716
f 1716 1715 1724
f 1724 1717 1716
f 1713 1714 1897
f 1714 1573 1897
f 1897 1899 1713
f 1572 1899 1897
f 1570 1573 1898
f 1570 1898 1553
f 1570 1555 1571
f 573 574 453
f 453 572 573
f 573 620 574
f 573 572 620
f 561 624 625
f 563 561 625
f 621 412 625
f 625 412 563
f 625 997 621
f 625 193 997
f 996 624 188
f 996 192 193
f 188 192 996
f 193 625 996
f 996 625 624
f 626 628 184
f 184 210 626
f 210 627 626
f 626 1763 628
f 626 627 1773
f 1773 1764 626
f 1764 1763 626
f 222 183 186
f 186 187 222
f 1768 183 222
f 222 187 1779
f 1767 1768 222
f 222 1779 1767
f 1769 187 185
f 185 1783 1769
f 184 1783 185
f 185 187 186
f 185 216 184
f 185 186 216
f 501 486 502
f 502 516 501
f 486 467 502
f 502 467 487
f 502 487 466
f 502 466 485
f 485 516 502
f 179 180 178
f 178 629 179
f 630 180 179
f 179 629 630
f 709 757 708
f 708 757 756
f 708 756 677
f 708 676 709
f 708 677 676
f 756 757 732
f 707 756 732
f 770 754 732
f 732 757 770
f 732 706 707
f 705 706 732
f 732 754 755
f 755 705 732
f 343 318 319
f 355 318 343
f 319 315 343
f 315 342 343
f 343 342 355
f 355 364 344
f 317 318 344
f 344 318 355
f 344 345 317
f 41 39 40
f 40 331 41
f 46 331 45
f 365 358 357
f 357 358 345
f 345 344 357
f 357 344 364
f 311 310 309
f 310 407 309
f 309 406 311
f 309 407 406
f 39 41 332
f 332 41 331
f 331 46 332
f 374 371 363
f 374 375 371
f 34 36 35
f 35 333 34
f 335 36 34
f 34 333 335
f 149 130 128
f 128 151 149
f 149 151 152
f 441 556 522
f 505 442 522
f 442 441 522
f 522 523 505
f 522 537 523
f 522 556 537
f 122 127 90
f 90 150 128
f 90 171 150
f 128 129 90
f 90 129 122
f 147 88 87
f 87 97 147
f 99 103 106
f 106 103 159
f 106 159 107
f 107 171 106
f 106 171 99
f 167 166 980
f 980 50 167
f 50 145 167
f 117 50 60
f 117 59 139
f 60 59 117
f 139 138 117
f 138 116 117
f 116 145 117
f 117 145 50
f 144 145 143
f 1000 982 144
f 144 143 1000
f 144 982 166
f 166 167 144
f 144 167 145
f 204 263 254
f 204 221 250
f 250 263 204
f 202 221 204
f 215 173 264
f 264 249 215
f 247 261 264
f 264 173 247
f 265 249 264
f 261 274 264
f 264 274 265
f 125 124 111
f 110 75 111
f 111 124 110
f 1000 143 142
f 142 975 1000
f 1141 1266 1268
f 1268 1270 1141
f 1268 1140 1270
f 1257 1140 1268
f 1268 1266 1257
f 1148 1277 1276
f 1917 1291 1289
f 1289 1916 1917
f 1291 1172 1289
f 1289 1172 1177
f 1177 1171 1289
f 1167 1284 1169
f 1168 1166 1167
f 1166 1282 1167
f 1282 1284 1167
f 1167 1170 1168
f 1167 1169 1170
f 1287 1341 1340
f 1287 1279 1341
f 1277 1279 1287
f 1340 1916 1287
f 1309 1188 1082
f 1309 1182 1188
f 1301 1182 1309
f 1309 1300 1301
f 1309 1082 1300
f 1081 1325 1180
f 1180 1315 1081
f 1081 1053 1052
f 1052 1325 1081
f 1314 1053 1081
f 1081 1326 1314
f 1081 1315 1326
f 554 434 302
f 552 553 554
f 554 539 434
f 553 539 554
f 302 303 554
f 554 303 552
f 538 539 525
f 538 555 435
f 435 434 538
f 434 539 538
f 524 555 538
f 538 525 524
f 515 544 534
f 534 516 515
f 501 516 534
f 517 501 534
f 534 546 517
f 544 546 534
f 543 550 533
f 551 550 543
f 543 532 542
f 543 533 532
f 562 561 563
f 563 467 562
f 468 561 562
f 1329 1337 1331
f 1329 1330 1337
f 1331 1326 1329
f 1329 1326 1189
f 1329 1189 1190
f 1190 1330 1329
f 1143 1144 1145
f 1255 1143 1145
f 1088 1255 1145
f 1241 1092 1094
f 1152 1092 1241
f 1241 1094 1263
f 1028 1455 1110
f 1455 1546 1110
f 1110 1096 1028
f 1447 1509 1460
f 1508 1509 1447
f 1447 1548 1508
f 1507 1548 1447
f 1019 1215 1095
f 1095 1215 1228
f 1263 1019 1095
f 1095 1228 1263
f 1238 1156 1155
f 1155 1156 1154
f 1227 1235 1234
f 1235 1232 1234
f 1234 1232 1226
f 1234 1223 1227
f 1234 1226 1223
f 1216 1219 1218
f 1205 1216 1218
f 811 813 810
f 810 813 814
f 810 651 811
f 810 785 651
f 810 814 785
f 888 916 889
f 870 869 888
f 888 889 870
f 869 887 888
f 888 887 902
f 902 916 888
f 889 916 917
f 930 904 917
f 903 889 917
f 917 904 903
f 931 814 930
f 930 917 931
f 931 917 916
f 815 814 931
f 1690 1451 1684
f 1446 1452 1690
f 1690 1684 1446
f 1452 910 1690
f 1690 910 896
f 896 1451 1690
f 1691 1693 1692
f 1691 1451 1693
f 1684 1451 1691
f 733 736 701
f 703 736 733
f 701 702 733
f 702 703 733
f 728 730 711
f 728 774 730
f 726 715 776
f 776 715 714
f 779 782 777
f 777 774 779
f 779 723 722
f 722 782 779
f 913 897 911
f 899 898 913
f 934 933 914
f 914 935 934
f 900 935 914
f 914 933 915
f 914 901 900
f 914 915 901
f 865 882 866
f 825 823 865
f 865 866 825
f 823 847 865
f 865 847 881
f 881 882 865
f 906 907 873
f 919 907 906
f 919 906 905
f 905 904 918
f 802 803 801
f 801 803 804
f 801 804 798
f 798 921 801
f 921 920 801
f 908 907 919
f 908 920 921
f 919 920 908
f 921 922 908
f 908 922 893
f 893 907 908
f 1530 1893 1531
f 1529 1535 1531
f 1893 1894 1531
f 1531 1894 1529
f 1556 1555 1534
f 1555 1570 1534
f 1534 1531 1535
f 1562 1563 1403
f 1403 1564 1562
f 1562 1564 1560
f 1404 1563 1562
f 1539 1404 1562
f 1562 1560 1539
f 1383 1381 1382
f 1383 1405 1401
f 1383 1382 1407
f 1406 1405 1383
f 1412 1620 1409
f 1408 1381 1614
f 1382 1381 1408
f 1407 1382 1408
f 1408 1595 1407
f 1483 1485 1493
f 1493 1503 1483
f 1494 1503 1493
f 1435 1436 1971
f 1971 1434 1435
f 1436 1435 1667
f 1439 1908 1440
f 1440 1729 1439
f 1729 1438 1439
f 1689 1908 1700
f 1613 1612 1603
f 1612 1613 1619
f 1602 1612 1611
f 1612 1619 1611
f 1611 1619 1618
f 1590 1903 1598
f 1607 1903 1590
f 1598 1589 1590
f 1606 1903 1607
f 1606 1902 1705
f 1705 1903 1606
f 1589 1587 1588
f 1588 1590 1589
f 1588 1582 1583
f 1583 1591 1588
f 1591 1590 1588
f 1588 1587 1572
f 1709 1589 1708
f 1589 1900 1708
f 1724 1709 1708
f 1708 1723 1724
f 1708 1900 1723
f 1724 1898 1890
f 1898 1780 1890
f 1890 1719 1724
f 1898 1719 1720
f 1719 1890 1720
f 1572 1897 1586
f 1586 1588 1572
f 1582 1588 1586
f 44 43 42
f 44 45 43
f 44 46 45
f 371 375 373
f 373 364 371
f 373 357 364
f 365 357 373
f 373 376 365
f 373 375 376
f 372 374 363
f 370 380 372
f 363 362 372
f 362 370 372
f 381 380 39
f 39 332 381
f 381 372 380
f 374 372 381
f 381 332 46
f 236 130 237
f 130 149 237
f 237 235 236
f 148 147 97
f 148 97 99
f 99 171 148
f 171 90 148
f 200 254 255
f 200 204 254
f 255 201 200
f 200 201 202
f 202 204 200
f 975 142 112
f 112 143 125
f 112 142 143
f 125 111 112
f 112 111 75
f 75 141 112
f 141 975 112
f 1275 1274 1148
f 1148 1276 1275
f 1286 1284 1275
f 1290 1276 1277
f 1277 1287 1290
f 1290 1287 1916
f 1916 1289 1290
f 1322 1281 1099
f 1282 1281 1322
f 1322 1283 1282
f 1322 1099 1113
f 1113 1112 1322
f 1322 1112 1111
f 1111 1283 1322
f 428 429 551
f 551 543 428
f 431 429 428
f 430 431 428
f 542 430 428
f 428 543 542
f 488 486 468
f 468 562 488
f 488 467 486
f 488 562 467
f 1146 1144 1131
f 1146 1145 1144
f 1146 1131 1048
f 1146 1048 1088
f 1088 1145 1146
f 1242 1240 1152
f 1152 1241 1242
f 1242 1241 1263
f 1263 1228 1242
f 1228 1240 1242
f 1097 1546 1125
f 1097 1110 1546
f 1097 1136 1124
f 1125 1136 1097
f 1097 1124 1096
f 1096 1110 1097
f 1525 1460 1456
f 1525 1447 1460
f 1457 1447 1525
f 1456 1448 1525
f 1448 1457 1525
f 1507 1447 1149
f 1149 1447 1457
f 1198 1507 1149
f 1149 1457 1198
f 1239 1158 1152
f 1152 1240 1239
f 1154 1158 1239
f 1239 1155 1154
f 1238 1155 1239
f 1229 1240 1228
f 1229 1224 1240
f 1228 1218 1229
f 1219 1224 1229
f 1229 1218 1219
f 1230 1224 1238
f 1240 1224 1230
f 1238 1239 1230
f 1230 1239 1240
f 1231 1219 1225
f 1231 1224 1219
f 1225 1232 1231
f 1231 1232 1238
f 1238 1224 1231
f 1228 1215 1217
f 1217 1218 1228
f 1205 1218 1217
f 1132 1205 1217
f 1217 1215 1132
f 815 931 932
f 902 915 932
f 932 916 902
f 932 931 916
f 932 816 815
f 932 915 816
f 727 728 711
f 727 668 697
f 711 668 727
f 726 776 775
f 774 728 775
f 775 696 695
f 695 726 775
f 783 779 774
f 774 775 783
f 783 775 776
f 783 714 724
f 783 776 714
f 724 723 783
f 723 779 783
f 883 881 880
f 880 897 883
f 897 913 883
f 883 913 898
f 883 882 881
f 898 882 883
f 912 913 911
f 911 937 912
f 937 936 912
f 936 935 912
f 912 935 899
f 899 913 912
f 892 906 873
f 873 857 892
f 892 857 856
f 856 890 892
f 929 920 919
f 919 905 929
f 929 905 918
f 918 807 929
f 891 905 906
f 891 892 890
f 906 892 891
f 891 890 903
f 903 904 891
f 904 905 891
f 1537 1560 1559
f 1556 1534 1557
f 1553 1530 1554
f 1554 1570 1553
f 1554 1534 1570
f 1530 1531 1554
f 1531 1534 1554
f 1584 1575 1565
f 1584 1564 1574
f 1565 1564 1584
f 1575 1584 1578
f 1578 1584 1576
f 1578 1576 1594
f 1574 1406 1596
f 1594 1576 1596
f 1596 1595 1594
f 1596 1584 1574
f 1576 1584 1596
f 1599 1591 1592
f 1592 1610 1599
f 1607 1590 1599
f 1599 1590 1591
f 1599 1610 1609
f 1614 1381 1411
f 1381 1409 1411
f 1411 1620 1614
f 1411 1409 1620
f 1410 1409 1381
f 1412 1409 1410
f 1595 1408 1604
f 1603 1594 1604
f 1594 1595 1604
f 1604 1408 1614
f 1614 1613 1604
f 1604 1613 1603
f 1494 1493 1495
f 1495 1505 1494
f 1495 1506 1505
f 1666 1437 1436
f 1436 1667 1666
f 1444 1434 1445
f 1444 1435 1434
f 1444 1667 1435
f 1688 1694 1699
f 1694 1689 1699
f 1689 1700 1699
f 1622 1619 1613
f 1614 1620 1622
f 1622 1613 1614
f 1602 1611 1600
f 1600 1610 1592
f 1609 1610 1600
f 1600 1611 1609
f 1415 1367 1366
f 1652 1651 1633
f 1652 1658 1651
f 1367 1415 1414
f 1414 1415 1631
f 1422 1421 1423
f 1422 1675 1421
f 1615 1606 1607
f 1607 1599 1615
f 1721 1780 1898
f 1898 1720 1721
f 1721 1890 1780
f 1721 1720 1890
f 1585 1586 1897
f 1585 1897 1573
f 1571 1582 1585
f 1582 1586 1585
f 1585 1570 1571
f 1573 1570 1585
f 382 381 46
f 375 374 382
f 374 381 382
f 22 383 382
f 383 375 382
f 71 235 72
f 235 237 72
f 72 152 71
f 72 149 152
f 72 237 149
f 89 90 127
f 89 148 90
f 147 148 89
f 127 88 89
f 88 147 89
f 1274 1275 1285
f 1285 1283 1111
f 1285 1275 1284
f 1285 1284 1282
f 1282 1283 1285
f 1276 1290 1288
f 1286 1275 1288
f 1288 1275 1276
f 1288 1169 1286
f 1288 1171 1169
f 1288 1289 1171
f 1288 1290 1289
f 697 696 712
f 712 727 697
f 696 775 712
f 728 727 712
f 712 775 728
f 805 806 802
f 920 929 805
f 809 806 805
f 802 801 805
f 805 801 920
f 805 807 809
f 805 929 807
f 1539 1560 1561
f 1560 1537 1561
f 1537 1495 1561
f 1559 1567 1558
f 1558 1537 1559
f 1558 1567 1556
f 1556 1557 1558
f 1506 1495 1558
f 1558 1495 1537
f 1536 1535 1523
f 1536 1534 1535
f 1536 1557 1534
f 1506 1558 1536
f 1536 1558 1557
f 1523 1505 1536
f 1505 1506 1536
f 1577 1575 1580
f 1575 1578 1580
f 1580 1581 1577
f 1592 1581 1580
f 1406 1383 1597
f 1597 1596 1406
f 1597 1383 1407
f 1407 1595 1597
f 1595 1596 1597
f 1538 1495 1493
f 1538 1485 1540
f 1538 1493 1485
f 1538 1561 1495
f 1538 1540 1539
f 1539 1561 1538
f 1438 1437 1682
f 1437 1666 1682
f 1662 1655 1656
f 1688 1699 1687
f 1618 1619 1624
f 1645 1647 1655
f 1632 1652 1633
f 1631 1652 1632
f 1416 1415 1366
f 1631 1415 1416
f 1672 1664 1665
f 1665 1660 1417
f 1664 1660 1665
f 1417 1418 1665
f 1421 1675 1674
f 1674 1371 1421
f 1674 1420 1371
f 1423 1424 1683
f 1683 1422 1423
f 1675 1422 1683
f 1424 1446 1683
f 1446 1684 1683
f 1629 1615 1626
f 1626 1615 1616
f 1629 1704 1605
f 1605 1615 1629
f 1606 1615 1605
f 1704 1902 1605
f 1902 1606 1605
f 1616 1615 1608
f 1608 1599 1609
f 1608 1615 1599
f 46 44 330
f 330 382 46
f 330 44 42
f 42 22 330
f 22 382 330
f 1273 1285 1111
f 1274 1285 1273
f 1273 1111 1115
f 1273 1115 1272
f 1272 1274 1273
f 1592 1580 1601
f 1601 1600 1592
f 1601 1580 1578
f 1907 1700 1908
f 1908 1439 1907
f 1907 1439 1438
f 1438 1682 1907
f 1618 1624 1617
f 1609 1611 1617
f 1617 1611 1618
f 1617 1608 1609
f 1616 1608 1617
f 1623 1624 1619
f 1636 1624 1634
f 1651 1658 1650
f 1658 1657 1650
f 1650 1657 1656
f 1633 1651 1650
f 1650 1635 1633
f 1671 1662 1656
f 1656 1657 1671
f 1671 1657 1658
f 1659 1660 1664
f 1658 1652 1659
f 1652 1660 1659
f 1654 1645 1655
f 1654 1444 1445
f 1445 1433 1644
f 1644 1654 1445
f 1645 1654 1644
f 1644 1433 1432
f 1647 1645 1638
f 1653 1366 1417
f 1653 1416 1366
f 1417 1660 1653
f 1653 1660 1652
f 1653 1652 1631
f 1631 1416 1653
f 1371 1420 1419
f 1420 1665 1419
f 1418 1371 1419
f 1419 1665 1418
f 1420 1674 1673
f 1672 1665 1673
f 1673 1665 1420
f 1673 1675 1672
f 1673 1674 1675
f 1628 1626 1616
f 1629 1626 1628
f 1594 1602 1593
f 1593 1578 1594
f 1593 1601 1578
f 1602 1600 1593
f 1600 1601 1593
f 1680 1666 1667
f 1662 1668 1669
f 1655 1662 1669
f 1640 1622 1620
f 1619 1622 1640
f 1640 1623 1619
f 1635 1650 1648
f 1647 1638 1648
f 1648 1650 1656
f 1656 1655 1648
f 1655 1647 1648
f 1663 1671 1658
f 1663 1659 1664
f 1658 1659 1663
f 1906 1432 1431
f 1906 1644 1432
f 1645 1644 1906
f 1675 1683 1696
f 1696 1683 1684
f 1684 1691 1696
f 1691 1685 1696
f 1625 1628 1616
f 1901 1703 1629
f 1629 1628 1901
f 1901 1702 1703
f 1667 1444 1661
f 1661 1680 1667
f 1444 1654 1661
f 1668 1680 1661
f 1661 1669 1668
f 1661 1654 1655
f 1655 1669 1661
f 1687 1698 1686
f 1686 1698 1685
f 1686 1692 1688
f 1688 1687 1686
f 1686 1691 1692
f 1686 1685 1691
f 1685 1698 1697
f 1621 1620 1412
f 1621 1640 1620
f 1621 1410 1380
f 1412 1410 1621
f 1623 1640 1642
f 1634 1624 1642
f 1624 1623 1642
f 1642 1632 1633
f 1633 1635 1642
f 1642 1635 1634
f 1635 1648 1649
f 1649 1648 1638
f 1634 1635 1649
f 1649 1636 1634
f 1905 1906 1431
f 1905 1431 1430
f 1646 1638 1645
f 1645 1906 1646
f 1906 1905 1646
f 1643 1617 1624
f 1624 1636 1643
f 1616 1617 1643
f 1643 1625 1616
f 1429 1702 1904
f 1702 1901 1904
f 1904 1901 1628
f 1695 1696 1685
f 1685 1697 1695
f 1675 1696 1695
f 1672 1675 1695
f 1695 1697 1672
f 1677 1670 1698
f 1677 1668 1662
f 1662 1671 1677
f 1671 1670 1677
f 1676 1697 1698
f 1698 1670 1676
f 1672 1697 1676
f 1676 1664 1672
f 1676 1663 1664
f 1671 1663 1676
f 1676 1670 1671
f 1681 1682 1666
f 1666 1680 1681
f 1681 1907 1682
f 1681 1680 1668
f 1668 1679 1681
f 1700 1907 1681
f 1681 1699 1700
f 1681 1679 1699
f 1413 1380 1368
f 1413 1621 1380
f 1430 1429 1627
f 1429 1904 1627
f 1627 1905 1430
f 1678 1677 1698
f 1678 1698 1687
f 1678 1679 1668
f 1668 1677 1678
f 1678 1687 1699
f 1699 1679 1678
f 1368 1367 1630
f 1630 1413 1368
f 1367 1414 1630
f 1630 1414 1631
f 1631 1632 1630
f 1640 1621 1630
f 1621 1413 1630
f 1639 1646 1905
f 1905 1627 1639
f 1639 1904 1628
f 1639 1627 1904
f 1632 1642 1641
f 1641 1630 1632
f 1641 1642 1640
f 1640 1630 1641
f 1638 1646 1637
f 1646 1639 1637
f 1636 1649 1637
f 1637 1649 1638
f 1637 1643 1636
f 1625 1643 1637
f 1628 1625 1637
f 1637 1639 1628
f 1801 1854 1852
f 1852 1803 1801
f 656 657 1069
f 1069 649 656
f 1827 1828 1836
f 1827 1836 1837
f 670 671 1069
f 664 665 670
f 670 663 664
f 1069 662 670
f 662 663 670
f 670 665 666
f 660 662 1069
f 1069 657 660
f 660 661 662
f 660 657 658
f 1376 1373 1360
f 1360 1022 1376
f 1360 1399 1390
f 1373 1378 1360
f 1378 1399 1360
f 1375 1029 1360
f 1360 1390 1375
f 1360 1029 1027
f 688 1427 682
f 682 685 688
f 689 1427 688
f 688 685 686
f 682 1427 681
f 1427 669 681
f 681 669 678
f 678 680 681
f 694 1427 1069
f 1069 671 694
f 694 669 1427
f 667 1363 694
f 671 672 694
f 694 672 673
f 673 675 694
f 694 1363 669
f 1385 1373 1376
f 1385 1386 1047
f 1385 1041 1038
f 1385 1038 1401
f 1385 1035 1032
f 1032 1386 1385
f 1376 1035 1385
f 1047 1044 1385
f 1044 1041 1385
f 1385 1393 1373
f 1069 1427 1367
f 1367 1066 1069
f 1367 1380 1066
f 1367 1427 1364
f 1367 1364 1423
f 1423 1371 1367
f 1367 1371 1366
f 1401 1038 1410
f 1038 1369 1410
f 1410 1062 1370
f 1410 1370 1056
f 1052 1066 1410
f 1066 1380 1410
f 1056 1052 1410
f 1369 1062 1410
f 1410 1383 1401
f 1381 1383 1410

